"id","category","difficulty","prompt","correct_answer","original_answer_a","original_answer_b","original_answer_c","original_answer_d","proposed_answer_a","proposed_answer_b","proposed_answer_c","proposed_answer_d","changed_distractor_count","original_answer_lengths","proposed_answer_lengths","original_correct_length_rank","proposed_correct_length_rank","tier_original_pick_longest_rate","tier_proposed_pick_longest_rate","tier_largest_remaining_length_rank_signal","scope_rule","review_status","review_note"
"animals-hard-1","Animals","Hard","Which animal is famous for reversing from its adult medusa stage to a juvenile polyp stage?","Turritopsis dohrnii, a jellyfish","Turritopsis dohrnii, a jellyfish","The Greenland shark","The bowhead whale","The giant tortoise","Turritopsis dohrnii, a jellyfish","The Greenland shark","Balaena mysticetus, the bowhead whale","The giant tortoise","1","32/19/17/18","32/19/37/18","4 (longest)","3 of 4 (shortest to longest)","73.8%","28.7%","28.7%","Tier exceeded 40% pick-longest accuracy; highest-gap rows selected first.","Proposed only — not applied to question source","Keyed answer unchanged. One to three distractors were expanded so correct-answer length ranks balance across the tier; human content approval required."
"animals-hard-10","Animals","Hard","What is 'brood parasitism'?","Laying eggs in another species' nest","Laying eggs in another species' nest","Eating one's own young","Parasites living on nestlings","Sharing a nest cooperatively","Laying eggs in another species' nest","Eating one's own young","Living as a parasite on newly hatched nestlings","Sharing a nest cooperatively","1","36/22/29/28","36/22/47/28","4 (longest)","3 of 4 (shortest to longest)","73.8%","28.7%","28.7%","Tier exceeded 40% pick-longest accuracy; highest-gap rows selected first.","Proposed only — not applied to question source","Keyed answer unchanged. One to three distractors were expanded so correct-answer length ranks balance across the tier; human content approval required."
"animals-hard-13","Animals","Hard","What is the function of a cephalopod's chromatophores?","Rapid colour and pattern change","Rapid colour and pattern change","Producing ink","Jet propulsion","Detecting light","Rapid colour and pattern change","Releasing a cloud of defensive ink into the water","Driving water through the siphon for propulsion","Detecting light","2","31/13/14/15","31/49/47/15","4 (longest)","2 of 4 (shortest to longest)","73.8%","28.7%","28.7%","Tier exceeded 40% pick-longest accuracy; highest-gap rows selected first.","Proposed only — not applied to question source","Keyed answer unchanged. One to three distractors were expanded so correct-answer length ranks balance across the tier; human content approval required."
"animals-hard-15","Animals","Hard","What is 'aposematism'?","Warning coloration signalling that prey is dangerous","Warning coloration signalling that prey is dangerous","Camouflage","Mimicking a mate","Playing dead","Warning coloration signalling that prey is dangerous","Blending an animal's outline into its surrounding habitat","Mimicking a mate","Remaining motionless to resemble an animal that has died","2","52/10/16/12","52/57/16/56","4 (longest)","2 of 4 (shortest to longest)","73.8%","28.7%","28.7%","Tier exceeded 40% pick-longest accuracy; highest-gap rows selected first.","Proposed only — not applied to question source","Keyed answer unchanged. One to three distractors were expanded so correct-answer length ranks balance across the tier; human content approval required."
"animals-hard-17","Animals","Hard","What is 'Batesian mimicry'?","A harmless species imitating a dangerous one","A harmless species imitating a dangerous one","Two toxic species converging","Camouflage against a background","Mimicking a predator's call","A harmless species imitating a dangerous one","Two dangerous species evolving the same warning pattern","An animal matching the colour and texture of its habitat","An animal copying the alarm call made by its predator","3","44/28/31/27","44/55/56/53","4 (longest)","1 of 4 (shortest to longest)","73.8%","28.7%","28.7%","Tier exceeded 40% pick-longest accuracy; highest-gap rows selected first.","Proposed only — not applied to question source","Keyed answer unchanged. One to three distractors were expanded so correct-answer length ranks balance across the tier; human content approval required."
"animals-hard-18","Animals","Hard","What is the purpose of a whale's baleen?","Filtering small prey from seawater","Filtering small prey from seawater","Crushing shells","Producing sound","Storing oxygen","Filtering small prey from seawater","Crushing hard-shelled prey before it is swallowed","Producing low-frequency calls heard across long distances","Storing extra oxygen for dives beneath the ocean surface","3","34/15/15/14","34/49/57/56","4 (longest)","1 of 4 (shortest to longest)","73.8%","28.7%","28.7%","Tier exceeded 40% pick-longest accuracy; highest-gap rows selected first.","Proposed only — not applied to question source","Keyed answer unchanged. One to three distractors were expanded so correct-answer length ranks balance across the tier; human content approval required."
"animals-hard-19","Animals","Hard","Which animals form the class Chondrichthyes?","Cartilaginous fish such as sharks and rays","Cartilaginous fish such as sharks and rays","Bony fish","Amphibians","Marine mammals","Cartilaginous fish such as sharks and rays","Ray-finned and lobe-finned fish with skeletons made of bone","Frogs, salamanders, and caecilians with aquatic larvae","Whales, seals, and sirenians that spend their lives in water","3","42/9/10/14","42/59/54/60","4 (longest)","1 of 4 (shortest to longest)","73.8%","28.7%","28.7%","Tier exceeded 40% pick-longest accuracy; highest-gap rows selected first.","Proposed only — not applied to question source","Keyed answer unchanged. One to three distractors were expanded so correct-answer length ranks balance across the tier; human content approval required."
"animals-hard-20","Animals","Hard","What is 'diapause' in insects?","A suspended development state during harsh conditions","A suspended development state during harsh conditions","A mating ritual","A moulting stage","A migration phase","A suspended development state during harsh conditions","An elaborate courtship display performed before insects mate","A transitional stage in which a larva sheds its outer covering","A seasonal movement from one habitat to another for reproduction","3","53/15/16/17","53/60/62/64","4 (longest)","1 of 4 (shortest to longest)","73.8%","28.7%","28.7%","Tier exceeded 40% pick-longest accuracy; highest-gap rows selected first.","Proposed only — not applied to question source","Keyed answer unchanged. One to three distractors were expanded so correct-answer length ranks balance across the tier; human content approval required."
"animals-hard-22","Animals","Hard","What is 'countershading'?","Dark above and light below to reduce visibility","Dark above and light below to reduce visibility","Bright warning colours","Seasonal coat change","Iridescent patterning","Dark above and light below to reduce visibility","Bright warning colours","Replacing a coat or plumage to match a different season","Iridescent patterning","1","47/22/20/21","47/22/55/21","4 (longest)","3 of 4 (shortest to longest)","73.8%","28.7%","28.7%","Tier exceeded 40% pick-longest accuracy; highest-gap rows selected first.","Proposed only — not applied to question source","Keyed answer unchanged. One to three distractors were expanded so correct-answer length ranks balance across the tier; human content approval required."
"animals-hard-24","Animals","Hard","What is a 'ruminant'?","An animal that ferments food in a multi-chambered stomach","An animal that ferments food in a multi-chambered stomach","A nocturnal grazer","A burrowing herbivore","An egg-laying mammal","An animal that ferments food in a multi-chambered stomach","An animal that feeds mainly at night on grasses and other plants","A herbivore adapted to dig extensive tunnels below the ground","A mammal that reproduces by laying eggs instead of bearing live young","3","57/18/21/20","57/64/61/69","4 (longest)","1 of 4 (shortest to longest)","73.8%","28.7%","28.7%","Tier exceeded 40% pick-longest accuracy; highest-gap rows selected first.","Proposed only — not applied to question source","Keyed answer unchanged. One to three distractors were expanded so correct-answer length ranks balance across the tier; human content approval required."
"animals-hard-26","Animals","Hard","What is 'philopatry'?","The tendency to return to or stay near a birthplace","The tendency to return to or stay near a birthplace","Long-distance migration","Territorial aggression","Group hunting","The tendency to return to or stay near a birthplace","Long-distance migration","Defending a fixed home range against members of the same species","Coordinating with other individuals to surround and capture prey","2","51/23/22/13","51/23/64/64","4 (longest)","2 of 4 (shortest to longest)","73.8%","28.7%","28.7%","Tier exceeded 40% pick-longest accuracy; highest-gap rows selected first.","Proposed only — not applied to question source","Keyed answer unchanged. One to three distractors were expanded so correct-answer length ranks balance across the tier; human content approval required."
"animals-hard-28","Animals","Hard","What is a 'trophic cascade'?","Knock-on ecosystem effects from a change at one feeding level","Knock-on ecosystem effects from a change at one feeding level","A migration route","A food shortage","A breeding cycle","Knock-on ecosystem effects from a change at one feeding level","A migration route","A temporary decline in available food across an entire ecosystem","A breeding cycle","1","61/17/15/16","61/17/64/16","4 (longest)","3 of 4 (shortest to longest)","73.8%","28.7%","28.7%","Tier exceeded 40% pick-longest accuracy; highest-gap rows selected first.","Proposed only — not applied to question source","Keyed answer unchanged. One to three distractors were expanded so correct-answer length ranks balance across the tier; human content approval required."
"animals-hard-38","Animals","Hard","What is aestivation?","Dormancy during hot or dry conditions","Dormancy during hot or dry conditions","Migration to breeding grounds","Winter coat growth","Daily torpor at night","Dormancy during hot or dry conditions","Migration to breeding grounds","Replacing short summer fur with a thicker insulating winter coat","Entering a brief daily period of reduced metabolism after sunset","2","37/29/18/21","37/29/64/64","4 (longest)","2 of 4 (shortest to longest)","73.8%","28.7%","28.7%","Tier exceeded 40% pick-longest accuracy; highest-gap rows selected first.","Proposed only — not applied to question source","Keyed answer unchanged. One to three distractors were expanded so correct-answer length ranks balance across the tier; human content approval required."
"animals-hard-4","Animals","Hard","What is 'eusociality'?","A social structure with cooperative brood care and division of labour","A social structure with cooperative brood care and division of labour","Solitary living","Seasonal pairing","Migration in flocks","A social structure with cooperative brood care and division of labour","An adult lifestyle in which individuals forage and reproduce entirely alone","Seasonal pairing","A coordinated movement in which a group travels between seasonal habitats","2","69/15/16/19","69/75/16/73","4 (longest)","2 of 4 (shortest to longest)","73.8%","28.7%","28.7%","Tier exceeded 40% pick-longest accuracy; highest-gap rows selected first.","Proposed only — not applied to question source","Keyed answer unchanged. One to three distractors were expanded so correct-answer length ranks balance across the tier; human content approval required."
"animals-hard-40","Animals","Hard","What is the tapetum lucidum found in many nocturnal animals?","A reflective layer behind the retina","A reflective layer behind the retina","A membrane over the ear","A scent gland","A heat-sensing pit","A reflective layer behind the retina","A membrane over the ear","A specialized skin gland that releases chemicals used in marking","A facial organ that detects infrared radiation from warm prey","2","36/23/13/18","36/23/64/61","4 (longest)","2 of 4 (shortest to longest)","73.8%","28.7%","28.7%","Tier exceeded 40% pick-longest accuracy; highest-gap rows selected first.","Proposed only — not applied to question source","Keyed answer unchanged. One to three distractors were expanded so correct-answer length ranks balance across the tier; human content approval required."
"animals-hard-6","Animals","Hard","What is 'convergent evolution' in animals exemplified by?","Dolphins and sharks evolving similar body shapes","Dolphins and sharks evolving similar body shapes","Cats and dogs sharing ancestors","Birds inheriting wings from dinosaurs","Whales returning to the sea","Dolphins and sharks evolving similar body shapes","Domestic cats and dogs retaining traits inherited from a recent ancestor","Modern birds receiving fully developed wings directly from dinosaurs","Whale ancestors gradually adapting from terrestrial life back to the ocean","3","48/31/37/27","48/72/68/74","4 (longest)","1 of 4 (shortest to longest)","73.8%","28.7%","28.7%","Tier exceeded 40% pick-longest accuracy; highest-gap rows selected first.","Proposed only — not applied to question source","Keyed answer unchanged. One to three distractors were expanded so correct-answer length ranks balance across the tier; human content approval required."
"animals-hard-8","Animals","Hard","What is a 'keystone species'?","A species whose removal drastically changes its ecosystem","A species whose removal drastically changes its ecosystem","The most numerous species","The largest predator","An endangered species","A species whose removal drastically changes its ecosystem","The species with the greatest population in a biological community","The largest predator","An endangered species","1","57/25/20/21","57/66/20/21","4 (longest)","3 of 4 (shortest to longest)","73.8%","28.7%","28.7%","Tier exceeded 40% pick-longest accuracy; highest-gap rows selected first.","Proposed only — not applied to question source","Keyed answer unchanged. One to three distractors were expanded so correct-answer length ranks balance across the tier; human content approval required."
"animals-hard-9","Animals","Hard","Which animal group are cetaceans?","Whales, dolphins, and porpoises","Whales, dolphins, and porpoises","Seals and sea lions","Sharks and rays","Turtles","Whales, dolphins, and porpoises","Seals and sea lions","Sharks and rays","Sea turtles, land tortoises, and freshwater terrapins","1","31/19/15/7","31/19/15/53","4 (longest)","3 of 4 (shortest to longest)","73.8%","28.7%","28.7%","Tier exceeded 40% pick-longest accuracy; highest-gap rows selected first.","Proposed only — not applied to question source","Keyed answer unchanged. One to three distractors were expanded so correct-answer length ranks balance across the tier; human content approval required."
"animals-medium-10","Animals","Medium","What is 'indeterminate growth', seen in many reptiles and fish?","Continuing to grow slowly throughout adult life","Continuing to grow slowly throughout adult life","Growing only in summer","Stopping growth at maturity","Shrinking with age","Continuing to grow slowly throughout adult life","Growing rapidly during warm months and stopping completely each winter","Reaching a genetically fixed adult size and then ceasing all growth","Becoming progressively smaller as stored energy is used during aging","3","47/22/27/18","47/70/67/68","4 (longest)","1 of 4 (shortest to longest)","47.7%","35.2%","35.2%","Tier exceeded 40% pick-longest accuracy; highest-gap rows selected first.","Proposed only — not applied to question source","Keyed answer unchanged. One to three distractors were expanded so correct-answer length ranks balance across the tier; human content approval required."
"animals-medium-17","Animals","Medium","What is metamorphosis in insects?","A transformation through distinct life stages","A transformation through distinct life stages","Seasonal migration","Shedding of skin only","Colour change","A transformation through distinct life stages","The regular seasonal movement between feeding and breeding habitats","The periodic replacement of an insect's cuticle without other changes","A reversible shift in body colour caused by temperature or background","3","45/18/21/13","45/67/69/69","4 (longest)","1 of 4 (shortest to longest)","47.7%","35.2%","35.2%","Tier exceeded 40% pick-longest accuracy; highest-gap rows selected first.","Proposed only — not applied to question source","Keyed answer unchanged. One to three distractors were expanded so correct-answer length ranks balance across the tier; human content approval required."
"animals-medium-22","Animals","Medium","What distinguishes venom from poison?","Venom is delivered into tissue by a bite or sting","Venom is delivered into tissue by a bite or sting","Venom is harmless when injected","Poison is produced only by plants","Poison must be inhaled","Venom is delivered into tissue by a bite or sting","Venom is harmless when injected","Poison is produced only by plants","Venom is harmless on contact, while poison is harmless when swallowed","1","49/31/33/22","49/31/33/69","4 (longest)","3 of 4 (shortest to longest)","47.7%","35.2%","35.2%","Tier exceeded 40% pick-longest accuracy; highest-gap rows selected first.","Proposed only — not applied to question source","Keyed answer unchanged. One to three distractors were expanded so correct-answer length ranks balance across the tier; human content approval required."
"animals-medium-35","Animals","Medium","What microscopic structures help many geckos cling to smooth surfaces?","Millions of tiny toe hairs","Barbed claws","Sticky mucus","Millions of tiny toe hairs","Suction cups","Dense rows of curved microscopic claws","A thin continuous film of adhesive mucus","Millions of tiny toe hairs","Clusters of small muscular suction discs","3","12/12/26/12","38/40/26/40","4 (longest)","1 of 4 (shortest to longest)","47.7%","35.2%","35.2%","Tier exceeded 40% pick-longest accuracy; highest-gap rows selected first.","Proposed only — not applied to question source","Keyed answer unchanged. One to three distractors were expanded so correct-answer length ranks balance across the tier; human content approval required."
"animals-medium-38","Animals","Medium","What is the usual role of the matriarch in an elephant family group?","Leading the herd using accumulated knowledge","Leading the herd using accumulated knowledge","Guarding a permanent nest","Hunting prey","Building underground dens","Leading the herd using accumulated knowledge","Protecting a permanent nesting site from rival family groups","Coordinating hunts for large prey across the herd's territory","Excavating communal underground shelters during the dry season","3","44/25/12/25","44/60/61/62","4 (longest)","1 of 4 (shortest to longest)","47.7%","35.2%","35.2%","Tier exceeded 40% pick-longest accuracy; highest-gap rows selected first.","Proposed only — not applied to question source","Keyed answer unchanged. One to three distractors were expanded so correct-answer length ranks balance across the tier; human content approval required."
"basketball-hard-11","Basketball","Hard","What does the term 'usage rate' estimate?","The share of team possessions a player finishes","The share of team possessions a player finishes","Minutes played","Shooting accuracy","Defensive impact","The share of team possessions a player finishes","The percentage of scheduled minutes a player remains on the court","Shooting accuracy","An estimate of how many points a player prevents while defending","2","47/14/17/16","47/65/17/64","4 (longest)","2 of 4 (shortest to longest)","79.4%","26.9%","26.9%","Tier exceeded 40% pick-longest accuracy; highest-gap rows selected first.","Proposed only — not applied to question source","Keyed answer unchanged. One to three distractors were expanded so correct-answer length ranks balance across the tier; human content approval required."
"basketball-hard-12","Basketball","Hard","What is the main purpose of the NBA's restricted-area arc?","Limiting when a secondary defender can draw a charge","Limiting when a secondary defender can draw a charge","Marking the team bench zone","Defining the legal dunking area","Restricting offensive rebounds","Limiting when a secondary defender can draw a charge","Marking the team bench zone","Defining a semicircle from which every dunk attempt must begin","Restricting offensive rebounds","1","52/27/31/30","52/27/62/30","4 (longest)","3 of 4 (shortest to longest)","79.4%","26.9%","26.9%","Tier exceeded 40% pick-longest accuracy; highest-gap rows selected first.","Proposed only — not applied to question source","Keyed answer unchanged. One to three distractors were expanded so correct-answer length ranks balance across the tier; human content approval required."
"basketball-hard-14","Basketball","Hard","What is 'the mid-level exception' in NBA contracts?","A salary cap tool for signing a free agent above the minimum","A salary cap tool for signing a free agent above the minimum","A trade rule","A draft position","A luxury tax bracket","A salary cap tool for signing a free agent above the minimum","A restriction requiring teams to match salaries in every player trade","A draft position awarded to the team in the middle of the standings","An added tax rate applied to players earning above the league average","3","60/12/16/20","60/69/67/69","4 (longest)","1 of 4 (shortest to longest)","79.4%","26.9%","26.9%","Tier exceeded 40% pick-longest accuracy; highest-gap rows selected first.","Proposed only — not applied to question source","Keyed answer unchanged. One to three distractors were expanded so correct-answer length ranks balance across the tier; human content approval required."
"basketball-hard-16","Basketball","Hard","What is 'the triangle offense' built around?","Spacing formed by three players on one side of the floor","Spacing formed by three players on one side of the floor","Three-point shooting only","A three-guard lineup","Three defensive zones","Spacing formed by three players on one side of the floor","Generating open shots by keeping three players beyond the three-point arc","Using three ball-handling guards together on every offensive possession","Dividing the half court into three fixed zones that players must occupy","3","56/25/20/21","56/73/71/71","4 (longest)","1 of 4 (shortest to longest)","79.4%","26.9%","26.9%","Tier exceeded 40% pick-longest accuracy; highest-gap rows selected first.","Proposed only — not applied to question source","Keyed answer unchanged. One to three distractors were expanded so correct-answer length ranks balance across the tier; human content approval required."
"basketball-hard-18","Basketball","Hard","What is an 'illegal defense' violation historically associated with?","Zone defense in the pre-2001 NBA","Zone defense in the pre-2001 NBA","Fouling out","Late substitutions","Improper uniforms","Zone defense in the pre-2001 NBA","A player leaving the game after committing a sixth personal foul","A substitute entering after the ball has already been put into play","A player wearing equipment that was not recorded in the scorebook","3","32/11/18/17","32/64/67/65","4 (longest)","1 of 4 (shortest to longest)","79.4%","26.9%","26.9%","Tier exceeded 40% pick-longest accuracy; highest-gap rows selected first.","Proposed only — not applied to question source","Keyed answer unchanged. One to three distractors were expanded so correct-answer length ranks balance across the tier; human content approval required."
"basketball-hard-19","Basketball","Hard","What is 'the gather step'?","The step taken as a player collects the ball to end the dribble","The step taken as a player collects the ball to end the dribble","The first step of a fast break","A defensive slide","The step onto the free-throw line","The step taken as a player collects the ball to end the dribble","The first stride a player takes after a teammate starts a fast break","The lateral movement a defender uses to stay in front of a dribbler","The step that causes a shooter to cross the free-throw line early","3","63/30/17/33","63/68/67/65","4 (longest)","1 of 4 (shortest to longest)","79.4%","26.9%","26.9%","Tier exceeded 40% pick-longest accuracy; highest-gap rows selected first.","Proposed only — not applied to question source","Keyed answer unchanged. One to three distractors were expanded so correct-answer length ranks balance across the tier; human content approval required."
"basketball-hard-22","Basketball","Hard","What is 'the corner three' valued for?","It is the shortest three-point shot","It is the shortest three-point shot","It is worth four points","It cannot be blocked","It stops the clock","It is the shortest three-point shot","It is worth four points","The backboard prevents a defender from blocking it from the side","The game clock stops automatically whenever the shot is attempted","2","35/23/20/18","35/23/64/65","4 (longest)","2 of 4 (shortest to longest)","79.4%","26.9%","26.9%","Tier exceeded 40% pick-longest accuracy; highest-gap rows selected first.","Proposed only — not applied to question source","Keyed answer unchanged. One to three distractors were expanded so correct-answer length ranks balance across the tier; human content approval required."
"basketball-hard-23","Basketball","Hard","What does 'switching' mean defensively?","Two defenders trading assignments on a screen","Two defenders trading assignments on a screen","Changing from zone to man","Substituting players","Rotating the ball","Two defenders trading assignments on a screen","The entire team changing between zone and man-to-man coverage","A coach replacing one player with another during a dead ball","The offense moving the ball from the strong side to the opposite wing","3","45/25/20/17","45/61/60/69","4 (longest)","1 of 4 (shortest to longest)","79.4%","26.9%","26.9%","Tier exceeded 40% pick-longest accuracy; highest-gap rows selected first.","Proposed only — not applied to question source","Keyed answer unchanged. One to three distractors were expanded so correct-answer length ranks balance across the tier; human content approval required."
"basketball-hard-24","Basketball","Hard","What is a 'heat check'?","A difficult shot taken after several makes in a row","A difficult shot taken after several makes in a row","A timeout for cooling down","A temperature rule","A referee's review","A difficult shot taken after several makes in a row","A timeout for cooling down","A temperature rule","A replay review of whether a shot left the hand before time expired","1","51/26/18/18","51/26/18/67","4 (longest)","3 of 4 (shortest to longest)","79.4%","26.9%","26.9%","Tier exceeded 40% pick-longest accuracy; highest-gap rows selected first.","Proposed only — not applied to question source","Keyed answer unchanged. One to three distractors were expanded so correct-answer length ranks balance across the tier; human content approval required."
"basketball-hard-25","Basketball","Hard","What is the NBA's 'luxury tax'?","A penalty paid by teams whose payroll exceeds a threshold","A penalty paid by teams whose payroll exceeds a threshold","A ticket surcharge","A fine for technical fouls","An arena levy","A penalty paid by teams whose payroll exceeds a threshold","A ticket surcharge","A fine for technical fouls","A municipal tax charged on revenue earned at a professional arena","1","57/18/26/13","57/18/26/65","4 (longest)","3 of 4 (shortest to longest)","79.4%","26.9%","26.9%","Tier exceeded 40% pick-longest accuracy; highest-gap rows selected first.","Proposed only — not applied to question source","Keyed answer unchanged. One to three distractors were expanded so correct-answer length ranks balance across the tier; human content approval required."
"basketball-hard-27","Basketball","Hard","What is 'the two-for-one' strategy?","Shooting early enough to get one more possession before a period ends","Shooting early enough to get one more possession before a period ends","Trading two players for one","A double technical","Two free throws for one foul","Shooting early enough to get one more possession before a period ends","Exchanging two rotation players plus draft compensation for one higher-salaried player","Assessing matching technical fouls against two opponents during the same dead ball","Awarding two free throws after one non-shooting team foul late in a period","3","69/27/18/28","69/86/82/74","4 (longest)","1 of 4 (shortest to longest)","79.4%","26.9%","26.9%","Tier exceeded 40% pick-longest accuracy; highest-gap rows selected first.","Proposed only — not applied to question source","Keyed answer unchanged. One to three distractors were expanded so correct-answer length ranks balance across the tier; human content approval required."
"basketball-hard-28","Basketball","Hard","What is 'small ball'?","Playing without a traditional center for speed and spacing","Playing without a traditional center for speed and spacing","A youth format","A smaller regulation ball","A half-court game","Playing without a traditional center for speed and spacing","A youth format","Using a reduced-size basketball designed for youth competition","A half-court game","1","58/14/25/17","58/14/62/17","4 (longest)","3 of 4 (shortest to longest)","79.4%","26.9%","26.9%","Tier exceeded 40% pick-longest accuracy; highest-gap rows selected first.","Proposed only — not applied to question source","Keyed answer unchanged. One to three distractors were expanded so correct-answer length ranks balance across the tier; human content approval required."
"basketball-hard-3","Basketball","Hard","What is the 'defensive three seconds' rule?","A defender cannot stay in the lane without guarding someone","A defender cannot stay in the lane without guarding someone","A defender must switch every three seconds","A shot clock rule","A rule about closing out","A defender cannot stay in the lane without guarding someone","A defender must switch every three seconds","The offense must attempt a shot within three seconds of crossing midcourt","A rule about closing out","1","59/42/17/24","59/42/73/24","4 (longest)","3 of 4 (shortest to longest)","79.4%","26.9%","26.9%","Tier exceeded 40% pick-longest accuracy; highest-gap rows selected first.","Proposed only — not applied to question source","Keyed answer unchanged. One to three distractors were expanded so correct-answer length ranks balance across the tier; human content approval required."
"basketball-hard-30","Basketball","Hard","What is 'the Hack-a-Shaq' tactic?","Deliberately fouling a poor free-throw shooter","Deliberately fouling a poor free-throw shooter","A defensive press","A shot-blocking scheme","An inbounds play","Deliberately fouling a poor free-throw shooter","Trapping the ball handler immediately after every made basket","A shot-blocking scheme","Disguising an inbounds play until the official gives the passer the ball","2","46/17/22/16","46/61/22/72","4 (longest)","2 of 4 (shortest to longest)","79.4%","26.9%","26.9%","Tier exceeded 40% pick-longest accuracy; highest-gap rows selected first.","Proposed only — not applied to question source","Keyed answer unchanged. One to three distractors were expanded so correct-answer length ranks balance across the tier; human content approval required."
"basketball-hard-31","Basketball","Hard","What makes a 'Spain pick-and-roll' different from a basic pick-and-roll?","A third offensive player back-screens the roll defender","A third offensive player back-screens the roll defender","The screener never rolls","It begins with a sideline inbound","Both guards screen for the centre","A third offensive player back-screens the roll defender","The screener slips immediately without contacting the on-ball defender","The action begins from a sideline inbound rather than from a live dribble","Two guards set consecutive screens for the same low-post player","3","55/24/33/33","55/70/73/63","4 (longest)","1 of 4 (shortest to longest)","79.4%","26.9%","26.9%","Tier exceeded 40% pick-longest accuracy; highest-gap rows selected first.","Proposed only — not applied to question source","Keyed answer unchanged. One to three distractors were expanded so correct-answer length ranks balance across the tier; human content approval required."
"basketball-hard-35","Basketball","Hard","What is a 'short roll' after setting a ball screen?","Stopping in the lane instead of rolling all the way to the rim","Stopping in the lane instead of rolling all the way to the rim","Rolling toward the sideline","Setting a second screen","Passing back without moving","Stopping in the lane instead of rolling all the way to the rim","The ball handler redirects the action toward the sideline instead of the middle","The screener stops and immediately sets a second screen for a perimeter shooter","The roller gives the ball back without advancing toward the basket","3","62/27/23/27","62/79/79/66","4 (longest)","1 of 4 (shortest to longest)","79.4%","26.9%","26.9%","Tier exceeded 40% pick-longest accuracy; highest-gap rows selected first.","Proposed only — not applied to question source","Keyed answer unchanged. One to three distractors were expanded so correct-answer length ranks balance across the tier; human content approval required."
"basketball-hard-36","Basketball","Hard","What is a 'ghost screen'?","A fake screen followed by a quick pop into space","A fake screen followed by a quick pop into space","A screen set behind the backboard","An illegal moving screen","A screen set after the shot","A fake screen followed by a quick pop into space","A screen set behind the backboard","A screen that moves laterally while the defender tries to pass it","A screen set after a teammate shoots to free an offensive rebounder","2","48/33/24/27","48/33/65/67","4 (longest)","2 of 4 (shortest to longest)","79.4%","26.9%","26.9%","Tier exceeded 40% pick-longest accuracy; highest-gap rows selected first.","Proposed only — not applied to question source","Keyed answer unchanged. One to three distractors were expanded so correct-answer length ranks balance across the tier; human content approval required."
"basketball-hard-4","Basketball","Hard","What is a 'Euro step'?","Two lateral steps to avoid a defender after picking up the dribble","Two lateral steps to avoid a defender after picking up the dribble","A screen from the side","A type of zone","A three-point shot from the corner","Two lateral steps to avoid a defender after picking up the dribble","A sideways screen set by a wing to free the ball handler near the sideline","A zone alignment assigning one defender to each side of the free-throw lane","A three-point shot from the corner","2","66/22/14/34","66/74/75/34","4 (longest)","2 of 4 (shortest to longest)","79.4%","26.9%","26.9%","Tier exceeded 40% pick-longest accuracy; highest-gap rows selected first.","Proposed only — not applied to question source","Keyed answer unchanged. One to three distractors were expanded so correct-answer length ranks balance across the tier; human content approval required."
"basketball-hard-40","Basketball","Hard","What is an empty-corner pick-and-roll designed to remove?","A nearby help defender on the ball side","A nearby help defender on the ball side","The screener from the play","All weak-side shooters","The shot clock","A nearby help defender on the ball side","The screener from the play","All weak-side shooters","The time remaining before the offense is required to attempt a shot","1","39/26/22/14","39/26/22/67","4 (longest)","3 of 4 (shortest to longest)","79.4%","26.9%","26.9%","Tier exceeded 40% pick-longest accuracy; highest-gap rows selected first.","Proposed only — not applied to question source","Keyed answer unchanged. One to three distractors were expanded so correct-answer length ranks balance across the tier; human content approval required."
"basketball-hard-6","Basketball","Hard","What does 'true shooting percentage' account for that field goal percentage does not?","Free throws and three-pointers","Free throws and three-pointers","Rebounds","Assists","Turnovers","Free throws and three-pointers","The total number of rebounds a player secures during the game","Passes that directly create a made basket for a teammate","Turnovers","2","30/8/7/9","30/61/56/9","4 (longest)","2 of 4 (shortest to longest)","79.4%","26.9%","26.9%","Tier exceeded 40% pick-longest accuracy; highest-gap rows selected first.","Proposed only — not applied to question source","Keyed answer unchanged. One to three distractors were expanded so correct-answer length ranks balance across the tier; human content approval required."
"basketball-hard-9","Basketball","Hard","What is a 'hedge' in pick-and-roll defense?","The screener's defender stepping out to slow the ball handler","The screener's defender stepping out to slow the ball handler","Switching every screen","Trapping the corner","Dropping to the rim","The screener's defender stepping out to slow the ball handler","Every defender exchanging assignments as soon as the screen arrives","Two defenders closing on the ball handler near a sideline or corner","The big defender remaining near the basket while the guard trails","3","61/22/19/19","61/67/67/65","4 (longest)","1 of 4 (shortest to longest)","79.4%","26.9%","26.9%","Tier exceeded 40% pick-longest accuracy; highest-gap rows selected first.","Proposed only — not applied to question source","Keyed answer unchanged. One to three distractors were expanded so correct-answer length ranks balance across the tier; human content approval required."
"basketball-medium-12","Basketball","Medium","What is the 'bonus' or 'penalty' situation?","Free throws awarded after enough team fouls","Extra points for long shots","Free throws awarded after enough team fouls","A double-scoring period","An extra timeout","Extra points for long shots","Free throws awarded after enough team fouls","A period in which every successful basket counts for twice its value","An additional timeout granted after a team wins a replay challenge","2","27/43/23/16","27/43/68/66","4 (longest)","2 of 4 (shortest to longest)","73.3%","28.3%","28.3%","Tier exceeded 40% pick-longest accuracy; highest-gap rows selected first.","Proposed only — not applied to question source","Keyed answer unchanged. One to three distractors were expanded so correct-answer length ranks balance across the tier; human content approval required."
"basketball-medium-13","Basketball","Medium","What is a 'charge'?","An offensive foul for running into a set defender","An offensive foul for running into a set defender","A fast break","A defensive three seconds","An illegal screen","An offensive foul for running into a set defender","A transition attack launched before the opposing defense can get set","A defensive three seconds","An illegal screen set while the screener is still moving into contact","2","49/12/25/17","49/68/25/69","4 (longest)","2 of 4 (shortest to longest)","73.3%","28.3%","28.3%","Tier exceeded 40% pick-longest accuracy; highest-gap rows selected first.","Proposed only — not applied to question source","Keyed answer unchanged. One to three distractors were expanded so correct-answer length ranks balance across the tier; human content approval required."
"basketball-medium-15","Basketball","Medium","What is a 'fast break'?","Pushing the ball upcourt before the defense sets","A quick timeout","Pushing the ball upcourt before the defense sets","A halftime interval","A shot clock reset","Calling an immediate timeout before the opponent can inbound the ball","Pushing the ball upcourt before the defense sets","A halftime interval","A shot clock reset","1","15/48/19/18","69/48/19/18","4 (longest)","3 of 4 (shortest to longest)","73.3%","28.3%","28.3%","Tier exceeded 40% pick-longest accuracy; highest-gap rows selected first.","Proposed only — not applied to question source","Keyed answer unchanged. One to three distractors were expanded so correct-answer length ranks balance across the tier; human content approval required."
"basketball-medium-17","Basketball","Medium","What does a 'technical foul' penalize?","Unsportsmanlike conduct or procedural violations","Unsportsmanlike conduct or procedural violations","Contact while shooting","Traveling","A shot clock violation","Unsportsmanlike conduct or procedural violations","Contact while shooting","Moving one or both feet illegally while controlling a live basketball","Failing to release a field-goal attempt before the shot clock expires","2","48/22/9/22","48/22/69/69","4 (longest)","2 of 4 (shortest to longest)","73.3%","28.3%","28.3%","Tier exceeded 40% pick-longest accuracy; highest-gap rows selected first.","Proposed only — not applied to question source","Keyed answer unchanged. One to three distractors were expanded so correct-answer length ranks balance across the tier; human content approval required."
"basketball-medium-18","Basketball","Medium","What is 'zone defense'?","Guarding an area rather than a specific player","Guarding an area rather than a specific player","Double-teaming the ball","Full-court man coverage","A defensive timeout","Guarding an area rather than a specific player","Sending two defenders to pressure the player who currently has the ball","Assigning each defender one opponent for the entire length of the court","Stopping play so the coaching staff can change the team's defensive plan","3","46/23/23/19","46/71/71/72","4 (longest)","1 of 4 (shortest to longest)","73.3%","28.3%","28.3%","Tier exceeded 40% pick-longest accuracy; highest-gap rows selected first.","Proposed only — not applied to question source","Keyed answer unchanged. One to three distractors were expanded so correct-answer length ranks balance across the tier; human content approval required."
"basketball-medium-20","Basketball","Medium","What is an 'and-one'?","A basket plus a foul, earning one free throw","A basket plus a foul, earning one free throw","A one-point lead","The first overtime","A single technical","A basket plus a foul, earning one free throw","A basket that gives one team exactly a one-point advantage","The first additional period played after regulation ends in a tie","A single technical foul assessed without any accompanying ejection","3","44/16/18/18","44/58/65/66","4 (longest)","1 of 4 (shortest to longest)","73.3%","28.3%","28.3%","Tier exceeded 40% pick-longest accuracy; highest-gap rows selected first.","Proposed only — not applied to question source","Keyed answer unchanged. One to three distractors were expanded so correct-answer length ranks balance across the tier; human content approval required."
"basketball-medium-21","Basketball","Medium","What is 'the paint' named after?","The painted rectangle of the free-throw lane","The painted rectangle of the free-throw lane","The team colors","A sponsor","The court finish","The painted rectangle of the free-throw lane","The two team colours originally used to decorate that part of the floor","A sponsor's logo that was traditionally placed inside the lane","The glossy finish applied to protect the hardwood beneath the baskets","3","44/15/9/16","44/71/62/69","4 (longest)","1 of 4 (shortest to longest)","73.3%","28.3%","28.3%","Tier exceeded 40% pick-longest accuracy; highest-gap rows selected first.","Proposed only — not applied to question source","Keyed answer unchanged. One to three distractors were expanded so correct-answer length ranks balance across the tier; human content approval required."
"basketball-medium-23","Basketball","Medium","What is a 'backcourt violation'?","Returning the ball behind midcourt after crossing it","Returning the ball behind midcourt after crossing it","Fouling in the backcourt","An illegal inbound","Guarding too closely","Returning the ball behind midcourt after crossing it","Fouling in the backcourt","An illegal inbound","Defending an opponent too closely without allowing room to turn","1","52/24/18/20","52/24/18/63","4 (longest)","3 of 4 (shortest to longest)","73.3%","28.3%","28.3%","Tier exceeded 40% pick-longest accuracy; highest-gap rows selected first.","Proposed only — not applied to question source","Keyed answer unchanged. One to three distractors were expanded so correct-answer length ranks balance across the tier; human content approval required."
"basketball-medium-25","Basketball","Medium","What is 'the post'?","The area near the basket where big men operate","The area near the basket where big men operate","The scorer's table","The backboard support","The bench area","The area near the basket where big men operate","The scorer's table","The backboard support","The sideline seating area reserved for players and coaching staff","1","46/18/21/14","46/18/21/65","4 (longest)","3 of 4 (shortest to longest)","73.3%","28.3%","28.3%","Tier exceeded 40% pick-longest accuracy; highest-gap rows selected first.","Proposed only — not applied to question source","Keyed answer unchanged. One to three distractors were expanded so correct-answer length ranks balance across the tier; human content approval required."
"basketball-medium-26","Basketball","Medium","What is an 'alley-oop'?","A lob pass finished at the rim before landing","A lob pass finished at the rim before landing","A behind-the-back dribble","A defensive rotation","A long three","A lob pass finished at the rim before landing","A behind-the-back dribble","A coordinated defensive movement toward an open offensive player","A long-distance field-goal attempt taken several feet beyond the arc","2","45/25/20/12","45/25/64/68","4 (longest)","2 of 4 (shortest to longest)","73.3%","28.3%","28.3%","Tier exceeded 40% pick-longest accuracy; highest-gap rows selected first.","Proposed only — not applied to question source","Keyed answer unchanged. One to three distractors were expanded so correct-answer length ranks balance across the tier; human content approval required."
"basketball-medium-28","Basketball","Medium","What is a 'screen'?","A legal block to free a teammate","A legal block to free a teammate","A blocked shot","A defensive scheme","A shot clock device","A legal block to free a teammate","A defender knocking an opponent's shot away before it reaches the rim","A defensive scheme","The electronic device that counts down the time allowed for a possession","2","32/14/18/19","32/69/18/72","4 (longest)","2 of 4 (shortest to longest)","73.3%","28.3%","28.3%","Tier exceeded 40% pick-longest accuracy; highest-gap rows selected first.","Proposed only — not applied to question source","Keyed answer unchanged. One to three distractors were expanded so correct-answer length ranks balance across the tier; human content approval required."
"basketball-medium-3","Basketball","Medium","What is a 'triple-double'?","Double figures in three statistical categories","Three overtimes","Double figures in three statistical categories","Three straight three-pointers","Three team fouls","Playing three complete overtime periods in the same contest","Double figures in three statistical categories","Making three consecutive three-point field goals without a miss","Committing three team fouls during a single offensive possession","3","15/46/29/16","59/46/63/64","4 (longest)","1 of 4 (shortest to longest)","73.3%","28.3%","28.3%","Tier exceeded 40% pick-longest accuracy; highest-gap rows selected first.","Proposed only — not applied to question source","Keyed answer unchanged. One to three distractors were expanded so correct-answer length ranks balance across the tier; human content approval required."
"basketball-medium-31","Basketball","Medium","What is an offensive rebound?","Recovering a missed shot by one's own team","Recovering a missed shot by one's own team","Stealing an opponent's pass","Blocking a shot out of bounds","Catching the opening tip","Recovering a missed shot by one's own team","Intercepting a pass thrown by an opponent before it reaches its target","Deflecting an opponent's shot out of bounds before it reaches the rim","Controlling the ball after the referee tosses the opening jump ball","3","42/27/29/24","42/70/69/67","4 (longest)","1 of 4 (shortest to longest)","73.3%","28.3%","28.3%","Tier exceeded 40% pick-longest accuracy; highest-gap rows selected first.","Proposed only — not applied to question source","Keyed answer unchanged. One to three distractors were expanded so correct-answer length ranks balance across the tier; human content approval required."
"basketball-medium-33","Basketball","Medium","What is a full-court press?","Pressure defence applied across the whole floor","Pressure defence applied across the whole floor","An offence using five shooters","A shot from beyond half court","A media interview after a game","Pressure defence applied across the whole floor","An offence using five shooters","A shot from beyond half court","A formal media interview conducted with players immediately after a game","1","47/30/29/30","47/30/29/72","4 (longest)","3 of 4 (shortest to longest)","73.3%","28.3%","28.3%","Tier exceeded 40% pick-longest accuracy; highest-gap rows selected first.","Proposed only — not applied to question source","Keyed answer unchanged. One to three distractors were expanded so correct-answer length ranks balance across the tier; human content approval required."
"basketball-medium-34","Basketball","Medium","What distinguishes a no-look pass?","The passer looks away from the intended receiver","The passer looks away from the intended receiver","The ball never touches the floor","It is thrown with two hands","It travels behind the baseline","The passer looks away from the intended receiver","The pass travels through the air without first bouncing on the court","The player releases the ball with both hands at the same moment","The ball crosses behind the baseline before reaching the receiver","3","48/32/27/30","48/68/63/65","4 (longest)","1 of 4 (shortest to longest)","73.3%","28.3%","28.3%","Tier exceeded 40% pick-longest accuracy; highest-gap rows selected first.","Proposed only — not applied to question source","Keyed answer unchanged. One to three distractors were expanded so correct-answer length ranks balance across the tier; human content approval required."
"basketball-medium-5","Basketball","Medium","What is the three-second violation?","An offensive player standing in the lane too long","Holding the ball too long","An offensive player standing in the lane too long","Taking too long to inbound","Delaying a free throw","Holding the ball too long","An offensive player standing in the lane too long","Taking too long to inbound","A free-throw shooter delaying too long before attempting the shot","1","25/49/26/21","25/49/26/65","4 (longest)","3 of 4 (shortest to longest)","73.3%","28.3%","28.3%","Tier exceeded 40% pick-longest accuracy; highest-gap rows selected first.","Proposed only — not applied to question source","Keyed answer unchanged. One to three distractors were expanded so correct-answer length ranks balance across the tier; human content approval required."
"basketball-medium-7","Basketball","Medium","What is 'goaltending'?","Blocking a shot on its downward flight","Blocking a shot on its downward flight","Guarding the inbounder","Fouling a shooter","Defending the paint","Blocking a shot on its downward flight","Guarding the inbounder","Making illegal contact with an opponent during a shooting motion","Defending the paint","1","38/22/17/19","38/22/64/19","4 (longest)","3 of 4 (shortest to longest)","73.3%","28.3%","28.3%","Tier exceeded 40% pick-longest accuracy; highest-gap rows selected first.","Proposed only — not applied to question source","Keyed answer unchanged. One to three distractors were expanded so correct-answer length ranks balance across the tier; human content approval required."
"basketball-medium-9","Basketball","Medium","What is a 'pick and roll'?","A screen followed by the screener cutting to the basket","A screen followed by the screener cutting to the basket","A defensive switch","A type of rebound","An inbounds play only","A screen followed by the screener cutting to the basket","Two defenders exchanging their assigned players during a screen","A type of rebound","An inbounds play only","1","55/18/17/21","55/63/17/21","4 (longest)","3 of 4 (shortest to longest)","73.3%","28.3%","28.3%","Tier exceeded 40% pick-longest accuracy; highest-gap rows selected first.","Proposed only — not applied to question source","Keyed answer unchanged. One to three distractors were expanded so correct-answer length ranks balance across the tier; human content approval required."
"food-hard-11","Food & Drink","Hard","What is 'sofrito' or 'soffritto' generally used as?","An aromatic flavour base of gently cooked vegetables","An aromatic flavour base of gently cooked vegetables","A finishing herb oil","A dessert sauce","A brine","An aromatic flavour base of gently cooked vegetables","A finishing herb oil","A dessert sauce","A salted water mixture used to season or preserve food before cooking","1","52/20/15/7","52/20/15/69","4 (longest)","3 of 4 (shortest to longest)","85.0%","25.0%","25.0%","Tier exceeded 40% pick-longest accuracy; highest-gap rows selected first.","Proposed only — not applied to question source","Keyed answer unchanged. One to three distractors were expanded so correct-answer length ranks balance across the tier; human content approval required."
"food-hard-12","Food & Drink","Hard","What is the difference between Dutch-process and natural cocoa?","Dutch-process is alkalised, reducing acidity","Dutch-process is alkalised, reducing acidity","Natural cocoa contains dairy","Dutch-process is sweetened","They are identical","Dutch-process is alkalised, reducing acidity","Natural cocoa contains dairy","Dutch-process is sweetened","The two names describe identical cocoa processed by the same method","1","44/28/26/18","44/28/26/67","4 (longest)","3 of 4 (shortest to longest)","85.0%","25.0%","25.0%","Tier exceeded 40% pick-longest accuracy; highest-gap rows selected first.","Proposed only — not applied to question source","Keyed answer unchanged. One to three distractors were expanded so correct-answer length ranks balance across the tier; human content approval required."
"food-hard-13","Food & Drink","Hard","What does 'lactic fermentation' produce in vegetables?","Lactic acid that preserves and sours them","Lactic acid that preserves and sours them","Alcohol","Carbon dioxide only","Acetic acid","Lactic acid that preserves and sours them","Ethanol formed as yeast consumes vegetable sugars without oxygen","Carbon dioxide released without any accompanying organic acid","Acetic acid formed when oxygen-dependent bacteria act on alcohol","3","41/7/19/11","41/64/61/64","4 (longest)","1 of 4 (shortest to longest)","85.0%","25.0%","25.0%","Tier exceeded 40% pick-longest accuracy; highest-gap rows selected first.","Proposed only — not applied to question source","Keyed answer unchanged. One to three distractors were expanded so correct-answer length ranks balance across the tier; human content approval required."
"food-hard-15","Food & Drink","Hard","What is 'the Scoville scale' originally based on?","Dilution until heat was no longer detectable by tasters","Dilution until heat was no longer detectable by tasters","Chemical spectrometry","Capsaicin weight","Colour intensity","Dilution until heat was no longer detectable by tasters","A spectrometer measurement of how strongly a chilli absorbs light","The mass of capsaicin isolated from a fixed weight of fresh pepper","The intensity of red colour measured against a standard reference chart","3","55/21/16/16","55/65/66/71","4 (longest)","1 of 4 (shortest to longest)","85.0%","25.0%","25.0%","Tier exceeded 40% pick-longest accuracy; highest-gap rows selected first.","Proposed only — not applied to question source","Keyed answer unchanged. One to three distractors were expanded so correct-answer length ranks balance across the tier; human content approval required."
"food-hard-16","Food & Drink","Hard","What does 'carryover cooking' describe?","Continued cooking from residual heat after removal","Continued cooking from residual heat after removal","Reheating leftovers","Cooking in batches","Holding food in a warmer","Continued cooking from residual heat after removal","Reheating leftovers","Cooking in batches","Maintaining completed dishes at a stable temperature before service","1","50/19/18/24","50/19/18/67","4 (longest)","3 of 4 (shortest to longest)","85.0%","25.0%","25.0%","Tier exceeded 40% pick-longest accuracy; highest-gap rows selected first.","Proposed only — not applied to question source","Keyed answer unchanged. One to three distractors were expanded so correct-answer length ranks balance across the tier; human content approval required."
"food-hard-18","Food & Drink","Hard","What is 'invert sugar'?","Sucrose split into glucose and fructose","Sucrose split into glucose and fructose","A sugar substitute","Brown sugar","Powdered sugar","Sucrose split into glucose and fructose","A sugar substitute","Unrefined cane sugar that retains some of its natural molasses","Powdered sugar","1","39/18/11/14","39/18/62/14","4 (longest)","3 of 4 (shortest to longest)","85.0%","25.0%","25.0%","Tier exceeded 40% pick-longest accuracy; highest-gap rows selected first.","Proposed only — not applied to question source","Keyed answer unchanged. One to three distractors were expanded so correct-answer length ranks balance across the tier; human content approval required."
"food-hard-19","Food & Drink","Hard","What is 'a bain-marie'?","A water bath for gentle, even heating","A water bath for gentle, even heating","A pastry mould","A copper pot","A type of whisk","A water bath for gentle, even heating","A hinged metal mould used to shape a filled pastry","A heavy copper saucepan designed for confectionery work","A type of whisk","2","37/14/12/15","37/50/55/15","4 (longest)","2 of 4 (shortest to longest)","85.0%","25.0%","25.0%","Tier exceeded 40% pick-longest accuracy; highest-gap rows selected first.","Proposed only — not applied to question source","Keyed answer unchanged. One to three distractors were expanded so correct-answer length ranks balance across the tier; human content approval required."
"food-hard-2","Food & Drink","Hard","What is 'spherification' in modernist cooking?","Forming liquid into spheres with a gelled skin","Forming liquid into spheres with a gelled skin","Whipping air into a sauce","Freezing with liquid nitrogen","Compressing fruit","Forming liquid into spheres with a gelled skin","Incorporating tiny air bubbles into a sauce to lighten its texture","Freezing ingredients instantly in liquid nitrogen to make a powder","Placing fruit under vacuum so a flavoured liquid enters its cells","3","46/25/29/17","46/66/66/65","4 (longest)","1 of 4 (shortest to longest)","85.0%","25.0%","25.0%","Tier exceeded 40% pick-longest accuracy; highest-gap rows selected first.","Proposed only — not applied to question source","Keyed answer unchanged. One to three distractors were expanded so correct-answer length ranks balance across the tier; human content approval required."
"food-hard-20","Food & Drink","Hard","What is 'mother' in vinegar production?","A bacterial culture that converts alcohol to acetic acid","A bacterial culture that converts alcohol to acetic acid","A yeast starter","A flavouring","A filtering agent","A bacterial culture that converts alcohol to acetic acid","A yeast culture introduced to convert fruit sugars into alcohol","A concentrated flavouring aged before it is added to finished vinegar","A filtering agent","2","56/15/12/17","56/63/69/17","4 (longest)","2 of 4 (shortest to longest)","85.0%","25.0%","25.0%","Tier exceeded 40% pick-longest accuracy; highest-gap rows selected first.","Proposed only — not applied to question source","Keyed answer unchanged. One to three distractors were expanded so correct-answer length ranks balance across the tier; human content approval required."
"food-hard-23","Food & Drink","Hard","What is 'the cold chain' in food safety?","Unbroken refrigeration from production to consumption","Unbroken refrigeration from production to consumption","A freezing technique","A storage container","A transport contract","Unbroken refrigeration from production to consumption","Flash-freezing food quickly enough to form very small ice crystals","An insulated container designed for long-term storage of frozen food","A transport contract","2","53/20/19/20","53/66/68/20","4 (longest)","2 of 4 (shortest to longest)","85.0%","25.0%","25.0%","Tier exceeded 40% pick-longest accuracy; highest-gap rows selected first.","Proposed only — not applied to question source","Keyed answer unchanged. One to three distractors were expanded so correct-answer length ranks balance across the tier; human content approval required."
"food-hard-25","Food & Drink","Hard","What is 'a reduction' in sauce making?","Simmering to evaporate liquid and concentrate flavour","Simmering to evaporate liquid and concentrate flavour","Adding cream","Straining solids","Chilling to thicken","Simmering to evaporate liquid and concentrate flavour","Enriching a finished sauce by stirring in cream and cold butter","Passing a cooked sauce through a fine sieve to remove all solids","Chilling to thicken","2","53/12/16/19","53/63/64/19","4 (longest)","2 of 4 (shortest to longest)","85.0%","25.0%","25.0%","Tier exceeded 40% pick-longest accuracy; highest-gap rows selected first.","Proposed only — not applied to question source","Keyed answer unchanged. One to three distractors were expanded so correct-answer length ranks balance across the tier; human content approval required."
"food-hard-26","Food & Drink","Hard","What is 'charcuterie' traditionally?","Prepared and preserved meat products","Prepared and preserved meat products","A cheese board","A bread selection","A vegetable terrine","Prepared and preserved meat products","An arranged selection of cheeses served with small accompaniments","An assortment of breads, rolls, and crackers presented together","A vegetable terrine","2","36/14/17/19","36/65/63/19","4 (longest)","2 of 4 (shortest to longest)","85.0%","25.0%","25.0%","Tier exceeded 40% pick-longest accuracy; highest-gap rows selected first.","Proposed only — not applied to question source","Keyed answer unchanged. One to three distractors were expanded so correct-answer length ranks balance across the tier; human content approval required."
"food-hard-27","Food & Drink","Hard","What is 'hydration' in bread baking expressed as?","Water weight as a percentage of flour weight","Water weight as a percentage of flour weight","Total dough weight","Yeast quantity","Baking time","Water weight as a percentage of flour weight","The mass of the completed dough including flour, water, salt, and yeast","The amount of yeast calculated as a percentage of the flour weight","The total oven time calculated in relation to the finished loaf weight","3","44/18/14/11","44/71/66/70","4 (longest)","1 of 4 (shortest to longest)","85.0%","25.0%","25.0%","Tier exceeded 40% pick-longest accuracy; highest-gap rows selected first.","Proposed only — not applied to question source","Keyed answer unchanged. One to three distractors were expanded so correct-answer length ranks balance across the tier; human content approval required."
"food-hard-28","Food & Drink","Hard","What is 'lees' in winemaking?","Sediment of dead yeast and grape solids","Sediment of dead yeast and grape solids","Grape skins","Barrel char","Bottle sediment only","Sediment of dead yeast and grape solids","The grape skins left after the pressed juice has been separated","The toasted interior surface of an oak barrel used for ageing wine","Bottle sediment only","2","39/11/11/20","39/63/66/20","4 (longest)","2 of 4 (shortest to longest)","85.0%","25.0%","25.0%","Tier exceeded 40% pick-longest accuracy; highest-gap rows selected first.","Proposed only — not applied to question source","Keyed answer unchanged. One to three distractors were expanded so correct-answer length ranks balance across the tier; human content approval required."
"food-hard-29","Food & Drink","Hard","What is 'the smoke point' of an oil?","The temperature at which it begins to break down and smoke","The temperature at which it begins to break down and smoke","Its freezing point","Its flavour peak","Its shelf life","The temperature at which it begins to break down and smoke","The temperature at which a liquid cooking oil becomes solid","The point at which heating makes an oil's flavour most pronounced","The expected storage time before the oil develops a rancid flavour","3","58/18/16/14","58/59/65/66","4 (longest)","1 of 4 (shortest to longest)","85.0%","25.0%","25.0%","Tier exceeded 40% pick-longest accuracy; highest-gap rows selected first.","Proposed only — not applied to question source","Keyed answer unchanged. One to three distractors were expanded so correct-answer length ranks balance across the tier; human content approval required."
"food-hard-3","Food & Drink","Hard","What does 'terroir' refer to?","The environmental factors shaping a food's character","The environmental factors shaping a food's character","A wine barrel type","A French cheese","A cooking vessel","The environmental factors shaping a food's character","The barrel specification traditionally used to age a particular wine","A regional French cheese produced from a protected source of milk","An earthenware vessel traditionally used for slow braises and stews","3","52/18/15/16","52/68/65/67","4 (longest)","1 of 4 (shortest to longest)","85.0%","25.0%","25.0%","Tier exceeded 40% pick-longest accuracy; highest-gap rows selected first.","Proposed only — not applied to question source","Keyed answer unchanged. One to three distractors were expanded so correct-answer length ranks balance across the tier; human content approval required."
"food-hard-30","Food & Drink","Hard","What is 'fond' in a pan after searing?","The browned residue used to build a sauce","The browned residue used to build a sauce","Excess fat","Burnt oil to discard","A type of stock","The browned residue used to build a sauce","The rendered fat released from food and collected in the bottom of a pan","Overheated oil that has developed burnt flavours and must be discarded","A concentrated liquid prepared by simmering bones and aromatics","3","41/10/20/15","41/72/70/63","4 (longest)","1 of 4 (shortest to longest)","85.0%","25.0%","25.0%","Tier exceeded 40% pick-longest accuracy; highest-gap rows selected first.","Proposed only — not applied to question source","Keyed answer unchanged. One to three distractors were expanded so correct-answer length ranks balance across the tier; human content approval required."
"food-hard-33","Food & Drink","Hard","What is beurre manié?","Equal parts soft butter and flour kneaded into a paste","Equal parts soft butter and flour kneaded into a paste","Butter browned until nutty","Butter clarified over low heat","Butter whipped with herbs","Equal parts soft butter and flour kneaded into a paste","Butter cooked until its milk solids turn brown and smell nutty","Butter clarified over low heat","Butter beaten together with chopped herbs, spices, and seasoning","2","54/26/30/25","54/62/30/64","4 (longest)","2 of 4 (shortest to longest)","85.0%","25.0%","25.0%","Tier exceeded 40% pick-longest accuracy; highest-gap rows selected first.","Proposed only — not applied to question source","Keyed answer unchanged. One to three distractors were expanded so correct-answer length ranks balance across the tier; human content approval required."
"food-hard-35","Food & Drink","Hard","What is an autolyse in bread making?","A rest after mixing flour and water before further kneading","A rest after mixing flour and water before further kneading","The final rise after shaping","Cooling bread before slicing","Adding steam during baking","A rest after mixing flour and water before further kneading","The final fermentation undergone by shaped dough before it enters the oven","The period in which a freshly baked loaf cools before it can be sliced","The addition of steam to an oven to help form a thin, crisp crust","3","59/28/28/26","59/74/70/65","4 (longest)","1 of 4 (shortest to longest)","85.0%","25.0%","25.0%","Tier exceeded 40% pick-longest accuracy; highest-gap rows selected first.","Proposed only — not applied to question source","Keyed answer unchanged. One to three distractors were expanded so correct-answer length ranks balance across the tier; human content approval required."
"food-hard-4","Food & Drink","Hard","What is 'koji' and what is it used for?","A mould used to ferment sake, miso, and soy sauce","A mould used to ferment sake, miso, and soy sauce","A Japanese knife","A seaweed","A rice variety","A mould used to ferment sake, miso, and soy sauce","A Japanese single-bevel knife designed for slicing raw seafood","A dried seaweed used to season broths and wrap portions of rice","A short-grain rice variety traditionally reserved for brewing sake","3","49/16/9/14","49/62/63/66","4 (longest)","1 of 4 (shortest to longest)","85.0%","25.0%","25.0%","Tier exceeded 40% pick-longest accuracy; highest-gap rows selected first.","Proposed only — not applied to question source","Keyed answer unchanged. One to three distractors were expanded so correct-answer length ranks balance across the tier; human content approval required."
"food-hard-40","Food & Drink","Hard","What is dextrinization?","Breaking starch into shorter chains with dry heat","Breaking starch into shorter chains with dry heat","Fermenting sugar into alcohol","Coagulating milk with acid","Whipping fat and sugar together","Breaking starch into shorter chains with dry heat","Fermenting sugar into alcohol","Coagulating milk with acid","Air incorporated by beating solid fat with crystalline sugar","1","49/29/26/31","49/29/26/60","4 (longest)","3 of 4 (shortest to longest)","85.0%","25.0%","25.0%","Tier exceeded 40% pick-longest accuracy; highest-gap rows selected first.","Proposed only — not applied to question source","Keyed answer unchanged. One to three distractors were expanded so correct-answer length ranks balance across the tier; human content approval required."
"food-hard-6","Food & Drink","Hard","What is 'gluten' formed from?","Glutenin and gliadin proteins hydrated and worked","Glutenin and gliadin proteins hydrated and worked","Starch and water","Fat and flour","Sugar and yeast","Glutenin and gliadin proteins hydrated and worked","Starch and water","Fat coating particles of flour before any liquid is introduced","Yeast consuming sugar and releasing carbon dioxide throughout the dough","2","49/16/13/15","49/16/62/71","4 (longest)","2 of 4 (shortest to longest)","85.0%","25.0%","25.0%","Tier exceeded 40% pick-longest accuracy; highest-gap rows selected first.","Proposed only — not applied to question source","Keyed answer unchanged. One to three distractors were expanded so correct-answer length ranks balance across the tier; human content approval required."
"food-hard-7","Food & Drink","Hard","What does 'AOC' or 'AOP' certification indicate in France?","A protected designation tied to origin and method","A protected designation tied to origin and method","A quality score","An organic label","A restaurant rating","A protected designation tied to origin and method","A numerical panel score reflecting the overall sensory quality of a product","A certification that ingredients were grown without prohibited chemicals","A restaurant rating","2","49/15/16/19","49/75/72/19","4 (longest)","2 of 4 (shortest to longest)","85.0%","25.0%","25.0%","Tier exceeded 40% pick-longest accuracy; highest-gap rows selected first.","Proposed only — not applied to question source","Keyed answer unchanged. One to three distractors were expanded so correct-answer length ranks balance across the tier; human content approval required."
"food-hard-8","Food & Drink","Hard","What is 'nixtamalization'?","Treating maize with an alkaline solution","Treating maize with an alkaline solution","Fermenting rice","Smoking chillies","Drying tomatoes","Treating maize with an alkaline solution","Fermenting rice","Smoking chillies","Dehydrating tomatoes slowly in sunlight or a low-temperature oven","1","40/15/16/15","40/15/16/65","4 (longest)","3 of 4 (shortest to longest)","85.0%","25.0%","25.0%","Tier exceeded 40% pick-longest accuracy; highest-gap rows selected first.","Proposed only — not applied to question source","Keyed answer unchanged. One to three distractors were expanded so correct-answer length ranks balance across the tier; human content approval required."
"food-medium-13","Food & Drink","Medium","What is 'clarified butter'?","Butter with milk solids and water removed","Butter with milk solids and water removed","Whipped butter","Salted butter","Cultured butter","Butter with milk solids and water removed","Butter aerated by beating until it becomes soft and light","Salted butter","Butter inoculated with lactic bacteria before it is churned","2","41/14/13/15","41/57/13/59","4 (longest)","2 of 4 (shortest to longest)","62.1%","32.1%","32.1%","Tier exceeded 40% pick-longest accuracy; highest-gap rows selected first.","Proposed only — not applied to question source","Keyed answer unchanged. One to three distractors were expanded so correct-answer length ranks balance across the tier; human content approval required."
"food-medium-15","Food & Drink","Medium","What is the Maillard reaction responsible for?","Browning and savoury flavour development","Browning and savoury flavour development","Fermentation","Curdling","Emulsification","Browning and savoury flavour development","Microbes converting sugars into acids, alcohol, or gas","Curdling","Emulsification","1","40/12/8/14","40/54/8/14","4 (longest)","3 of 4 (shortest to longest)","62.1%","32.1%","32.1%","Tier exceeded 40% pick-longest accuracy; highest-gap rows selected first.","Proposed only — not applied to question source","Keyed answer unchanged. One to three distractors were expanded so correct-answer length ranks balance across the tier; human content approval required."
"food-medium-17","Food & Drink","Medium","What is 'tempering' chocolate for?","Producing a glossy finish and clean snap","Producing a glossy finish and clean snap","Making it sweeter","Melting it faster","Removing cocoa butter","Producing a glossy finish and clean snap","Increasing the sugar content by blending in syrup or sweetener","Melting it faster","Extracting most of the cocoa butter from the chocolate mixture","2","40/17/17/21","40/62/17/62","4 (longest)","2 of 4 (shortest to longest)","62.1%","32.1%","32.1%","Tier exceeded 40% pick-longest accuracy; highest-gap rows selected first.","Proposed only — not applied to question source","Keyed answer unchanged. One to three distractors were expanded so correct-answer length ranks balance across the tier; human content approval required."
"food-medium-19","Food & Drink","Medium","What is an emulsion in cooking?","One normally immiscible liquid dispersed in another","One normally immiscible liquid dispersed in another","A thickened stock","A dry spice rub","A fermented paste","One normally immiscible liquid dispersed in another","A stock thickened with starch or gelatin until it coats a spoon","Powdered spices and salt rubbed onto food before it is cooked","A fermented paste","2","51/17/15/17","51/63/61/17","4 (longest)","2 of 4 (shortest to longest)","62.1%","32.1%","32.1%","Tier exceeded 40% pick-longest accuracy; highest-gap rows selected first.","Proposed only — not applied to question source","Keyed answer unchanged. One to three distractors were expanded so correct-answer length ranks balance across the tier; human content approval required."
"food-medium-21","Food & Drink","Medium","What does 'blanching' involve?","Brief boiling followed by an ice bath","Brief boiling followed by an ice bath","Slow roasting","Deep frying","Curing in salt","Brief boiling followed by an ice bath","Cooking food for a long period with dry heat in an uncovered oven","Submerging food in hot fat until its outer surface becomes crisp","Curing in salt","2","37/13/11/14","37/65/64/14","4 (longest)","2 of 4 (shortest to longest)","62.1%","32.1%","32.1%","Tier exceeded 40% pick-longest accuracy; highest-gap rows selected first.","Proposed only — not applied to question source","Keyed answer unchanged. One to three distractors were expanded so correct-answer length ranks balance across the tier; human content approval required."
"food-medium-25","Food & Drink","Medium","What is 'sous vide' cooking?","Sealing food and cooking it in precisely controlled water","Sealing food and cooking it in precisely controlled water","Cooking over an open flame","Steaming in bamboo","Slow smoking","Sealing food and cooking it in precisely controlled water","Cooking over an open flame","Steaming in bamboo","Exposing food to cool wood smoke over a period of several hours","1","57/26/18/12","57/26/18/63","4 (longest)","3 of 4 (shortest to longest)","62.1%","32.1%","32.1%","Tier exceeded 40% pick-longest accuracy; highest-gap rows selected first.","Proposed only — not applied to question source","Keyed answer unchanged. One to three distractors were expanded so correct-answer length ranks balance across the tier; human content approval required."
"food-medium-29","Food & Drink","Medium","What is 'curing' meat with salt intended to do?","Preserve it by drawing out moisture","Preserve it by drawing out moisture","Add sweetness","Tenderise it only","Increase fat content","Preserve it by drawing out moisture","Sweetening the meat's surface by applying a sugar-based glaze","Softening muscle fibres without materially extending storage life","Increase fat content","2","35/13/17/20","35/61/65/20","4 (longest)","2 of 4 (shortest to longest)","62.1%","32.1%","32.1%","Tier exceeded 40% pick-longest accuracy; highest-gap rows selected first.","Proposed only — not applied to question source","Keyed answer unchanged. One to three distractors were expanded so correct-answer length ranks balance across the tier; human content approval required."
"food-medium-37","Food & Drink","Medium","What forms the base of a classic beurre blanc sauce?","Butter whisked into a reduced acidic liquid","Butter whisked into a reduced acidic liquid","Tomatoes simmered with stock","Egg yolks blended with oil","Milk thickened with flour","Butter whisked into a reduced acidic liquid","Tomatoes simmered with stock and aromatics until reduced","Egg yolks blended slowly with oil to create an emulsion","Milk cooked with a butter-and-flour roux until thickened","3","43/28/26/25","43/56/55/56","4 (longest)","1 of 4 (shortest to longest)","62.1%","32.1%","32.1%","Tier exceeded 40% pick-longest accuracy; highest-gap rows selected first.","Proposed only — not applied to question source","Keyed answer unchanged. One to three distractors were expanded so correct-answer length ranks balance across the tier; human content approval required."
"food-medium-38","Food & Drink","Medium","What is masa harina?","Flour made from dried nixtamalized corn","Flour made from dried nixtamalized corn","Coarsely ground rice","Roasted chickpea flour","Raw wheat bran","Flour made from dried nixtamalized corn","Coarsely ground rice","Roasted chickpea flour","The outer bran layer milled from uncooked wheat kernels","1","39/20/22/14","39/20/22/55","4 (longest)","3 of 4 (shortest to longest)","62.1%","32.1%","32.1%","Tier exceeded 40% pick-longest accuracy; highest-gap rows selected first.","Proposed only — not applied to question source","Keyed answer unchanged. One to three distractors were expanded so correct-answer length ranks balance across the tier; human content approval required."
"food-medium-39","Food & Drink","Medium","What is aquafaba?","The cooking liquid from chickpeas or other legumes","The cooking liquid from chickpeas or other legumes","Saltwater used to cure fish","Clarified butter","Fermented rice vinegar","The cooking liquid from chickpeas or other legumes","Concentrated saltwater used to preserve fish before smoking","Clarified butter","Fermented rice vinegar","1","50/27/16/22","50/59/16/22","4 (longest)","3 of 4 (shortest to longest)","62.1%","32.1%","32.1%","Tier exceeded 40% pick-longest accuracy; highest-gap rows selected first.","Proposed only — not applied to question source","Keyed answer unchanged. One to three distractors were expanded so correct-answer length ranks balance across the tier; human content approval required."
"food-medium-5","Food & Drink","Medium","What is 'mise en place'?","Preparing and arranging ingredients before cooking","Preparing and arranging ingredients before cooking","Plating a dish","A French sauce","A cut of beef","Preparing and arranging ingredients before cooking","Arranging finished components decoratively on a serving plate","A French sauce","A named portion cut from a particular section of a beef carcass","2","50/14/14/13","50/61/14/63","4 (longest)","2 of 4 (shortest to longest)","62.1%","32.1%","32.1%","Tier exceeded 40% pick-longest accuracy; highest-gap rows selected first.","Proposed only — not applied to question source","Keyed answer unchanged. One to three distractors were expanded so correct-answer length ranks balance across the tier; human content approval required."
"food-medium-7","Food & Drink","Medium","In classical culinary usage, how do stock and broth usually differ?","Stock emphasizes bones; broth emphasizes meat","Stock emphasizes bones; broth emphasizes meat","Broth is always thicker","Stock is always vegetarian","Broth is never seasoned","Stock emphasizes bones; broth emphasizes meat","Broth is always thickened with starch, while stock is left unthickened","Stock is made exclusively from vegetables, while broth always uses meat","Broth is never seasoned during cooking, while stock is heavily salted","3","45/23/26/23","45/70/71/69","4 (longest)","1 of 4 (shortest to longest)","62.1%","32.1%","32.1%","Tier exceeded 40% pick-longest accuracy; highest-gap rows selected first.","Proposed only — not applied to question source","Keyed answer unchanged. One to three distractors were expanded so correct-answer length ranks balance across the tier; human content approval required."
"football-easy-32","Football","Easy","What is the usual purpose of a punt?","To give up possession while moving the opponent farther from the goal","To give up possession while moving the opponent farther from the goal","To score three points","To restart after a touchdown","To earn a new set of downs automatically","To give up possession while moving the opponent farther from the goal","To attempt a field goal worth three points from the current line of scrimmage","To place the ball back in play after a touchdown without using a kickoff","To receive an automatic first down while continuing to possess the ball","3","69/21/28/40","69/77/72/71","4 (longest)","1 of 4 (shortest to longest)","47.3%","37.3%","37.3%","Tier exceeded 40% pick-longest accuracy; highest-gap rows selected first.","Proposed only — not applied to question source","Keyed answer unchanged. One to three distractors were expanded so correct-answer length ranks balance across the tier; human content approval required."
"football-easy-34","Football","Easy","What is a huddle?","A brief gathering where players receive the play call","A brief gathering where players receive the play call","A pile formed after every tackle","The officials' replay review","A celebration after a score","A brief gathering where players receive the play call","A pile formed after every tackle","The officials' replay review","A coordinated end-zone celebration performed after a team scores","1","53/32/28/27","53/32/28/64","4 (longest)","3 of 4 (shortest to longest)","47.3%","37.3%","37.3%","Tier exceeded 40% pick-longest accuracy; highest-gap rows selected first.","Proposed only — not applied to question source","Keyed answer unchanged. One to three distractors were expanded so correct-answer length ranks balance across the tier; human content approval required."
"football-easy-37","Football","Easy","What does a kick returner try to do?","Advance a kickoff or punt after receiving it","Advance a kickoff or punt after receiving it","Snap the ball on field goals","Block only the placekicker","Hold the ball for a punt","Advance a kickoff or punt after receiving it","Deliver the snap accurately to the holder during a field-goal attempt","Prevent only the opposing placekicker from reaching a loose football","Catch the long snap and hold the football steady for the team's punter","3","44/28/26/24","44/69/68/70","4 (longest)","1 of 4 (shortest to longest)","47.3%","37.3%","37.3%","Tier exceeded 40% pick-longest accuracy; highest-gap rows selected first.","Proposed only — not applied to question source","Keyed answer unchanged. One to three distractors were expanded so correct-answer length ranks balance across the tier; human content approval required."
"football-easy-40","Football","Easy","What is a handoff?","Transferring the ball directly from one teammate to another","Transferring the ball directly from one teammate to another","Throwing beyond the line of scrimmage","Kicking the ball after a score","Snapping to the punter","Transferring the ball directly from one teammate to another","Throwing a forward pass after crossing the line of scrimmage","Kicking the ball to the opponent after the offense scores a touchdown","Snapping the ball directly from the centre to the team's punter","3","59/37/30/22","59/60/69/63","4 (longest)","1 of 4 (shortest to longest)","47.3%","37.3%","37.3%","Tier exceeded 40% pick-longest accuracy; highest-gap rows selected first.","Proposed only — not applied to question source","Keyed answer unchanged. One to three distractors were expanded so correct-answer length ranks balance across the tier; human content approval required."
"football-hard-10","Football","Hard","What is 'intentional grounding'?","Throwing away a pass under pressure with no eligible receiver nearby","Spiking to stop the clock","Throwing away a pass under pressure with no eligible receiver nearby","Kneeling to end a game","A blocked field goal","Throwing the ball directly into the ground after the snap to stop the clock","Throwing away a pass under pressure with no eligible receiver nearby","Kneeling to end a game","A blocked field goal","1","25/68/22/20","75/68/22/20","4 (longest)","3 of 4 (shortest to longest)","63.7%","31.2%","31.2%","Tier exceeded 40% pick-longest accuracy; highest-gap rows selected first.","Proposed only — not applied to question source","Keyed answer unchanged. One to three distractors were expanded so correct-answer length ranks balance across the tier; human content approval required."
"football-hard-18","Football","Hard","What is a 'chip block'?","A block by a back or tight end before releasing into a route","A block by a back or tight end before releasing into a route","A block below the waist","A block on special teams","An illegal block from behind","A block by a back or tight end before releasing into a route","A block below the waist","A block on special teams","Striking an opponent from behind above the level of the waist","1","60/23/24/28","60/23/24/61","4 (longest)","3 of 4 (shortest to longest)","63.7%","31.2%","31.2%","Tier exceeded 40% pick-longest accuracy; highest-gap rows selected first.","Proposed only — not applied to question source","Keyed answer unchanged. One to three distractors were expanded so correct-answer length ranks balance across the tier; human content approval required."
"football-hard-2","Football","Hard","What is the 'tuck rule' historically associated with?","Whether a quarterback's motion is a pass or a fumble","Kickoff placement","Whether a quarterback's motion is a pass or a fumble","Helmet fitting","Uniform length","Kickoff placement","Whether a quarterback's motion is a pass or a fumble","Helmet fitting","The regulations controlling the dimensions of numbers on a uniform","1","17/52/14/14","17/52/14/66","4 (longest)","3 of 4 (shortest to longest)","63.7%","31.2%","31.2%","Tier exceeded 40% pick-longest accuracy; highest-gap rows selected first.","Proposed only — not applied to question source","Keyed answer unchanged. One to three distractors were expanded so correct-answer length ranks balance across the tier; human content approval required."
"football-hard-21","Football","Hard","What is the 'franchise tag'?","A one-year contract designation for a pending free agent","A jersey patch","A one-year contract designation for a pending free agent","A stadium naming right","A draft pick trade","A commemorative patch displaying the club's logo on every jersey","A one-year contract designation for a pending free agent","A sponsorship agreement granting a company the naming rights to a stadium","A transaction exchanging a future draft selection for a current player","3","14/56/22/18","64/56/73/70","4 (longest)","1 of 4 (shortest to longest)","63.7%","31.2%","31.2%","Tier exceeded 40% pick-longest accuracy; highest-gap rows selected first.","Proposed only — not applied to question source","Keyed answer unchanged. One to three distractors were expanded so correct-answer length ranks balance across the tier; human content approval required."
"football-hard-22","Football","Hard","What is 'Cover 0'?","Man coverage with no deep safety help","Man coverage with no deep safety help","A prevent defense","A goal-line stand","A zone blitz","Man coverage with no deep safety help","A deep zone alignment designed to prevent a late long completion","A goal-line stand","A zone coverage combined with an unexpected rush by a linebacker","2","37/17/17/12","37/64/17/64","4 (longest)","2 of 4 (shortest to longest)","63.7%","31.2%","31.2%","Tier exceeded 40% pick-longest accuracy; highest-gap rows selected first.","Proposed only — not applied to question source","Keyed answer unchanged. One to three distractors were expanded so correct-answer length ranks balance across the tier; human content approval required."
"football-hard-27","Football","Hard","What is 'the Immaculate Reception' remembered as?","A famous deflected catch by Franco Harris","A famous deflected catch by Franco Harris","A record punt return","A blocked field goal","A last-second safety","A famous deflected catch by Franco Harris","A record punt return","A special-teams play that blocked a potential game-winning field goal","A safety scored on the final play to decide a championship game","2","41/20/20/20","41/20/69/63","4 (longest)","2 of 4 (shortest to longest)","63.7%","31.2%","31.2%","Tier exceeded 40% pick-longest accuracy; highest-gap rows selected first.","Proposed only — not applied to question source","Keyed answer unchanged. One to three distractors were expanded so correct-answer length ranks balance across the tier; human content approval required."
"football-hard-29","Football","Hard","What is a football 'Hail Mary' named for?","A prayer, describing a desperate long pass","A prayer, describing a desperate long pass","A coach named Mary","A stadium in Texas","The Marist College offense","A prayer, describing a desperate long pass","A former coach named Mary who was believed to have popularized the play","A Texas stadium where desperate long passes were first attempted","The Marist College offense","2","42/18/18/26","42/71/64/26","4 (longest)","2 of 4 (shortest to longest)","63.7%","31.2%","31.2%","Tier exceeded 40% pick-longest accuracy; highest-gap rows selected first.","Proposed only — not applied to question source","Keyed answer unchanged. One to three distractors were expanded so correct-answer length ranks balance across the tier; human content approval required."
"football-hard-31","Football","Hard","Where does the quarterback align in a pistol formation?","A few yards behind centre with a running back directly behind","A few yards behind centre with a running back directly behind","Under centre with two backs beside them","At wide receiver","Seven yards deep with no back behind","A few yards behind centre with a running back directly behind","Directly under centre with one running back aligned on either side","At wide receiver while another offensive player receives the snap","Seven yards behind centre with no running back anywhere behind","3","61/39/16/36","61/66/65/62","4 (longest)","1 of 4 (shortest to longest)","63.7%","31.2%","31.2%","Tier exceeded 40% pick-longest accuracy; highest-gap rows selected first.","Proposed only — not applied to question source","Keyed answer unchanged. One to three distractors were expanded so correct-answer length ranks balance across the tier; human content approval required."
"football-hard-34","Football","Hard","What is the core of the passing concept called 'mesh'?","Two shallow crossing routes that pass close together","Two shallow crossing routes that pass close together","Four vertical routes","A running back screen","A fade route paired with a slant","Two shallow crossing routes that pass close together","Four receivers running vertically to stretch every deep defender","A running back screen","A fade route paired with a slant","1","52/20/21/32","52/64/21/32","4 (longest)","3 of 4 (shortest to longest)","63.7%","31.2%","31.2%","Tier exceeded 40% pick-longest accuracy; highest-gap rows selected first.","Proposed only — not applied to question source","Keyed answer unchanged. One to three distractors were expanded so correct-answer length ranks balance across the tier; human content approval required."
"football-hard-35","Football","Hard","What distinguishes Tampa 2 from a basic Cover 2 zone?","The middle linebacker carries deep down the centre","The middle linebacker carries deep down the centre","Both cornerbacks blitz","Only one safety plays deep","Every defender uses man coverage","The middle linebacker carries deep down the centre","Both outside cornerbacks rushing the passer from opposite edges","One safety rotating to the deep middle while the other moves underneath","Every eligible receiver being covered by one assigned defender","3","50/22/26/32","50/63/71/62","4 (longest)","1 of 4 (shortest to longest)","63.7%","31.2%","31.2%","Tier exceeded 40% pick-longest accuracy; highest-gap rows selected first.","Proposed only — not applied to question source","Keyed answer unchanged. One to three distractors were expanded so correct-answer length ranks balance across the tier; human content approval required."
"football-hard-37","Football","Hard","What is a trap block designed to do?","Let a defender penetrate before a blocker strikes from the side","Let a defender penetrate before a blocker strikes from the side","Hold two defenders at once","Block only defensive backs","Seal the sideline on a punt","Let a defender penetrate before a blocker strikes from the side","Hold two defenders at once","Block only defensive backs","A coverage player being directed toward the sideline during a punt","1","63/26/26/27","63/26/26/66","4 (longest)","3 of 4 (shortest to longest)","63.7%","31.2%","31.2%","Tier exceeded 40% pick-longest accuracy; highest-gap rows selected first.","Proposed only — not applied to question source","Keyed answer unchanged. One to three distractors were expanded so correct-answer length ranks balance across the tier; human content approval required."
"football-hard-39","Football","Hard","What is a pooch punt?","A deliberately short, high punt intended to limit a return","A deliberately short, high punt intended to limit a return","A punt kicked after crossing the line","A punt returned for a touchdown","A low kickoff along the ground","A deliberately short, high punt intended to limit a return","A punt kicked after crossing the line","A punt returned for a touchdown","A low, bouncing kickoff deliberately driven along the surface of the field","1","58/37/31/30","58/37/31/74","4 (longest)","3 of 4 (shortest to longest)","63.7%","31.2%","31.2%","Tier exceeded 40% pick-longest accuracy; highest-gap rows selected first.","Proposed only — not applied to question source","Keyed answer unchanged. One to three distractors were expanded so correct-answer length ranks balance across the tier; human content approval required."
"football-hard-5","Football","Hard","What is an 'illegal formation' penalty usually caused by?","Too few players on the line of scrimmage","Too few players on the line of scrimmage","A late snap","An uncovered kicker","A missed huddle","Too few players on the line of scrimmage","The offense failing to begin the snap before the play clock reaches zero","An eligible receiver entering without first reporting an unusual jersey number","The offense leaving its huddle with twelve players still on the field","3","40/11/19/15","40/72/78/69","4 (longest)","1 of 4 (shortest to longest)","63.7%","31.2%","31.2%","Tier exceeded 40% pick-longest accuracy; highest-gap rows selected first.","Proposed only — not applied to question source","Keyed answer unchanged. One to three distractors were expanded so correct-answer length ranks balance across the tier; human content approval required."
"football-medium-15","Football","Medium","What does 'third and long' describe?","Third down with many yards still needed","A long field goal attempt","Third down with many yards still needed","The third quarter","A long kickoff return","A field-goal attempt taken from an unusually great distance","Third down with many yards still needed","The final possession played before the third quarter comes to an end","A kickoff carried a long distance before the returner is tackled","3","25/39/17/21","59/39/68/64","4 (longest)","1 of 4 (shortest to longest)","49.0%","36.5%","36.5%","Tier exceeded 40% pick-longest accuracy; highest-gap rows selected first.","Proposed only — not applied to question source","Keyed answer unchanged. One to three distractors were expanded so correct-answer length ranks balance across the tier; human content approval required."
"football-medium-28","Football","Medium","What is a 'blitz'?","Sending extra rushers at the quarterback","A long touchdown pass","Sending extra rushers at the quarterback","A no-huddle offense","A quick kick","A long touchdown pass","Sending extra rushers at the quarterback","An offense beginning each play without gathering in a huddle","A surprise punt attempted before the defense expects the kick","2","21/40/19/12","21/40/60/61","4 (longest)","2 of 4 (shortest to longest)","49.0%","36.5%","36.5%","Tier exceeded 40% pick-longest accuracy; highest-gap rows selected first.","Proposed only — not applied to question source","Keyed answer unchanged. One to three distractors were expanded so correct-answer length ranks balance across the tier; human content approval required."
"football-medium-36","Football","Medium","What is a touchback?","A dead ball awarded to the receiving team at a rules-designated spot","A dead ball awarded to the receiving team at a rules-designated spot","A defensive touchdown","A punt returned to the kicking team","A pass caught behind the quarterback","A dead ball awarded to the receiving team at a rules-designated spot","A defensive player recovering the ball and carrying it into the end zone","A punt controlled by a player from the team that originally kicked it","A completed pass caught by a receiver positioned behind the quarterback","3","68/21/35/36","68/72/69/71","4 (longest)","1 of 4 (shortest to longest)","49.0%","36.5%","36.5%","Tier exceeded 40% pick-longest accuracy; highest-gap rows selected first.","Proposed only — not applied to question source","Keyed answer unchanged. One to three distractors were expanded so correct-answer length ranks balance across the tier; human content approval required."
"football-medium-38","Football","Medium","What is a quarterback scramble?","An improvised run after a pass play breaks down","An improvised run after a pass play breaks down","A designed handoff to the fullback","A quick kneel to end the game","A lateral during a kickoff return","An improvised run after a pass play breaks down","A designed handoff to the fullback","A quarterback kneeling immediately after the snap to end the game","A lateral during a kickoff return","1","47/34/29/33","47/34/65/33","4 (longest)","3 of 4 (shortest to longest)","49.0%","36.5%","36.5%","Tier exceeded 40% pick-longest accuracy; highest-gap rows selected first.","Proposed only — not applied to question source","Keyed answer unchanged. One to three distractors were expanded so correct-answer length ranks balance across the tier; human content approval required."
"football-medium-40","Football","Medium","What is a quarterback's cadence?","The spoken rhythm and signals used before the snap","The spoken rhythm and signals used before the snap","The sequence of pass routes","The order of substitutions","The pace of the game clock","The spoken rhythm and signals used before the snap","The ordered combination of routes assigned to eligible receivers","The order of substitutions","The pace of the game clock","1","50/27/26/26","50/64/26/26","4 (longest)","3 of 4 (shortest to longest)","49.0%","36.5%","36.5%","Tier exceeded 40% pick-longest accuracy; highest-gap rows selected first.","Proposed only — not applied to question source","Keyed answer unchanged. One to three distractors were expanded so correct-answer length ranks balance across the tier; human content approval required."
"geography-hard-15","Geography","Hard","What is the Ring of Fire?","A belt of volcanoes and earthquakes around the Pacific","A belt of volcanoes and earthquakes around the Pacific","An African rift","A Mediterranean fault line","An Atlantic ridge","A belt of volcanoes and earthquakes around the Pacific","A zone of crustal stretching running through eastern Africa","A Mediterranean fault line","A submarine mountain chain extending down the middle of the Atlantic","2","54/15/26/17","54/59/26/68","4 (longest)","2 of 4 (shortest to longest)","61.3%","31.2%","31.2%","Tier exceeded 40% pick-longest accuracy; highest-gap rows selected first.","Proposed only — not applied to question source","Keyed answer unchanged. One to three distractors were expanded so correct-answer length ranks balance across the tier; human content approval required."
"geography-hard-16","Geography","Hard","Which two countries share the island of Hispaniola?","Haiti and the Dominican Republic","Haiti and the Dominican Republic","Cuba and Jamaica","Trinidad and Tobago","Saint Kitts and Nevis","Haiti and the Dominican Republic","The Republic of Cuba and the Commonwealth of The Bahamas","Jamaica and the Republic of Trinidad and Tobago","Saint Kitts and Nevis","2","32/16/19/21","32/56/47/21","4 (longest)","2 of 4 (shortest to longest)","61.3%","31.2%","31.2%","Tier exceeded 40% pick-longest accuracy; highest-gap rows selected first.","Proposed only — not applied to question source","Keyed answer unchanged. One to three distractors were expanded so correct-answer length ranks balance across the tier; human content approval required."
"geography-hard-17","Geography","Hard","What is the Sahel?","A semi-arid belt south of the Sahara","A semi-arid belt south of the Sahara","A mountain range","A river system","A coastal plain","A semi-arid belt south of the Sahara","A connected chain of high mountains crossing northern Africa","A network of rivers and drainage basins in central Africa","A low-lying fertile plain bordering the Atlantic coast of Africa","3","36/16/14/15","36/60/57/64","4 (longest)","1 of 4 (shortest to longest)","61.3%","31.2%","31.2%","Tier exceeded 40% pick-longest accuracy; highest-gap rows selected first.","Proposed only — not applied to question source","Keyed answer unchanged. One to three distractors were expanded so correct-answer length ranks balance across the tier; human content approval required."
"geography-hard-19","Geography","Hard","What is a 'thalweg' in geography?","The line of lowest elevation along a valley or river channel","The line of lowest elevation along a valley or river channel","A ridge crest","A coastal current","A glacial terminus","The line of lowest elevation along a valley or river channel","The highest line connecting mountain peaks along the divide between drainage basins","A persistent flow of seawater moving parallel to a nearby shoreline","The downslope boundary where a moving glacier ends and begins melting","3","60/13/17/18","60/83/67/69","4 (longest)","1 of 4 (shortest to longest)","61.3%","31.2%","31.2%","Tier exceeded 40% pick-longest accuracy; highest-gap rows selected first.","Proposed only — not applied to question source","Keyed answer unchanged. One to three distractors were expanded so correct-answer length ranks balance across the tier; human content approval required."
"geography-hard-22","Geography","Hard","Which country was formerly known as Upper Volta?","Burkina Faso","Burkina Faso","Mali","Niger","Benin","Burkina Faso","Guinea-Bissau","Niger","Benin","1","12/4/5/5","12/13/5/5","4 (longest)","3 of 4 (shortest to longest)","61.3%","31.2%","31.2%","Tier exceeded 40% pick-longest accuracy; highest-gap rows selected first.","Proposed only — not applied to question source","Keyed answer unchanged. One to three distractors were expanded so correct-answer length ranks balance across the tier; human content approval required."
"geography-hard-23","Geography","Hard","What is orographic rainfall caused by?","Air forced upward over mountains","Air forced upward over mountains","Convection over warm seas","Frontal collision","Urban heat","Air forced upward over mountains","Warm, moist air rising by convection over a tropical sea","Warm and cold air masses meeting along a frontal boundary","Rising air currents produced by a strong urban heat island","3","32/25/17/10","32/56/57/58","4 (longest)","1 of 4 (shortest to longest)","61.3%","31.2%","31.2%","Tier exceeded 40% pick-longest accuracy; highest-gap rows selected first.","Proposed only — not applied to question source","Keyed answer unchanged. One to three distractors were expanded so correct-answer length ranks balance across the tier; human content approval required."
"geography-hard-25","Geography","Hard","What is a 'karst' landscape formed by?","Dissolution of soluble rock such as limestone","Dissolution of soluble rock such as limestone","Glacial scouring","Volcanic deposition","Wind erosion","Dissolution of soluble rock such as limestone","Glacial scouring","Volcanic deposition","Wind carrying away loose sediment exposed at the surface","1","45/16/19/12","45/16/19/56","4 (longest)","3 of 4 (shortest to longest)","61.3%","31.2%","31.2%","Tier exceeded 40% pick-longest accuracy; highest-gap rows selected first.","Proposed only — not applied to question source","Keyed answer unchanged. One to three distractors were expanded so correct-answer length ranks balance across the tier; human content approval required."
"geography-hard-27","Geography","Hard","What does 'antipode' mean?","The point on Earth's surface diametrically opposite another","The point on Earth's surface diametrically opposite another","The magnetic pole","The highest latitude reached","A tidal maximum","The point on Earth's surface diametrically opposite another","The geographic pole toward which a magnetic compass is aligned","The greatest northern or southern latitude reached along a route","The coastal location experiencing the maximum height of a tide","3","59/17/28/15","59/62/64/62","4 (longest)","1 of 4 (shortest to longest)","61.3%","31.2%","31.2%","Tier exceeded 40% pick-longest accuracy; highest-gap rows selected first.","Proposed only — not applied to question source","Keyed answer unchanged. One to three distractors were expanded so correct-answer length ranks balance across the tier; human content approval required."
"geography-hard-29","Geography","Hard","What is a 'graben' in geology?","A block of crust dropped between two faults","A block of crust dropped between two faults","A volcanic plug","A sediment fan","A raised beach","A block of crust dropped between two faults","A resistant magma body exposed after the surrounding rock erodes","A fan-shaped sediment deposit where a stream leaves a mountain valley","A former shoreline raised above the present level of the sea","3","43/15/14/14","43/64/69/60","4 (longest)","1 of 4 (shortest to longest)","61.3%","31.2%","31.2%","Tier exceeded 40% pick-longest accuracy; highest-gap rows selected first.","Proposed only — not applied to question source","Keyed answer unchanged. One to three distractors were expanded so correct-answer length ranks balance across the tier; human content approval required."
"geography-hard-40","Geography","Hard","Which countries share the densely populated Fergana Valley?","Uzbekistan, Kyrgyzstan, and Tajikistan","Uzbekistan, Kyrgyzstan, and Tajikistan","Kazakhstan, Russia, and Mongolia","Iran, Iraq, and Turkey","India, Nepal, and Bhutan","Uzbekistan, Kyrgyzstan, and Tajikistan","Kazakhstan, Turkmenistan, and Afghanistan","Iran, Iraq, and Turkey","India, Nepal, and Bhutan","1","38/32/22/24","38/41/22/24","4 (longest)","3 of 4 (shortest to longest)","61.3%","31.2%","31.2%","Tier exceeded 40% pick-longest accuracy; highest-gap rows selected first.","Proposed only — not applied to question source","Keyed answer unchanged. One to three distractors were expanded so correct-answer length ranks balance across the tier; human content approval required."
"geography-hard-7","Geography","Hard","What geological feature is the Great Rift Valley?","A continental divergence zone in East Africa","A continental divergence zone in East Africa","A mountain chain","A glacial moraine","A coastal shelf","A continental divergence zone in East Africa","A continuous chain of folded mountains along a plate collision","A glacial moraine","A shallow submerged platform bordering the edge of a continent","2","44/16/17/15","44/62/17/62","4 (longest)","2 of 4 (shortest to longest)","61.3%","31.2%","31.2%","Tier exceeded 40% pick-longest accuracy; highest-gap rows selected first.","Proposed only — not applied to question source","Keyed answer unchanged. One to three distractors were expanded so correct-answer length ranks balance across the tier; human content approval required."
"geography-hard-9","Geography","Hard","What is an exclave?","Territory separated from the main country by other states","Territory separated from the main country by other states","An island territory","A disputed border zone","A colonial possession","Territory separated from the main country by other states","An overseas territory located on an island apart from its governing state","A disputed border zone","A possession governed politically by a distant imperial power","2","57/19/22/21","57/73/22/61","4 (longest)","2 of 4 (shortest to longest)","61.3%","31.2%","31.2%","Tier exceeded 40% pick-longest accuracy; highest-gap rows selected first.","Proposed only — not applied to question source","Keyed answer unchanged. One to three distractors were expanded so correct-answer length ranks balance across the tier; human content approval required."
"history-hard-16","History","Hard","What was the Hanseatic League?","A medieval northern European trading confederation","A medieval northern European trading confederation","A Crusader alliance","An Italian banking network","A Byzantine military order","A medieval northern European trading confederation","A coalition of Crusader states coordinating campaigns in the eastern Mediterranean","A network of Italian banking families financing monarchs and popes","A Byzantine military order","2","50/19/26/26","50/82/66/26","4 (longest)","2 of 4 (shortest to longest)","51.9%","34.4%","34.4%","Tier exceeded 40% pick-longest accuracy; highest-gap rows selected first.","Proposed only — not applied to question source","Keyed answer unchanged. One to three distractors were expanded so correct-answer length ranks balance across the tier; human content approval required."
"history-hard-20","History","Hard","What was the Antonine Wall?","A Roman frontier wall in what is now Scotland","A Roman frontier wall in what is now Scotland","A wall around Rome","A Byzantine sea wall","A Gallic fortification","A Roman frontier wall in what is now Scotland","A defensive circuit encircling the imperial capital of Rome","A coastal fortification protecting Constantinople from attack by sea","A Gallic fortification","2","45/18/20/22","45/59/68/22","4 (longest)","2 of 4 (shortest to longest)","51.9%","34.4%","34.4%","Tier exceeded 40% pick-longest accuracy; highest-gap rows selected first.","Proposed only — not applied to question source","Keyed answer unchanged. One to three distractors were expanded so correct-answer length ranks balance across the tier; human content approval required."
"history-hard-22","History","Hard","What was the Trail of Tears?","The forced removal of Native American nations from the southeastern US","The forced removal of Native American nations from the southeastern US","A Civil War retreat","A gold rush route","A Confederate supply line","The forced removal of Native American nations from the southeastern US","An organized Union Army withdrawal after a major defeat in the Civil War","An overland trail followed by prospectors travelling to western goldfields","A Confederate supply line","2","70/19/17/25","70/72/74/25","4 (longest)","2 of 4 (shortest to longest)","51.9%","34.4%","34.4%","Tier exceeded 40% pick-longest accuracy; highest-gap rows selected first.","Proposed only — not applied to question source","Keyed answer unchanged. One to three distractors were expanded so correct-answer length ranks balance across the tier; human content approval required."
"history-hard-24","History","Hard","What did the Bretton Woods conference establish in 1944?","The postwar international monetary system","The postwar international monetary system","The United Nations","NATO","The European Union","The postwar international monetary system","A global organization for collective diplomacy and international peacekeeping","A military alliance linking North America with the nations of western Europe","A political and economic union binding together the states of postwar Europe","3","41/18/4/18","41/77/76/76","4 (longest)","1 of 4 (shortest to longest)","51.9%","34.4%","34.4%","Tier exceeded 40% pick-longest accuracy; highest-gap rows selected first.","Proposed only — not applied to question source","Keyed answer unchanged. One to three distractors were expanded so correct-answer length ranks balance across the tier; human content approval required."
"history-hard-29","History","Hard","What was the Enlightenment principally concerned with?","Reason, science, and individual rights","Reason, science, and individual rights","Monastic reform","Feudal land tenure","Guild regulation","Reason, science, and individual rights","The renewal of discipline and doctrine inside European monasteries","Feudal land tenure","The legal regulation of crafts and commerce by powerful urban guilds","2","38/15/18/16","38/66/18/68","4 (longest)","2 of 4 (shortest to longest)","51.9%","34.4%","34.4%","Tier exceeded 40% pick-longest accuracy; highest-gap rows selected first.","Proposed only — not applied to question source","Keyed answer unchanged. One to three distractors were expanded so correct-answer length ranks balance across the tier; human content approval required."
"history-hard-37","History","Hard","What were the Tanzimat reforms?","A nineteenth-century Ottoman modernization programme","A nineteenth-century Ottoman modernization programme","A Russian peasant uprising","A Mughal tax system","A Japanese isolation policy","A nineteenth-century Ottoman modernization programme","A nineteenth-century Russian rural rebellion against serfdom and taxes","A Mughal administrative system for assessing and collecting land revenue","A Japanese isolation policy","2","52/26/19/27","52/70/72/27","4 (longest)","2 of 4 (shortest to longest)","51.9%","34.4%","34.4%","Tier exceeded 40% pick-longest accuracy; highest-gap rows selected first.","Proposed only — not applied to question source","Keyed answer unchanged. One to three distractors were expanded so correct-answer length ranks balance across the tier; human content approval required."
"history-hard-9","History","Hard","What was the Zimmermann Telegram?","A German proposal of alliance with Mexico in 1917","A German proposal of alliance with Mexico in 1917","A Russian surrender offer","A British naval code","An Austrian ultimatum","A German proposal of alliance with Mexico in 1917","The Russian government's terms for ending its participation in World War I","A British system for encoding confidential orders sent to its naval fleet","An Austro-Hungarian ultimatum delivered to Serbia after an assassination","3","49/25/20/21","49/74/73/72","4 (longest)","1 of 4 (shortest to longest)","51.9%","34.4%","34.4%","Tier exceeded 40% pick-longest accuracy; highest-gap rows selected first.","Proposed only — not applied to question source","Keyed answer unchanged. One to three distractors were expanded so correct-answer length ranks balance across the tier; human content approval required."
"history-medium-22","History","Medium","What was the Underground Railroad?","A network helping enslaved people escape to freedom","A network helping enslaved people escape to freedom","An early subway system","A wartime supply line","A mining transport network","A network helping enslaved people escape to freedom","An experimental underground passenger railway beneath an early American city","A protected corridor used to move military supplies during wartime","A system of narrow-gauge rails built to carry ore out of a mine","3","51/22/21/26","51/76/66/63","4 (longest)","1 of 4 (shortest to longest)","43.3%","38.3%","38.3%","Tier exceeded 40% pick-longest accuracy; highest-gap rows selected first.","Proposed only — not applied to question source","Keyed answer unchanged. One to three distractors were expanded so correct-answer length ranks balance across the tier; human content approval required."
"history-medium-32","History","Medium","What was the main purpose of the Council of Trent?","To direct Catholic reform and answer the Protestant Reformation","To direct Catholic reform and answer the Protestant Reformation","To unite the Roman and Byzantine empires","To plan the First Crusade","To abolish monastic orders","To direct Catholic reform and answer the Protestant Reformation","To unite the Roman and Byzantine empires","To coordinate a European military campaign to recapture Jerusalem","To dissolve monastic orders and transfer their property to secular rulers","2","63/40/25/26","63/40/65/73","4 (longest)","2 of 4 (shortest to longest)","43.3%","38.3%","38.3%","Tier exceeded 40% pick-longest accuracy; highest-gap rows selected first.","Proposed only — not applied to question source","Keyed answer unchanged. One to three distractors were expanded so correct-answer length ranks balance across the tier; human content approval required."
"movies-hard-1","Movies","Hard","What is the Kuleshov effect?","Meaning created by the juxtaposition of shots","Meaning created by the juxtaposition of shots","A lighting technique","A lens distortion","A sound mixing method","Meaning created by the juxtaposition of shots","A lighting technique","A warped screen perspective produced by the extreme curvature of a lens","A sound mixing method","1","45/20/17/21","45/20/71/21","4 (longest)","3 of 4 (shortest to longest)","73.1%","28.1%","28.1%","Tier exceeded 40% pick-longest accuracy; highest-gap rows selected first.","Proposed only — not applied to question source","Keyed answer unchanged. One to three distractors were expanded so correct-answer length ranks balance across the tier; human content approval required."
"movies-hard-11","Movies","Hard","What is 'day for night' shooting?","Filming in daylight and treating it to look like night","Filming in daylight and treating it to look like night","Shooting only after sunset","Using practical moonlight","Reshooting a scene the next day","Filming in daylight and treating it to look like night","Filming exterior scenes only during the hours between sunset and sunrise","Illuminating a set exclusively with naturally reflected moonlight","Returning to the same location on the following day to repeat a scene","3","54/26/25/31","54/72/65/69","4 (longest)","1 of 4 (shortest to longest)","73.1%","28.1%","28.1%","Tier exceeded 40% pick-longest accuracy; highest-gap rows selected first.","Proposed only — not applied to question source","Keyed answer unchanged. One to three distractors were expanded so correct-answer length ranks balance across the tier; human content approval required."
"movies-hard-13","Movies","Hard","What does the term 'auteur theory' propose?","The director is the primary creative author of a film","The director is the primary creative author of a film","The screenwriter owns the work","Studios shape films most","Editors determine meaning","The director is the primary creative author of a film","The screenwriter owns the work","A studio's collective commercial decisions are what primarily shape a film","The editor's construction of the sequence determines the film's authorship","2","53/30/24/25","53/30/74/74","4 (longest)","2 of 4 (shortest to longest)","73.1%","28.1%","28.1%","Tier exceeded 40% pick-longest accuracy; highest-gap rows selected first.","Proposed only — not applied to question source","Keyed answer unchanged. One to three distractors were expanded so correct-answer length ranks balance across the tier; human content approval required."
"movies-hard-14","Movies","Hard","What is a 'match cut'?","A cut linking two shots by visual or aural similarity","A cut linking two shots by visual or aural similarity","A jump in time","A fade to black","A split screen","A cut linking two shots by visual or aural similarity","An abrupt edit that skips forward within one continuous action","A gradual transition in which the existing image darkens completely","A frame divided into panels that display simultaneous actions","3","53/14/15/14","53/62/67/61","4 (longest)","1 of 4 (shortest to longest)","73.1%","28.1%","28.1%","Tier exceeded 40% pick-longest accuracy; highest-gap rows selected first.","Proposed only — not applied to question source","Keyed answer unchanged. One to three distractors were expanded so correct-answer length ranks balance across the tier; human content approval required."
"movies-hard-16","Movies","Hard","What is 'the 180-degree rule'?","Keeping the camera on one side of an imaginary axis between subjects","Keeping the camera on one side of an imaginary axis between subjects","Rotating the camera fully","Reversing the film","Shooting in a semicircle","Keeping the camera on one side of an imaginary axis between subjects","Turning the camera through a complete circle during one uninterrupted shot","Playing exposed film backwards so that movement appears to reverse on screen","Arranging cameras along a semicircular track surrounding the performers","3","68/25/18/24","68/74/76/71","4 (longest)","1 of 4 (shortest to longest)","73.1%","28.1%","28.1%","Tier exceeded 40% pick-longest accuracy; highest-gap rows selected first.","Proposed only — not applied to question source","Keyed answer unchanged. One to three distractors were expanded so correct-answer length ranks balance across the tier; human content approval required."
"movies-hard-18","Movies","Hard","What was the Technicolor three-strip process?","A method recording three colour records on separate film strips","A method recording three colour records on separate film strips","An early sound system","A widescreen format","A projection lamp","A method recording three colour records on separate film strips","An early optical sound system that recorded audio along the edge of the film","A widescreen exhibition method that used several synchronized projectors","A high-intensity projection lamp designed to display brighter colours","3","63/21/19/17","63/76/72/69","4 (longest)","1 of 4 (shortest to longest)","73.1%","28.1%","28.1%","Tier exceeded 40% pick-longest accuracy; highest-gap rows selected first.","Proposed only — not applied to question source","Keyed answer unchanged. One to three distractors were expanded so correct-answer length ranks balance across the tier; human content approval required."
"movies-hard-23","Movies","Hard","What is colour grading?","Adjusting a film's colour and contrast in post-production","Adjusting a film's colour and contrast in post-production","Choosing set paint","Selecting film stock","Lighting a scene","Adjusting a film's colour and contrast in post-production","Selecting the exact paint colours applied to scenery and physical props","Choosing a film stock with a particular grain structure and light sensitivity","Setting the brightness and colour of every lamp before photography begins","3","57/18/20/16","57/71/77/73","4 (longest)","1 of 4 (shortest to longest)","73.1%","28.1%","28.1%","Tier exceeded 40% pick-longest accuracy; highest-gap rows selected first.","Proposed only — not applied to question source","Keyed answer unchanged. One to three distractors were expanded so correct-answer length ranks balance across the tier; human content approval required."
"movies-hard-24","Movies","Hard","What is a 'rough cut'?","An early assembly of a film before fine editing","An early assembly of a film before fine editing","The final release version","A trailer","A test screening report","An early assembly of a film before fine editing","The final release version","A short edited preview assembled to advertise the forthcoming feature","A test screening report","1","47/25/9/23","47/25/69/23","4 (longest)","3 of 4 (shortest to longest)","73.1%","28.1%","28.1%","Tier exceeded 40% pick-longest accuracy; highest-gap rows selected first.","Proposed only — not applied to question source","Keyed answer unchanged. One to three distractors were expanded so correct-answer length ranks balance across the tier; human content approval required."
"movies-hard-26","Movies","Hard","What does 'box office gross' mean?","Total ticket revenue before deductions","Total ticket revenue before deductions","Studio profit","Marketing spend","Net earnings after tax","Total ticket revenue before deductions","Revenue remaining after a studio has recovered the production budget","The total amount spent to advertise and distribute a finished movie","Company income after taxes and contractual expenses have been deducted","3","38/13/15/22","38/68/67/70","4 (longest)","1 of 4 (shortest to longest)","73.1%","28.1%","28.1%","Tier exceeded 40% pick-longest accuracy; highest-gap rows selected first.","Proposed only — not applied to question source","Keyed answer unchanged. One to three distractors were expanded so correct-answer length ranks balance across the tier; human content approval required."
"movies-hard-27","Movies","Hard","What is a 'steadicam'?","A stabilizing camera rig worn by an operator","A stabilizing camera rig worn by an operator","A fixed tripod","A drone","A remote-controlled dolly","A stabilizing camera rig worn by an operator","A stationary three-legged support that holds a camera in one position","An unmanned aircraft carrying a small camera above the filmed action","A remote-controlled dolly","2","44/14/7/25","44/69/68/25","4 (longest)","2 of 4 (shortest to longest)","73.1%","28.1%","28.1%","Tier exceeded 40% pick-longest accuracy; highest-gap rows selected first.","Proposed only — not applied to question source","Keyed answer unchanged. One to three distractors were expanded so correct-answer length ranks balance across the tier; human content approval required."
"movies-hard-29","Movies","Hard","What was 'New Hollywood'?","A period of director-driven American filmmaking from the late 1960s","A period of director-driven American filmmaking from the late 1960s","A studio","A distribution company","A film festival","A period of director-driven American filmmaking from the late 1960s","A single film studio created to compete with the established companies","A business that acquired screening rights and supplied films to theatres","A film festival","2","67/8/22/15","67/70/72/15","4 (longest)","2 of 4 (shortest to longest)","73.1%","28.1%","28.1%","Tier exceeded 40% pick-longest accuracy; highest-gap rows selected first.","Proposed only — not applied to question source","Keyed answer unchanged. One to three distractors were expanded so correct-answer length ranks balance across the tier; human content approval required."
"movies-hard-30","Movies","Hard","What is 'anamorphic' lensing?","Squeezing a wide image onto standard film, then unsqueezing it","Squeezing a wide image onto standard film, then unsqueezing it","Adding grain","Shooting in black and white","Filming underwater","Squeezing a wide image onto standard film, then unsqueezing it","Digitally adding simulated grain to an otherwise clean recorded image","Shooting in black and white","Placing the camera in a watertight housing below the surface of the water","2","62/12/27/18","62/69/27/73","4 (longest)","2 of 4 (shortest to longest)","73.1%","28.1%","28.1%","Tier exceeded 40% pick-longest accuracy; highest-gap rows selected first.","Proposed only — not applied to question source","Keyed answer unchanged. One to three distractors were expanded so correct-answer length ranks balance across the tier; human content approval required."
"movies-hard-36","Movies","Hard","What is an L-cut in film editing?","Audio from the first shot continues over the next image","Audio from the first shot continues over the next image","A shot is rotated ninety degrees","Two scenes end on identical frames","The picture cuts before any sound begins","Audio from the first shot continues over the next image","The image turns through a quarter rotation while the normal audio continues","Two separate sequences conclude on frames with precisely matching compositions","The picture cuts before any sound begins","2","55/32/34/40","55/75/78/40","4 (longest)","2 of 4 (shortest to longest)","73.1%","28.1%","28.1%","Tier exceeded 40% pick-longest accuracy; highest-gap rows selected first.","Proposed only — not applied to question source","Keyed answer unchanged. One to three distractors were expanded so correct-answer length ranks balance across the tier; human content approval required."
"movies-hard-38","Movies","Hard","What is rotoscoping?","Tracing or referencing live-action footage frame by frame for animation","Tracing or referencing live-action footage frame by frame for animation","Projecting scenery behind actors","Recording dialogue after filming","Shooting miniatures at high speed","Tracing or referencing live-action footage frame by frame for animation","Projecting filmed scenery onto a screen positioned behind live performers","Recording dialogue after filming","Filming scale models at an increased frame rate to simulate greater mass","2","71/32/32/33","71/73/32/72","4 (longest)","2 of 4 (shortest to longest)","73.1%","28.1%","28.1%","Tier exceeded 40% pick-longest accuracy; highest-gap rows selected first.","Proposed only — not applied to question source","Keyed answer unchanged. One to three distractors were expanded so correct-answer length ranks balance across the tier; human content approval required."
"movies-hard-39","Movies","Hard","What does cinéma vérité seek to emphasize?","Direct engagement with real people and events using lightweight documentary methods","Direct engagement with real people and events using lightweight documentary methods","Elaborate studio spectacle","Silent comedy performed on sets","Animation without dialogue","Direct engagement with real people and events using lightweight documentary methods","Carefully constructed studio spectacle relying on controlled lighting, sets, and rehearsed performers","Physical comedy staged on artificial sets with silent performers and carefully planned camera positions","Animated sequences created entirely without recorded dialogue or footage of real people and events","3","83/26/31/26","83/101/103/98","4 (longest)","1 of 4 (shortest to longest)","73.1%","28.1%","28.1%","Tier exceeded 40% pick-longest accuracy; highest-gap rows selected first.","Proposed only — not applied to question source","Keyed answer unchanged. One to three distractors were expanded so correct-answer length ranks balance across the tier; human content approval required."
"movies-hard-40","Movies","Hard","What does 'pre-Code Hollywood' refer to?","American films made before strict Production Code enforcement in 1934","American films made before strict Production Code enforcement in 1934","Films made before sound was invented","Movies released before the first Academy Awards","Independent films made outside California","American films made before strict Production Code enforcement in 1934","Films made before sound was invented","Movies released before the Academy held its first annual awards ceremony","Independent films made outside California","1","69/36/47/41","69/36/72/41","4 (longest)","3 of 4 (shortest to longest)","73.1%","28.1%","28.1%","Tier exceeded 40% pick-longest accuracy; highest-gap rows selected first.","Proposed only — not applied to question source","Keyed answer unchanged. One to three distractors were expanded so correct-answer length ranks balance across the tier; human content approval required."
"movies-hard-5","Movies","Hard","What was the Hays Code?","A self-imposed American film content standard","A self-imposed American film content standard","A union agreement","A film stock format","A distribution contract","A self-imposed American film content standard","A labour contract establishing pay and working hours for union film crews","A standardized size and perforation pattern for motion-picture film stock","A business agreement governing the right to supply movies to theatres","3","45/17/19/23","45/73/73/69","4 (longest)","1 of 4 (shortest to longest)","73.1%","28.1%","28.1%","Tier exceeded 40% pick-longest accuracy; highest-gap rows selected first.","Proposed only — not applied to question source","Keyed answer unchanged. One to three distractors were expanded so correct-answer length ranks balance across the tier; human content approval required."
"movies-hard-9","Movies","Hard","What does 'mise-en-scène' refer to?","Everything arranged within the frame","Everything arranged within the frame","The editing rhythm","The musical score","The distribution plan","Everything arranged within the frame","The tempo and pattern created by the length and order of edited shots","The musical score","The distribution plan","1","36/18/17/21","36/69/17/21","4 (longest)","3 of 4 (shortest to longest)","73.1%","28.1%","28.1%","Tier exceeded 40% pick-longest accuracy; highest-gap rows selected first.","Proposed only — not applied to question source","Keyed answer unchanged. One to three distractors were expanded so correct-answer length ranks balance across the tier; human content approval required."
"movies-medium-25","Movies","Medium","What is a 'MacGuffin'?","An object that drives the plot but matters little in itself","An object that drives the plot but matters little in itself","A camera movement","A type of lens","A closing credit","An object that drives the plot but matters little in itself","A planned movement that carries the camera through the scene during a shot","An optical assembly that determines the image's angle of view and focus","A final title card identifying the last credited member of the film crew","3","59/17/14/16","59/74/71/72","4 (longest)","1 of 4 (shortest to longest)","40.6%","38.1%","38.1%","Tier exceeded 40% pick-longest accuracy; highest-gap rows selected first.","Proposed only — not applied to question source","Keyed answer unchanged. One to three distractors were expanded so correct-answer length ranks balance across the tier; human content approval required."
"music-hard-10","Music","Hard","What does 'ostinato' mean?","A persistently repeated musical figure","A persistently repeated musical figure","A sudden silence","A rising scale","A key change","A persistently repeated musical figure","A sudden silence","A rising scale","A harmonic shift from an established tonal centre to another","1","38/16/14/12","38/16/14/60","4 (longest)","3 of 4 (shortest to longest)","85.6%","23.1%","26.9%","Tier exceeded 40% pick-longest accuracy; highest-gap rows selected first.","Proposed only — not applied to question source","Keyed answer unchanged. One to three distractors were expanded so correct-answer length ranks balance across the tier; human content approval required."
"music-hard-13","Music","Hard","What does 'rubato' instruct a performer to do?","Flexibly stretch and compress the tempo","Flexibly stretch and compress the tempo","Play strictly in time","Play very loudly","Repeat a section","Flexibly stretch and compress the tempo","Play strictly in time","Increase the dynamic level to the strongest marked volume","Repeat a section","1","39/21/16/16","39/21/57/16","4 (longest)","3 of 4 (shortest to longest)","85.6%","23.1%","26.9%","Tier exceeded 40% pick-longest accuracy; highest-gap rows selected first.","Proposed only — not applied to question source","Keyed answer unchanged. One to three distractors were expanded so correct-answer length ranks balance across the tier; human content approval required."
"music-hard-14","Music","Hard","What is the 'circle of fifths' used for?","Showing relationships between keys and their signatures","Showing relationships between keys and their signatures","Tuning drums","Measuring tempo","Naming intervals only","Showing relationships between keys and their signatures","Adjusting the tension of drumheads to tune percussion instruments","Calculating the number of beats performed during each minute","Naming intervals only","2","55/12/15/21","55/65/60/21","4 (longest)","2 of 4 (shortest to longest)","85.6%","23.1%","26.9%","Tier exceeded 40% pick-longest accuracy; highest-gap rows selected first.","Proposed only — not applied to question source","Keyed answer unchanged. One to three distractors were expanded so correct-answer length ranks balance across the tier; human content approval required."
"music-hard-15","Music","Hard","What is 'counterpoint'?","The relationship between independent simultaneous melodies","The relationship between independent simultaneous melodies","A rhythmic accent","A chord inversion","A vocal technique","The relationship between independent simultaneous melodies","A deliberate stress placed on a weak beat or rhythmic subdivision","A rearrangement of chord tones that places a non-root note in the bass","A vocal method that changes the resonance and placement of the voice","3","58/17/17/17","58/65/70/68","4 (longest)","1 of 4 (shortest to longest)","85.6%","23.1%","26.9%","Tier exceeded 40% pick-longest accuracy; highest-gap rows selected first.","Proposed only — not applied to question source","Keyed answer unchanged. One to three distractors were expanded so correct-answer length ranks balance across the tier; human content approval required."
"music-hard-18","Music","Hard","What does through-composed mean?","Using new music for successive sections rather than repeating one stanza's music","Using new music for successive sections rather than repeating one stanza's music","Built entirely on one chord","Composed at the keyboard","Written only for full orchestra","Using new music for successive sections rather than repeating one stanza's music","Sustaining one unchanging harmony as the foundation of the entire composition from beginning to end","Creating every musical section spontaneously at a keyboard during one live performance","Scoring the work exclusively for a complete symphony orchestra without voices or soloists","3","80/27/24/31","80/99/86/89","4 (longest)","1 of 4 (shortest to longest)","85.6%","23.1%","26.9%","Tier exceeded 40% pick-longest accuracy; highest-gap rows selected first.","Proposed only — not applied to question source","Keyed answer unchanged. One to three distractors were expanded so correct-answer length ranks balance across the tier; human content approval required."
"music-hard-19","Music","Hard","What is just intonation?","Tuning based on simple whole-number frequency ratios","Tuning based on simple whole-number frequency ratios","Tuning every note to A440","Dividing the octave into equal semitones","Randomly varying pitch","Tuning based on simple whole-number frequency ratios","Tuning every instrument to a reference pitch fixed at exactly A440","Dividing each octave into equal steps on a logarithmic frequency scale","Changing the tuning of each pitch unpredictably at every performance","3","52/25/40/22","52/66/70/68","4 (longest)","1 of 4 (shortest to longest)","85.6%","23.1%","26.9%","Tier exceeded 40% pick-longest accuracy; highest-gap rows selected first.","Proposed only — not applied to question source","Keyed answer unchanged. One to three distractors were expanded so correct-answer length ranks balance across the tier; human content approval required."
"music-hard-2","Music","Hard","What does 'twelve-tone technique' involve?","Using all twelve chromatic pitches in a fixed order","Using all twelve chromatic pitches in a fixed order","Twelve-bar blues","A twelve-note scale","Twelve instruments","Using all twelve chromatic pitches in a fixed order","Repeating the twelve-bar harmonic pattern associated with the blues","A twelve-note scale","Twelve instruments","1","51/16/19/18","51/67/19/18","4 (longest)","3 of 4 (shortest to longest)","85.6%","23.1%","26.9%","Tier exceeded 40% pick-longest accuracy; highest-gap rows selected first.","Proposed only — not applied to question source","Keyed answer unchanged. One to three distractors were expanded so correct-answer length ranks balance across the tier; human content approval required."
"music-hard-20","Music","Hard","What is a 'ground bass'?","A repeating bass line over which the upper parts vary","A repeating bass line over which the upper parts vary","The lowest note of a chord","A bass drum pattern","An open string","A repeating bass line over which the upper parts vary","The lowest note of a chord","A bass drum pattern","The lowest pitch a string produces without touching the fingerboard","1","53/26/19/14","53/26/19/67","4 (longest)","3 of 4 (shortest to longest)","85.6%","23.1%","26.9%","Tier exceeded 40% pick-longest accuracy; highest-gap rows selected first.","Proposed only — not applied to question source","Keyed answer unchanged. One to three distractors were expanded so correct-answer length ranks balance across the tier; human content approval required."
"music-hard-22","Music","Hard","What is 'timbre'?","The tonal colour that distinguishes instruments","The tonal colour that distinguishes instruments","The loudness","The pitch","The rhythm","The tonal colour that distinguishes instruments","The amplitude heard as the relative strength or softness of a sound","The frequency heard as the relative highness or lowness of a note","The arrangement of durations and accents within the flow of musical time","3","47/12/9/10","47/67/65/72","4 (longest)","1 of 4 (shortest to longest)","85.6%","23.1%","26.9%","Tier exceeded 40% pick-longest accuracy; highest-gap rows selected first.","Proposed only — not applied to question source","Keyed answer unchanged. One to three distractors were expanded so correct-answer length ranks balance across the tier; human content approval required."
"music-hard-26","Music","Hard","What is a 'motet'?","A polyphonic choral composition, often sacred","A polyphonic choral composition, often sacred","A solo song with lute","An orchestral overture","A folk dance","A polyphonic choral composition, often sacred","A solo vocal composition accompanied by a plucked lute","An orchestral overture","A traditional dance melody passed between members of a community","2","45/21/22/12","45/54/22/64","4 (longest)","2 of 4 (shortest to longest)","85.6%","23.1%","26.9%","Tier exceeded 40% pick-longest accuracy; highest-gap rows selected first.","Proposed only — not applied to question source","Keyed answer unchanged. One to three distractors were expanded so correct-answer length ranks balance across the tier; human content approval required."
"music-hard-27","Music","Hard","What does 'enharmonic' mean?","Two note names for the same pitch","Two note names for the same pitch","A dissonant chord","A microtonal interval","A modulation","Two note names for the same pitch","A chord containing intervals that create unresolved harmonic tension","A microtonal interval","A movement from one established key centre to a different one","2","33/17/21/12","33/68/21/61","4 (longest)","2 of 4 (shortest to longest)","85.6%","23.1%","26.9%","Tier exceeded 40% pick-longest accuracy; highest-gap rows selected first.","Proposed only — not applied to question source","Keyed answer unchanged. One to three distractors were expanded so correct-answer length ranks balance across the tier; human content approval required."
"music-hard-29","Music","Hard","What does 'MIDI' transmit between electronic instruments?","Performance data rather than audio","Performance data rather than audio","Recorded audio","Video sync","Sheet music images","Performance data rather than audio","A digitized waveform representing performed or recorded sound","Timing pulses used to coordinate separate video and audio devices","Sheet music images","2","34/14/10/18","34/61/65/18","4 (longest)","2 of 4 (shortest to longest)","85.6%","23.1%","26.9%","Tier exceeded 40% pick-longest accuracy; highest-gap rows selected first.","Proposed only — not applied to question source","Keyed answer unchanged. One to three distractors were expanded so correct-answer length ranks balance across the tier; human content approval required."
"music-hard-3","Music","Hard","What is a 'fugue'?","A contrapuntal work where a theme is imitated across voices","A contrapuntal work where a theme is imitated across voices","A slow introduction","A dance movement","A vocal solo","A contrapuntal work where a theme is imitated across voices","A slow introduction","A self-contained movement based on the rhythm of a social dance","A composition written for one singer without independent vocal lines","2","59/19/16/12","59/19/63/68","4 (longest)","2 of 4 (shortest to longest)","85.6%","23.1%","26.9%","Tier exceeded 40% pick-longest accuracy; highest-gap rows selected first.","Proposed only — not applied to question source","Keyed answer unchanged. One to three distractors were expanded so correct-answer length ranks balance across the tier; human content approval required."
"music-hard-30","Music","Hard","What is 'the Tristan chord' significant for?","Its ambiguous harmony pointing toward modern tonality","Its ambiguous harmony pointing toward modern tonality","Being the loudest chord written","Its use in jazz only","Being a folk cadence","Its ambiguous harmony pointing toward modern tonality","An extreme volume marking requiring the full orchestra to play at maximum force","A chord structure whose harmonies appear exclusively in improvised jazz","A traditional closing progression derived from regional folk music","3","53/31/20/20","53/79/71/66","4 (longest)","1 of 4 (shortest to longest)","85.6%","23.1%","26.9%","Tier exceeded 40% pick-longest accuracy; highest-gap rows selected first.","Proposed only — not applied to question source","Keyed answer unchanged. One to three distractors were expanded so correct-answer length ranks balance across the tier; human content approval required."
"music-hard-31","Music","Hard","What is a hemiola?","A rhythmic regrouping that sets two groups of three against three groups of two","A rhythmic regrouping that sets two groups of three against three groups of two","A melody repeated an octave higher","A chord containing six notes","A cadence ending on the dominant","A rhythmic regrouping that sets two groups of three against three groups of two","A melodic line repeated one octave above its original pitch without any rhythmic alteration","A vertical sonority constructed from exactly six different notes sounding at the same time","A closing progression that pauses on dominant harmony rather than returning to the tonic","3","79/34/28/32","79/91/90/88","4 (longest)","1 of 4 (shortest to longest)","85.6%","23.1%","26.9%","Tier exceeded 40% pick-longest accuracy; highest-gap rows selected first.","Proposed only — not applied to question source","Keyed answer unchanged. One to three distractors were expanded so correct-answer length ranks balance across the tier; human content approval required."
"music-hard-33","Music","Hard","What does figured bass notation tell a continuo player?","Which intervals or chords to realize above a bass line","Which intervals or chords to realize above a bass line","The exact orchestral instrumentation","How loudly the singer should perform","The words of each verse","Which intervals or chords to realize above a bass line","The exact list of orchestral instruments required to perform the full score","The dynamic levels and expression a singer should apply to each phrase","The complete words of the text aligned syllable by syllable below the melody","3","54/36/36/23","54/75/70/76","4 (longest)","1 of 4 (shortest to longest)","85.6%","23.1%","26.9%","Tier exceeded 40% pick-longest accuracy; highest-gap rows selected first.","Proposed only — not applied to question source","Keyed answer unchanged. One to three distractors were expanded so correct-answer length ranks balance across the tier; human content approval required."
"music-hard-35","Music","Hard","What is isorhythm in medieval music?","A repeating rhythmic pattern applied to a melodic sequence","A repeating rhythmic pattern applied to a melodic sequence","Improvisation without metre","Two choirs singing in different keys","A dance in alternating tempos","A repeating rhythmic pattern applied to a melodic sequence","A freely improvised performance with no recurring pulse or metre","Two choirs singing in different keys","A dance whose sections alternate between two contrasting tempos","2","58/27/36/29","58/64/36/63","4 (longest)","2 of 4 (shortest to longest)","85.6%","23.1%","26.9%","Tier exceeded 40% pick-longest accuracy; highest-gap rows selected first.","Proposed only — not applied to question source","Keyed answer unchanged. One to three distractors were expanded so correct-answer length ranks balance across the tier; human content approval required."
"music-hard-37","Music","Hard","What is Sprechstimme?","A vocal delivery between speaking and singing","A vocal delivery between speaking and singing","A silent choral passage","A bass drum roll","A melody played backwards","A vocal delivery between speaking and singing","A marked passage in which a choir remains silent for a prescribed number of bars","A sustained roll played on the bass drum beneath an orchestral crescendo","A melodic line performed in the reverse of its written note order","3","45/23/16/25","45/80/72/65","4 (longest)","1 of 4 (shortest to longest)","85.6%","23.1%","26.9%","Tier exceeded 40% pick-longest accuracy; highest-gap rows selected first.","Proposed only — not applied to question source","Keyed answer unchanged. One to three distractors were expanded so correct-answer length ranks balance across the tier; human content approval required."
"music-hard-38","Music","Hard","What is hocket?","A melody split between voices that alternate notes or phrases","A melody split between voices that alternate notes or phrases","A sustained drone under a melody","A chord built only from fifths","A solo added before a chorus","A melody split between voices that alternate notes or phrases","A sustained drone under a melody","A harmony constructed entirely from a succession of perfect fifths","An improvised instrumental passage inserted before the chorus begins","2","61/32/30/28","61/32/66/68","4 (longest)","2 of 4 (shortest to longest)","85.6%","23.1%","26.9%","Tier exceeded 40% pick-longest accuracy; highest-gap rows selected first.","Proposed only — not applied to question source","Keyed answer unchanged. One to three distractors were expanded so correct-answer length ranks balance across the tier; human content approval required."
"music-hard-4","Music","Hard","What is 'equal temperament'?","Dividing the octave into twelve equal semitones","Dividing the octave into twelve equal semitones","Tuning to pure ratios","A dynamic marking","A tempo system","Dividing the octave into twelve equal semitones","Tuning every interval according to exact whole-number acoustic ratios","A written symbol instructing a performer to change the dynamic level","A system that organizes named tempo categories from slow to fast","3","47/21/17/14","47/69/68/64","4 (longest)","1 of 4 (shortest to longest)","85.6%","23.1%","26.9%","Tier exceeded 40% pick-longest accuracy; highest-gap rows selected first.","Proposed only — not applied to question source","Keyed answer unchanged. One to three distractors were expanded so correct-answer length ranks balance across the tier; human content approval required."
"music-hard-40","Music","Hard","What was mensural notation designed to represent?","Rhythmic durations and metre in late medieval and Renaissance music","Rhythmic durations and metre in late medieval and Renaissance music","Electronic synthesizer settings","Guitar chord diagrams","Only the pitches of plainchant","Rhythmic durations and metre in late medieval and Renaissance music","Electronic synthesizer settings","A diagram showing the string and finger positions needed for a guitar chord","Only the pitches of plainchant","1","67/31/21/30","67/31/75/30","4 (longest)","3 of 4 (shortest to longest)","85.6%","23.1%","26.9%","Tier exceeded 40% pick-longest accuracy; highest-gap rows selected first.","Proposed only — not applied to question source","Keyed answer unchanged. One to three distractors were expanded so correct-answer length ranks balance across the tier; human content approval required."
"music-hard-5","Music","Hard","What does 'Köchel number' identify?","A catalogue number for Mozart's works","A catalogue number for Mozart's works","A tempo scale","A tuning standard","A German copyright code","A catalogue number for Mozart's works","A graduated numerical scale indicating the intended performance tempo","A tuning standard","A German copyright code","1","37/13/17/23","37/69/17/23","4 (longest)","3 of 4 (shortest to longest)","85.6%","23.1%","26.9%","Tier exceeded 40% pick-longest accuracy; highest-gap rows selected first.","Proposed only — not applied to question source","Keyed answer unchanged. One to three distractors were expanded so correct-answer length ranks balance across the tier; human content approval required."
"music-hard-6","Music","Hard","What is 'sonata form' built around?","Exposition, development, and recapitulation","Exposition, development, and recapitulation","Verse and chorus","A repeated ground bass","A single theme repeated","Exposition, development, and recapitulation","Alternating recurring vocal sections organized as verses and choruses","A set of variations played above a bass pattern that never changes","A single theme repeated","2","43/16/22/23","43/69/66/23","4 (longest)","2 of 4 (shortest to longest)","85.6%","23.1%","26.9%","Tier exceeded 40% pick-longest accuracy; highest-gap rows selected first.","Proposed only — not applied to question source","Keyed answer unchanged. One to three distractors were expanded so correct-answer length ranks balance across the tier; human content approval required."
"music-hard-8","Music","Hard","What is a 'Neapolitan sixth' chord?","A major chord built on the flattened second degree","A major chord built on the flattened second degree","A diminished seventh","An inverted dominant","A suspended fourth","A major chord built on the flattened second degree","A four-note dissonant chord constructed from stacked minor thirds","A dominant harmony with its chord tones rearranged above a new bass","A chord in which the expected third is temporarily replaced by a fourth","3","50/20/20/18","50/65/67/71","4 (longest)","1 of 4 (shortest to longest)","85.6%","23.1%","26.9%","Tier exceeded 40% pick-longest accuracy; highest-gap rows selected first.","Proposed only — not applied to question source","Keyed answer unchanged. One to three distractors were expanded so correct-answer length ranks balance across the tier; human content approval required."
"music-hard-9","Music","Hard","What is 'musique concrète'?","Composition built from recorded natural sounds","Composition built from recorded natural sounds","Concrete-hall acoustics","Minimalist piano writing","Serial vocal music","Composition built from recorded natural sounds","Concrete-hall acoustics","Minimalist piano writing","A vocal composition organized according to a serially ordered pitch row","1","46/23/24/18","46/23/24/71","4 (longest)","3 of 4 (shortest to longest)","85.6%","23.1%","26.9%","Tier exceeded 40% pick-longest accuracy; highest-gap rows selected first.","Proposed only — not applied to question source","Keyed answer unchanged. One to three distractors were expanded so correct-answer length ranks balance across the tier; human content approval required."
"music-medium-11","Music","Medium","What is a 'minor key' often described as sounding?","Darker or sadder than major","Darker or sadder than major","Louder","Faster","Higher","Darker or sadder than major","Louder","Faster than equivalent music performed in a major key","Higher in register than a melody written in a major key","2","27/6/6/6","27/6/53/55","4 (longest)","2 of 4 (shortest to longest)","66.9%","29.4%","29.4%","Tier exceeded 40% pick-longest accuracy; highest-gap rows selected first.","Proposed only — not applied to question source","Keyed answer unchanged. One to three distractors were expanded so correct-answer length ranks balance across the tier; human content approval required."
"music-medium-13","Music","Medium","What is an 'arpeggio'?","The notes of a chord played in sequence","The notes of a chord played in sequence","A rapid drum roll","A key change","A vocal run","The notes of a chord played in sequence","A rapid series of repeated strokes played on a snare drum","A shift from an established tonal centre into a different key","A decorative sequence of notes sung across one extended syllable","3","39/17/12/11","39/57/61/64","4 (longest)","1 of 4 (shortest to longest)","66.9%","29.4%","29.4%","Tier exceeded 40% pick-longest accuracy; highest-gap rows selected first.","Proposed only — not applied to question source","Keyed answer unchanged. One to three distractors were expanded so correct-answer length ranks balance across the tier; human content approval required."
"music-medium-18","Music","Medium","What is falsetto?","A light vocal register produced with a different vocal-fold vibration pattern","A light vocal register produced with a different vocal-fold vibration pattern","Singing off-key","A whispered vocal","A low chest register","A light vocal register produced with a different vocal-fold vibration pattern","Singing pitches that consistently fall outside the intended tuning while keeping the same register","Producing a speech-like whispered tone with very little regular vocal-fold vibration","Using a resonant low chest register with full vocal-fold contact throughout the upper range","3","77/15/17/20","77/98/84/91","4 (longest)","1 of 4 (shortest to longest)","66.9%","29.4%","29.4%","Tier exceeded 40% pick-longest accuracy; highest-gap rows selected first.","Proposed only — not applied to question source","Keyed answer unchanged. One to three distractors were expanded so correct-answer length ranks balance across the tier; human content approval required."
"music-medium-2","Music","Medium","What does the term 'octave' describe?","The interval between a note and one at double its frequency","The interval between a note and one at double its frequency","A group of eight musicians","An eight-bar phrase","A chord of eight notes","The interval between a note and one at double its frequency","An ensemble consisting of exactly eight performing musicians","A self-contained musical phrase that lasts for eight measures","A chord built from eight different pitches sounding together","3","59/26/19/22","59/60/61/60","4 (longest)","1 of 4 (shortest to longest)","66.9%","29.4%","29.4%","Tier exceeded 40% pick-longest accuracy; highest-gap rows selected first.","Proposed only — not applied to question source","Keyed answer unchanged. One to three distractors were expanded so correct-answer length ranks balance across the tier; human content approval required."
"music-medium-20","Music","Medium","What is a concerto?","A work usually featuring one or more soloists with an orchestra","A work usually featuring one or more soloists with an orchestra","A piece only for solo piano","An unaccompanied choral work","A short dance","A work usually featuring one or more soloists with an orchestra","A piece only for solo piano","An unaccompanied choral work","A brief instrumental work based on a repeating social-dance rhythm","1","63/27/28/13","63/27/28/66","4 (longest)","3 of 4 (shortest to longest)","66.9%","29.4%","29.4%","Tier exceeded 40% pick-longest accuracy; highest-gap rows selected first.","Proposed only — not applied to question source","Keyed answer unchanged. One to three distractors were expanded so correct-answer length ranks balance across the tier; human content approval required."
"music-medium-22","Music","Medium","What does 'a minor third' refer to?","An interval of three semitones","An interval of three semitones","A third musician","A third movement","A three-beat bar","An interval of three semitones","A performer occupying the third position within an ensemble","A third movement","A metre that organizes musical pulses into repeating groups of three","2","30/16/16/16","30/59/16/68","4 (longest)","2 of 4 (shortest to longest)","66.9%","29.4%","29.4%","Tier exceeded 40% pick-longest accuracy; highest-gap rows selected first.","Proposed only — not applied to question source","Keyed answer unchanged. One to three distractors were expanded so correct-answer length ranks balance across the tier; human content approval required."
"music-medium-24","Music","Medium","What is 'sampling' in music production?","Reusing a portion of an existing recording","Reusing a portion of an existing recording","Testing studio equipment","Recording a demo","Mixing live sound","Reusing a portion of an existing recording","Testing studio equipment","Recording a demo","Balancing amplified instruments during a concert in real time","1","42/24/16/17","42/24/16/61","4 (longest)","3 of 4 (shortest to longest)","66.9%","29.4%","29.4%","Tier exceeded 40% pick-longest accuracy; highest-gap rows selected first.","Proposed only — not applied to question source","Keyed answer unchanged. One to three distractors were expanded so correct-answer length ranks balance across the tier; human content approval required."
"music-medium-30","Music","Medium","What is 'polyphony'?","Multiple independent melodic lines sounding together","Multiple independent melodic lines sounding together","A single melody","A drum pattern","An electronic effect","Multiple independent melodic lines sounding together","One unaccompanied melody performed without any harmonic counterline","A recurring rhythmic figure played by one or more percussion instruments","An electronic effect","2","52/15/14/20","52/67/72/20","4 (longest)","2 of 4 (shortest to longest)","66.9%","29.4%","29.4%","Tier exceeded 40% pick-longest accuracy; highest-gap rows selected first.","Proposed only — not applied to question source","Keyed answer unchanged. One to three distractors were expanded so correct-answer length ranks balance across the tier; human content approval required."
"music-medium-31","Music","Medium","What is a leitmotif?","A recurring musical idea associated with a character, place, or concept","A recurring musical idea associated with a character, place, or concept","A repeated drum fill","The final chord of a symphony","An improvised solo introduction","A recurring musical idea associated with a character, place, or concept","A short percussion figure repeated after every phrase to mark its rhythmic ending","The concluding harmony that resolves each movement of an entire symphony to the tonic","A spontaneous instrumental passage performed before the main composed theme begins","3","71/20/29/31","71/81/85/82","4 (longest)","1 of 4 (shortest to longest)","66.9%","29.4%","29.4%","Tier exceeded 40% pick-longest accuracy; highest-gap rows selected first.","Proposed only — not applied to question source","Keyed answer unchanged. One to three distractors were expanded so correct-answer length ranks balance across the tier; human content approval required."
"music-medium-32","Music","Medium","What is a blue note?","A pitch deliberately lowered or bent for expressive effect","A pitch deliberately lowered or bent for expressive effect","Any note played by a saxophone","The tonic of a major scale","A silent beat in a blues song","A pitch deliberately lowered or bent for expressive effect","Any musical tone produced on a saxophone regardless of its tuning","The home pitch that establishes the tonal centre of a major scale","A measured silent pause inserted within a standard twelve-bar blues","3","58/30/26/29","58/65/65/67","4 (longest)","1 of 4 (shortest to longest)","66.9%","29.4%","29.4%","Tier exceeded 40% pick-longest accuracy; highest-gap rows selected first.","Proposed only — not applied to question source","Keyed answer unchanged. One to three distractors were expanded so correct-answer length ranks balance across the tier; human content approval required."
"music-medium-34","Music","Medium","How is a theremin played?","By moving the hands near antennas without touching them","By moving the hands near antennas without touching them","By striking tuned metal bars","By blowing across glass tubes","By turning a hand crank","By moving the hands near antennas without touching them","By striking tuned metal bars","By blowing across glass tubes","By rotating a mechanical crank that activates its internal reeds","1","55/28/29/23","55/28/29/64","4 (longest)","3 of 4 (shortest to longest)","66.9%","29.4%","29.4%","Tier exceeded 40% pick-longest accuracy; highest-gap rows selected first.","Proposed only — not applied to question source","Keyed answer unchanged. One to three distractors were expanded so correct-answer length ranks balance across the tier; human content approval required."
"music-medium-35","Music","Medium","What is a prepared piano?","A piano whose sound is altered by objects placed on or between its strings","A piano whose sound is altered by objects placed on or between its strings","A piano tuned before every movement","A keyboard connected only to headphones","A piano built without pedals","A piano whose sound is altered by objects placed on or between its strings","A concert grand piano retuned separately before each movement according to its changing key","An electronic keyboard whose output is sent exclusively to the performer's private headphones","An acoustic piano manufactured without damper, sustain, or soft pedals anywhere on it","3","74/35/39/28","74/91/93/85","4 (longest)","1 of 4 (shortest to longest)","66.9%","29.4%","29.4%","Tier exceeded 40% pick-longest accuracy; highest-gap rows selected first.","Proposed only — not applied to question source","Keyed answer unchanged. One to three distractors were expanded so correct-answer length ranks balance across the tier; human content approval required."
"music-medium-37","Music","Medium","What structural feature defines a rondo?","A principal section returns between contrasting episodes","A principal section returns between contrasting episodes","Every section uses a new key and melody","Two themes are developed without return","The piece repeats one chord continuously","A principal section returns between contrasting episodes","Every section introduces an unrelated key and entirely new melodic material","Two themes are continuously transformed but neither one returns unchanged","A single harmony is repeated continuously without contrasting material","3","56/39/39/40","56/75/73/70","4 (longest)","1 of 4 (shortest to longest)","66.9%","29.4%","29.4%","Tier exceeded 40% pick-longest accuracy; highest-gap rows selected first.","Proposed only — not applied to question source","Keyed answer unchanged. One to three distractors were expanded so correct-answer length ranks balance across the tier; human content approval required."
"music-medium-4","Music","Medium","What is a 'key signature'?","Sharps or flats at the start of a staff indicating the key","Sharps or flats at the start of a staff indicating the key","The composer's signature","The tempo marking","The time signature","Sharps or flats at the start of a staff indicating the key","The composer's signature","An instruction giving the approximate speed in beats per minute","Numbers identifying the beat unit and number of beats in each measure","2","58/24/17/18","58/24/63/69","4 (longest)","2 of 4 (shortest to longest)","66.9%","29.4%","29.4%","Tier exceeded 40% pick-longest accuracy; highest-gap rows selected first.","Proposed only — not applied to question source","Keyed answer unchanged. One to three distractors were expanded so correct-answer length ranks balance across the tier; human content approval required."
"music-medium-40","Music","Medium","What is a bridge in a popular song?","A contrasting section connecting or interrupting repeated sections","A contrasting section connecting or interrupting repeated sections","The first beat of every bar","An instrumental tuning pause","A repeated chorus with identical words","A contrasting section connecting or interrupting repeated sections","The first beat of every bar","A pause used by the band to retune instruments between two sections","A chorus restated each time with exactly the same lyrics and melody","2","66/27/28/38","66/27/67/67","4 (longest)","2 of 4 (shortest to longest)","66.9%","29.4%","29.4%","Tier exceeded 40% pick-longest accuracy; highest-gap rows selected first.","Proposed only — not applied to question source","Keyed answer unchanged. One to three distractors were expanded so correct-answer length ranks balance across the tier; human content approval required."
"science-hard-10","Science","Hard","What is an isotope?","An atom with the same protons but a different number of neutrons","An atom with the same protons but a different number of neutrons","A charged atom","A molecule with two elements","An unstable molecule","An atom with the same protons but a different number of neutrons","An atom that has gained or lost electrons and therefore carries a net charge","A bonded group containing atoms belonging to two different elements","A molecule whose chemical bonds break apart spontaneously because it is unstable","3","64/14/28/20","64/76/67/80","4 (longest)","1 of 4 (shortest to longest)","86.7%","24.2%","26.2%","Tier exceeded 40% pick-longest accuracy; highest-gap rows selected first.","Proposed only — not applied to question source","Keyed answer unchanged. One to three distractors were expanded so correct-answer length ranks balance across the tier; human content approval required."
"science-hard-11","Science","Hard","What is the event horizon of a black hole?","The boundary beyond which nothing can escape","The boundary beyond which nothing can escape","The centre of the black hole","The accretion disc","The gravitational lens","The boundary beyond which nothing can escape","The centre of the black hole","The disc of extremely hot gas orbiting outside a compact object","A distorted image of a background source produced by intense gravity","2","44/28/18/22","44/28/63/68","4 (longest)","2 of 4 (shortest to longest)","86.7%","24.2%","26.2%","Tier exceeded 40% pick-longest accuracy; highest-gap rows selected first.","Proposed only — not applied to question source","Keyed answer unchanged. One to three distractors were expanded so correct-answer length ranks balance across the tier; human content approval required."
"science-hard-13","Science","Hard","What is the function of ribosomes?","Assembling proteins from amino acids","Assembling proteins from amino acids","Storing genetic material","Producing energy","Digesting waste","Assembling proteins from amino acids","Storing genetic material","Converting energy from nutrients into ATP that a cell can use","Breaking down damaged macromolecules inside cellular compartments","2","36/24/16/15","36/24/61/65","4 (longest)","2 of 4 (shortest to longest)","86.7%","24.2%","26.2%","Tier exceeded 40% pick-longest accuracy; highest-gap rows selected first.","Proposed only — not applied to question source","Keyed answer unchanged. One to three distractors were expanded so correct-answer length ranks balance across the tier; human content approval required."
"science-hard-14","Science","Hard","What is the Coriolis effect responsible for?","The deflection of moving air and water on a rotating Earth","The deflection of moving air and water on a rotating Earth","Ocean tides","Volcanic eruptions","Magnetic reversals","The deflection of moving air and water on a rotating Earth","The periodic rise and fall of the oceans under the gravity of the Moon and Sun","The release of magma, gas, and ash through openings in Earth's crust","Reversals in the orientation of Earth's magnetic field preserved in rocks","3","58/11/18/18","58/78/68/73","4 (longest)","1 of 4 (shortest to longest)","86.7%","24.2%","26.2%","Tier exceeded 40% pick-longest accuracy; highest-gap rows selected first.","Proposed only — not applied to question source","Keyed answer unchanged. One to three distractors were expanded so correct-answer length ranks balance across the tier; human content approval required."
"science-hard-16","Science","Hard","What is CRISPR primarily used for?","Editing genes at specific sequences","Editing genes at specific sequences","Amplifying DNA","Sequencing proteins","Culturing bacteria","Editing genes at specific sequences","Copying a selected DNA segment into millions of laboratory duplicates","Determining the order of amino acids in a completed protein","Growing a population of bacteria in a controlled nutrient medium","3","35/14/19/18","35/69/59/64","4 (longest)","1 of 4 (shortest to longest)","86.7%","24.2%","26.2%","Tier exceeded 40% pick-longest accuracy; highest-gap rows selected first.","Proposed only — not applied to question source","Keyed answer unchanged. One to three distractors were expanded so correct-answer length ranks balance across the tier; human content approval required."
"science-hard-19","Science","Hard","What is the difference between accuracy and precision?","Accuracy is closeness to the true value; precision is repeatability","Accuracy is closeness to the true value; precision is repeatability","They are identical","Precision is closeness to the true value","Accuracy applies only to averages","Accuracy is closeness to the true value; precision is repeatability","Accuracy and precision are two names for the same measurement property","Precision is closeness to the true value","Accuracy can describe only an average and never a single measurement","2","67/18/40/33","67/70/40/68","4 (longest)","2 of 4 (shortest to longest)","86.7%","24.2%","26.2%","Tier exceeded 40% pick-longest accuracy; highest-gap rows selected first.","Proposed only — not applied to question source","Keyed answer unchanged. One to three distractors were expanded so correct-answer length ranks balance across the tier; human content approval required."
"science-hard-21","Science","Hard","What is a mole in chemistry?","A quantity containing Avogadro's number of particles","A quantity containing Avogadro's number of particles","A unit of mass","A measure of concentration only","A type of bond","A quantity containing Avogadro's number of particles","A unit of mass used when weighing extremely small laboratory samples","A measure of concentration only","An attraction that holds atoms together through shared or transferred electrons","2","52/14/31/14","52/68/31/79","4 (longest)","2 of 4 (shortest to longest)","86.7%","24.2%","26.2%","Tier exceeded 40% pick-longest accuracy; highest-gap rows selected first.","Proposed only — not applied to question source","Keyed answer unchanged. One to three distractors were expanded so correct-answer length ranks balance across the tier; human content approval required."
"science-hard-22","Science","Hard","What is horizontal gene transfer?","Genetic material moving between organisms other than from parent to offspring","Genetic material moving between organisms other than from parent to offspring","Two species merging into one","Chromosomes lining up during mitosis","A trait disappearing through natural selection","Genetic material moving between organisms other than from parent to offspring","The complete genomes of two species combining during reproduction to create one hybrid lineage","Chromosomes lining up during mitosis","A trait disappearing through natural selection","1","77/28/36/46","77/94/36/46","4 (longest)","3 of 4 (shortest to longest)","86.7%","24.2%","26.2%","Tier exceeded 40% pick-longest accuracy; highest-gap rows selected first.","Proposed only — not applied to question source","Keyed answer unchanged. One to three distractors were expanded so correct-answer length ranks balance across the tier; human content approval required."
"science-hard-24","Science","Hard","What does an electron's orbital describe?","A probability distribution for the electron's location","A probability distribution for the electron's location","A fixed circular path","The electron's mass","The nucleus radius","A probability distribution for the electron's location","The exact circular track an electron follows around the atomic nucleus","The electron's mass","The physical distance from the centre of a nucleus to its outer edge","2","54/21/19/18","54/70/19/68","4 (longest)","2 of 4 (shortest to longest)","86.7%","24.2%","26.2%","Tier exceeded 40% pick-longest accuracy; highest-gap rows selected first.","Proposed only — not applied to question source","Keyed answer unchanged. One to three distractors were expanded so correct-answer length ranks balance across the tier; human content approval required."
"science-hard-25","Science","Hard","What is the cosmic microwave background?","Residual radiation from the early universe","Residual radiation from the early universe","Light from the nearest galaxy","Solar wind","Radiation from black holes","Residual radiation from the early universe","Light from the nearest galaxy","A stream of charged particles flowing outward from the surface of the Sun","Radiation from black holes","1","42/29/10/26","42/29/73/26","4 (longest)","3 of 4 (shortest to longest)","86.7%","24.2%","26.2%","Tier exceeded 40% pick-longest accuracy; highest-gap rows selected first.","Proposed only — not applied to question source","Keyed answer unchanged. One to three distractors were expanded so correct-answer length ranks balance across the tier; human content approval required."
"science-hard-26","Science","Hard","What is homeostasis?","Maintaining stable internal conditions","Maintaining stable internal conditions","Cell division","Genetic mutation","Energy production","Maintaining stable internal conditions","The process by which one parent cell separates into daughter cells","A permanent alteration in the nucleotide sequence of genetic material","Chemical reactions that release energy in a form the cell can use","3","38/13/16/17","38/66/69/65","4 (longest)","1 of 4 (shortest to longest)","86.7%","24.2%","26.2%","Tier exceeded 40% pick-longest accuracy; highest-gap rows selected first.","Proposed only — not applied to question source","Keyed answer unchanged. One to three distractors were expanded so correct-answer length ranks balance across the tier; human content approval required."
"science-hard-27","Science","Hard","What is the difference between a virus and a bacterium?","A virus is not a cell and needs a host to replicate","A virus is not a cell and needs a host to replicate","A virus is larger","A bacterium cannot reproduce","They are the same","A virus is not a cell and needs a host to replicate","A virus is larger","A bacterium depends completely on a host cell in order to reproduce","They are the same","1","51/17/28/17","51/17/67/17","4 (longest)","3 of 4 (shortest to longest)","86.7%","24.2%","26.2%","Tier exceeded 40% pick-longest accuracy; highest-gap rows selected first.","Proposed only — not applied to question source","Keyed answer unchanged. One to three distractors were expanded so correct-answer length ranks balance across the tier; human content approval required."
"science-hard-3","Science","Hard","What does the second law of thermodynamics state about entropy?","It never decreases in an isolated system","It never decreases in an isolated system","It is always zero","It decreases over time","It equals temperature","It never decreases in an isolated system","The entropy of every isolated system remains exactly equal to zero","Entropy spontaneously declines as an isolated system grows older","A system's entropy is numerically equal to its absolute temperature","3","40/17/22/21","40/66/64/67","4 (longest)","1 of 4 (shortest to longest)","86.7%","24.2%","26.2%","Tier exceeded 40% pick-longest accuracy; highest-gap rows selected first.","Proposed only — not applied to question source","Keyed answer unchanged. One to three distractors were expanded so correct-answer length ranks balance across the tier; human content approval required."
"science-hard-30","Science","Hard","What is dark matter inferred from?","Gravitational effects that visible matter cannot explain","Gravitational effects that visible matter cannot explain","Direct telescope images","Radio emissions","Neutrino detectors","Gravitational effects that visible matter cannot explain","Direct telescope photographs showing dark particles blocking distant stars","Characteristic radio waves emitted by atoms that compose dark matter","Neutrino detectors counting particles produced by the decay of dark matter","3","56/23/15/18","56/74/68/74","4 (longest)","1 of 4 (shortest to longest)","86.7%","24.2%","26.2%","Tier exceeded 40% pick-longest accuracy; highest-gap rows selected first.","Proposed only — not applied to question source","Keyed answer unchanged. One to three distractors were expanded so correct-answer length ranks balance across the tier; human content approval required."
"science-hard-31","Science","Hard","What does chirality mean in chemistry?","A structure is not superimposable on its mirror image","A structure is not superimposable on its mirror image","A molecule has no carbon atoms","A reaction releases light","A bond contains shared electrons","A structure is not superimposable on its mirror image","A molecule has no carbon atoms","A chemical reaction releases some of its energy as visible light","A bond contains shared electrons","1","53/30/25/32","53/30/64/32","4 (longest)","3 of 4 (shortest to longest)","86.7%","24.2%","26.2%","Tier exceeded 40% pick-longest accuracy; highest-gap rows selected first.","Proposed only — not applied to question source","Keyed answer unchanged. One to three distractors were expanded so correct-answer length ranks balance across the tier; human content approval required."
"science-hard-32","Science","Hard","What is a Lagrange point in orbital mechanics?","A location where a small object can orbit in a constant pattern with two larger bodies","A location where a small object can orbit in a constant pattern with two larger bodies","The point where a planet's atmosphere ends","The centre of a galaxy","The closest point of any orbit to the Sun","A location where a small object can orbit in a constant pattern with two larger bodies","The point where a planet's atmosphere ends","The centre of a galaxy","The closest point in any elliptical orbit to the Sun regardless of the body being orbited","1","86/42/22/41","86/42/22/89","4 (longest)","3 of 4 (shortest to longest)","86.7%","24.2%","26.2%","Tier exceeded 40% pick-longest accuracy; highest-gap rows selected first.","Proposed only — not applied to question source","Keyed answer unchanged. One to three distractors were expanded so correct-answer length ranks balance across the tier; human content approval required."
"science-hard-33","Science","Hard","What is telomerase?","An enzyme that extends chromosome-end sequences","An enzyme that extends chromosome-end sequences","A protein that splits glucose","A lipid in cell membranes","A hormone controlling sleep","An enzyme that extends chromosome-end sequences","An enzyme that breaks glucose apart during cellular respiration","A lipid in cell membranes","A hormone controlling sleep","1","47/29/25/27","47/63/25/27","4 (longest)","3 of 4 (shortest to longest)","86.7%","24.2%","26.2%","Tier exceeded 40% pick-longest accuracy; highest-gap rows selected first.","Proposed only — not applied to question source","Keyed answer unchanged. One to three distractors were expanded so correct-answer length ranks balance across the tier; human content approval required."
"science-hard-34","Science","Hard","Under what conditions can a Bose-Einstein condensate form?","When certain bosons are cooled extremely close to absolute zero","When certain bosons are cooled extremely close to absolute zero","When a gas is heated into plasma","When salt crystallizes from water","When nuclei undergo fission","When certain bosons are cooled extremely close to absolute zero","When a gas is heated into plasma","When ions in a saturated salt solution arrange into a crystal lattice","When nuclei undergo fission","1","63/32/33/27","63/32/69/27","4 (longest)","3 of 4 (shortest to longest)","86.7%","24.2%","26.2%","Tier exceeded 40% pick-longest accuracy; highest-gap rows selected first.","Proposed only — not applied to question source","Keyed answer unchanged. One to three distractors were expanded so correct-answer length ranks balance across the tier; human content approval required."
"science-hard-35","Science","Hard","What does the Pauli exclusion principle state for identical fermions?","No two can occupy the same quantum state simultaneously","No two can occupy the same quantum state simultaneously","All must have zero mass","They always attract one another","Their energy cannot change","No two can occupy the same quantum state simultaneously","Every identical fermion must possess exactly zero rest mass","Identical fermions always exert an attractive force on one another","The energy possessed by an individual fermion can never change","3","55/23/31/26","55/59/66/62","4 (longest)","1 of 4 (shortest to longest)","86.7%","24.2%","26.2%","Tier exceeded 40% pick-longest accuracy; highest-gap rows selected first.","Proposed only — not applied to question source","Keyed answer unchanged. One to three distractors were expanded so correct-answer length ranks balance across the tier; human content approval required."
"science-hard-36","Science","Hard","What is an operon?","A group of genes regulated together under one control system","A group of genes regulated together under one control system","A membrane-bound organelle","A stage of mitosis","A protein that copies RNA","A group of genes regulated together under one control system","A specialized cellular organelle enclosed by a lipid membrane","A phase of mitosis during which duplicated chromosomes begin separating","A protein that copies an RNA molecule into another identical RNA molecule","3","60/26/18/25","60/61/71/73","4 (longest)","1 of 4 (shortest to longest)","86.7%","24.2%","26.2%","Tier exceeded 40% pick-longest accuracy; highest-gap rows selected first.","Proposed only — not applied to question source","Keyed answer unchanged. One to three distractors were expanded so correct-answer length ranks balance across the tier; human content approval required."
"science-hard-37","Science","Hard","For a process at constant temperature and pressure, what does a negative change in Gibbs free energy indicate?","The process is thermodynamically spontaneous","The process is thermodynamically spontaneous","The process is impossible","Entropy must decrease everywhere","No energy can be transferred","The process is thermodynamically spontaneous","The process cannot take place under any possible physical conditions","The total entropy of the system and its surroundings must decrease","The system is unable to exchange either heat or work with its surroundings","3","44/25/32/28","44/68/66/74","4 (longest)","1 of 4 (shortest to longest)","86.7%","24.2%","26.2%","Tier exceeded 40% pick-longest accuracy; highest-gap rows selected first.","Proposed only — not applied to question source","Keyed answer unchanged. One to three distractors were expanded so correct-answer length ranks balance across the tier; human content approval required."
"science-hard-4","Science","Hard","What is a superconductor?","A material with zero electrical resistance below a critical temperature","A material with zero electrical resistance below a critical temperature","A very fast semiconductor","A magnetic insulator","A high-voltage cable","A material with zero electrical resistance below a critical temperature","A very fast semiconductor","A material that blocks magnetic fields while retaining ordinary resistance","An insulated cable designed to transmit an extremely high voltage safely","2","71/25/20/20","71/25/74/72","4 (longest)","2 of 4 (shortest to longest)","86.7%","24.2%","26.2%","Tier exceeded 40% pick-longest accuracy; highest-gap rows selected first.","Proposed only — not applied to question source","Keyed answer unchanged. One to three distractors were expanded so correct-answer length ranks balance across the tier; human content approval required."
"science-hard-40","Science","Hard","What is epigenetic DNA methylation commonly associated with?","Changes in gene regulation without changing the DNA sequence","Changes in gene regulation without changing the DNA sequence","Replacement of DNA by RNA","Doubling the chromosome number","Breaking peptide bonds","Changes in gene regulation without changing the DNA sequence","RNA molecules permanently replacing the DNA inside a chromosome","Doubling the chromosome number","Covalent bonds joining amino acids together being broken by hydrolysis","2","60/25/30/22","60/63/30/70","4 (longest)","2 of 4 (shortest to longest)","86.7%","24.2%","26.2%","Tier exceeded 40% pick-longest accuracy; highest-gap rows selected first.","Proposed only — not applied to question source","Keyed answer unchanged. One to three distractors were expanded so correct-answer length ranks balance across the tier; human content approval required."
"science-hard-6","Science","Hard","What is the Doppler effect?","A change in observed frequency due to relative motion","A change in observed frequency due to relative motion","The bending of light by gravity","The scattering of blue light","The decay of radioactive isotopes","A change in observed frequency due to relative motion","The path of light curving as it travels close to a massive object","Short blue wavelengths scattering preferentially through the atmosphere","The decay of radioactive isotopes","2","53/31/28/33","53/65/71/33","4 (longest)","2 of 4 (shortest to longest)","86.7%","24.2%","26.2%","Tier exceeded 40% pick-longest accuracy; highest-gap rows selected first.","Proposed only — not applied to question source","Keyed answer unchanged. One to three distractors were expanded so correct-answer length ranks balance across the tier; human content approval required."
"science-hard-8","Science","Hard","What does the Heisenberg uncertainty principle describe?","A limit on knowing position and momentum simultaneously","A limit on knowing position and momentum simultaneously","The decay rate of neutrons","The curvature of spacetime","The charge of a quark","A limit on knowing position and momentum simultaneously","The average lifetime of a free neutron before it undergoes beta decay","The relationship between matter and the geometric curvature of spacetime","The fractional electric charge carried by an individual quark","3","55/26/26/21","55/69/72/61","4 (longest)","1 of 4 (shortest to longest)","86.7%","24.2%","26.2%","Tier exceeded 40% pick-longest accuracy; highest-gap rows selected first.","Proposed only — not applied to question source","Keyed answer unchanged. One to three distractors were expanded so correct-answer length ranks balance across the tier; human content approval required."
"soccer-hard-10","Soccer","Hard","How many minutes must pass before an abandoned match is usually considered for a result rather than a replay?","It varies by competition rules","It varies by competition rules","Exactly 45","Exactly 60","Exactly 75","It varies by competition rules","A fixed total of 45 minutes in every competition","A fixed total of 60 minutes in every competition","A fixed total of 75 minutes in every competition","3","30/10/10/10","30/48/48/48","4 (longest)","1 of 4 (shortest to longest)","82.7%","25.2%","25.6%","Tier exceeded 40% pick-longest accuracy; highest-gap rows selected first.","Proposed only — not applied to question source","Keyed answer unchanged. One to three distractors were expanded so correct-answer length ranks balance across the tier; human content approval required."
"soccer-hard-11","Soccer","Hard","What is the 'away goals rule' historically used for?","Breaking ties in two-legged knockout matches","Breaking ties in two-legged knockout matches","Awarding bonus league points","Deciding penalty order","Ranking group stages only","Breaking ties in two-legged knockout matches","Awarding an additional league point whenever the visiting team scores","Setting the sequence in which players must take kicks in a penalty shoot-out","Ranking teams that finish level on points within a tournament group","3","44/28/22/25","44/69/76/67","4 (longest)","1 of 4 (shortest to longest)","82.7%","25.2%","25.6%","Tier exceeded 40% pick-longest accuracy; highest-gap rows selected first.","Proposed only — not applied to question source","Keyed answer unchanged. One to three distractors were expanded so correct-answer length ranks balance across the tier; human content approval required."
"soccer-hard-12","Soccer","Hard","What was 'Total Football' associated with?","The Netherlands and Ajax in the 1970s","The Netherlands and Ajax in the 1970s","Italy in the 1930s","Brazil in the 1950s","England in the 1960s","The Netherlands and Ajax in the 1970s","The Italian national team and leading Italian clubs during the 1930s","The Brazilian national team and Santos during the 1950s","England in the 1960s","2","37/18/19/20","37/68/55/20","4 (longest)","2 of 4 (shortest to longest)","82.7%","25.2%","25.6%","Tier exceeded 40% pick-longest accuracy; highest-gap rows selected first.","Proposed only — not applied to question source","Keyed answer unchanged. One to three distractors were expanded so correct-answer length ranks balance across the tier; human content approval required."
"soccer-hard-13","Soccer","Hard","What is goal-line technology used to determine?","Whether the whole ball crossed the line","Whether the whole ball crossed the line","Offside positions","Handball decisions","Foul severity","Whether the whole ball crossed the line","Offside positions","Handball decisions","How severe a foul was and which disciplinary sanction it warrants","1","39/17/18/13","39/17/18/65","4 (longest)","3 of 4 (shortest to longest)","82.7%","25.2%","25.6%","Tier exceeded 40% pick-longest accuracy; highest-gap rows selected first.","Proposed only — not applied to question source","Keyed answer unchanged. One to three distractors were expanded so correct-answer length ranks balance across the tier; human content approval required."
"soccer-hard-15","Soccer","Hard","What do UEFA's financial sustainability regulations govern?","Club solvency, financial stability, and squad costs","Club solvency, financial stability, and squad costs","Ticket prices only","National-team selection","Stadium capacity only","Club solvency, financial stability, and squad costs","The maximum amount clubs may charge for general-admission tickets","National-team selection","Stadium capacity only","1","51/18/23/21","51/65/23/21","4 (longest)","3 of 4 (shortest to longest)","82.7%","25.2%","25.6%","Tier exceeded 40% pick-longest accuracy; highest-gap rows selected first.","Proposed only — not applied to question source","Keyed answer unchanged. One to three distractors were expanded so correct-answer length ranks balance across the tier; human content approval required."
"soccer-hard-17","Soccer","Hard","What is a 'tifo'?","A large choreographed supporters' display","A large choreographed supporters' display","A tactical formation","A transfer clause","A type of free kick","A large choreographed supporters' display","A team's positional system for organizing possession and defence","A contractual provision setting the payment required to release a player","A type of free-kick restart awarded after a specified defensive offence","3","41/20/17/19","41/64/72/71","4 (longest)","1 of 4 (shortest to longest)","82.7%","25.2%","25.6%","Tier exceeded 40% pick-longest accuracy; highest-gap rows selected first.","Proposed only — not applied to question source","Keyed answer unchanged. One to three distractors were expanded so correct-answer length ranks balance across the tier; human content approval required."
"soccer-hard-19","Soccer","Hard","What is 'parking the bus'?","Defending with nearly the whole team behind the ball","Defending with nearly the whole team behind the ball","Playing a high line","Rotating the squad","Time-wasting at corners","Defending with nearly the whole team behind the ball","Maintaining the defensive line near midfield to compress the available space","Replacing regular starters across several fixtures to preserve their fitness","Deliberately slowing restarts near the corner to protect a narrow lead","3","52/19/18/23","52/76/76/70","4 (longest)","1 of 4 (shortest to longest)","82.7%","25.2%","25.6%","Tier exceeded 40% pick-longest accuracy; highest-gap rows selected first.","Proposed only — not applied to question source","Keyed answer unchanged. One to three distractors were expanded so correct-answer length ranks balance across the tier; human content approval required."
"soccer-hard-21","Soccer","Hard","What is an 'inverted winger'?","A wide player on the opposite side to their stronger foot","A wide player on the opposite side to their stronger foot","A defensive winger","A false full-back","A withdrawn striker","A wide player on the opposite side to their stronger foot","A wide player whose primary duty is tracking the opposing full-back","A full-back who moves into central midfield whenever their team has possession","A striker who withdraws into the space between the opposing lines","3","57/18/17/19","57/67/78/65","4 (longest)","1 of 4 (shortest to longest)","82.7%","25.2%","25.6%","Tier exceeded 40% pick-longest accuracy; highest-gap rows selected first.","Proposed only — not applied to question source","Keyed answer unchanged. One to three distractors were expanded so correct-answer length ranks balance across the tier; human content approval required."
"soccer-hard-22","Soccer","Hard","What does the Ballon d'Or recognize?","The best individual player over the award's assessment season","The best individual player over the award's assessment season","The top goalscorer only","The best club side","The best young player only","The best individual player over the award's assessment season","The player who finishes the season with the most competitive goals","The club that wins the highest-level team competition during the season","The outstanding young player who remains below a specified age limit","3","61/23/18/26","61/66/71/68","4 (longest)","1 of 4 (shortest to longest)","82.7%","25.2%","25.6%","Tier exceeded 40% pick-longest accuracy; highest-gap rows selected first.","Proposed only — not applied to question source","Keyed answer unchanged. One to three distractors were expanded so correct-answer length ranks balance across the tier; human content approval required."
"soccer-hard-23","Soccer","Hard","What does a 'low block' describe?","A compact defensive shape near one's own goal","A compact defensive shape near one's own goal","A blocked shot","A short corner","A defensive substitution","A compact defensive shape near one's own goal","A defender physically stopping a shot before it can reach the goal","A rehearsed corner routine played a short distance to a nearby teammate","A defensive substitution","2","45/14/14/24","45/66/71/24","4 (longest)","2 of 4 (shortest to longest)","82.7%","25.2%","25.6%","Tier exceeded 40% pick-longest accuracy; highest-gap rows selected first.","Proposed only — not applied to question source","Keyed answer unchanged. One to three distractors were expanded so correct-answer length ranks balance across the tier; human content approval required."
"soccer-hard-24","Soccer","Hard","What did the 1992 back-pass law prohibit?","A goalkeeper handling a ball deliberately kicked by a teammate","A goalkeeper handling a ball deliberately kicked by a teammate","Any pass toward a team's own goal","Goalkeepers kicking the ball","Headers back to a goalkeeper","A goalkeeper handling a ball deliberately kicked by a teammate","Any pass toward a team's own goal","A goalkeeper kicking the ball after legally catching it with the hands","A teammate deliberately heading the ball back for the goalkeeper to handle","2","62/33/28/28","62/33/70/74","4 (longest)","2 of 4 (shortest to longest)","82.7%","25.2%","25.6%","Tier exceeded 40% pick-longest accuracy; highest-gap rows selected first.","Proposed only — not applied to question source","Keyed answer unchanged. One to three distractors were expanded so correct-answer length ranks balance across the tier; human content approval required."
"soccer-hard-25","Soccer","Hard","What is aggregate score used for?","Combining the scores from both legs of a two-legged tie","Combining the scores from both legs of a two-legged tie","Adding league points","Calculating season goal difference","Recording only shoot-out goals","Combining the scores from both legs of a two-legged tie","Adding together the league points earned across two consecutive matches","Calculating season goal difference","Recording only shoot-out goals","1","55/20/34/30","55/71/34/30","4 (longest)","3 of 4 (shortest to longest)","82.7%","25.2%","25.6%","Tier exceeded 40% pick-longest accuracy; highest-gap rows selected first.","Proposed only — not applied to question source","Keyed answer unchanged. One to three distractors were expanded so correct-answer length ranks balance across the tier; human content approval required."
"soccer-hard-27","Soccer","Hard","What is a wing-back?","A wide player with both defensive and attacking duties","A wide player with both defensive and attacking duties","A central defender","A false nine","A goalkeeper's deputy","A wide player with both defensive and attacking duties","A central defender who stays deepest and marks the opposing striker","An attacker who leaves the forward line to link play in midfield","The reserve goalkeeper named as the first substitute on the bench","3","54/18/12/21","54/67/64/65","4 (longest)","1 of 4 (shortest to longest)","82.7%","25.2%","25.6%","Tier exceeded 40% pick-longest accuracy; highest-gap rows selected first.","Proposed only — not applied to question source","Keyed answer unchanged. One to three distractors were expanded so correct-answer length ranks balance across the tier; human content approval required."
"soccer-hard-29","Soccer","Hard","What is the 'technical area'?","The marked zone where coaching staff may stand","The marked zone where coaching staff may stand","The referee's room","The tunnel","The VAR booth","The marked zone where coaching staff may stand","The private room where match officials prepare and complete their report","The enclosed passage connecting the dressing rooms with the playing field","The remote video room where assistant referees review possible errors","3","46/18/10/13","46/72/73/69","4 (longest)","1 of 4 (shortest to longest)","82.7%","25.2%","25.6%","Tier exceeded 40% pick-longest accuracy; highest-gap rows selected first.","Proposed only — not applied to question source","Keyed answer unchanged. One to three distractors were expanded so correct-answer length ranks balance across the tier; human content approval required."
"soccer-hard-30","Soccer","Hard","What is 'tiki-taka' characterized by?","Short passing and sustained possession","Short passing and sustained possession","Long direct balls","Man-marking","Counter-attacking only","Short passing and sustained possession","Immediate forward passes and aerial balls intended to bypass midfield","Assigning each defender to follow one particular opponent around the field","Counter-attacking only","2","38/17/11/22","38/69/74/22","4 (longest)","2 of 4 (shortest to longest)","82.7%","25.2%","25.6%","Tier exceeded 40% pick-longest accuracy; highest-gap rows selected first.","Proposed only — not applied to question source","Keyed answer unchanged. One to three distractors were expanded so correct-answer length ranks balance across the tier; human content approval required."
"soccer-hard-32","Soccer","Hard","What does 'rest defence' describe?","The structure kept behind the attack to stop counterattacks","The structure kept behind the attack to stop counterattacks","A team defending after halftime","Players rotating out of training","Deliberate time wasting near the corner","The structure kept behind the attack to stop counterattacks","The defensive organization adopted immediately following the halftime break","Squad players removed from a training exercise for a scheduled recovery period","Deliberate time wasting near the corner","2","59/31/32/39","59/75/78/39","4 (longest)","2 of 4 (shortest to longest)","82.7%","25.2%","25.6%","Tier exceeded 40% pick-longest accuracy; highest-gap rows selected first.","Proposed only — not applied to question source","Keyed answer unchanged. One to three distractors were expanded so correct-answer length ranks balance across the tier; human content approval required."
"soccer-hard-34","Soccer","Hard","What is a third-man run?","A run by a player other than the passer and initial receiver","A run by a player other than the passer and initial receiver","A run made after a third substitution","A defender joining a penalty wall","A goalkeeper entering the opponent's half","A run by a player other than the passer and initial receiver","A run made after a third substitution","A defender leaving open play to join the required wall at a free kick","A goalkeeper entering the opponent's half","1","60/37/33/41","60/37/69/41","4 (longest)","3 of 4 (shortest to longest)","82.7%","25.2%","25.6%","Tier exceeded 40% pick-longest accuracy; highest-gap rows selected first.","Proposed only — not applied to question source","Keyed answer unchanged. One to three distractors were expanded so correct-answer length ranks balance across the tier; human content approval required."
"soccer-hard-35","Soccer","Hard","What is a cover shadow when pressing?","The passing lane blocked behind the pressing player","The passing lane blocked behind the pressing player","The area hidden from stadium lights","A goalkeeper's blind side","The zone covered by two centre-backs","The passing lane blocked behind the pressing player","A portion of the field left unlit because it is beneath a roof or stand","An area outside the goalkeeper's view close to the far goalpost","A defensive zone jointly protected by the two central defenders","3","51/35/25/36","51/71/63/63","4 (longest)","1 of 4 (shortest to longest)","82.7%","25.2%","25.6%","Tier exceeded 40% pick-longest accuracy; highest-gap rows selected first.","Proposed only — not applied to question source","Keyed answer unchanged. One to three distractors were expanded so correct-answer length ranks balance across the tier; human content approval required."
"soccer-hard-36","Soccer","Hard","What is a mezzala?","A central midfielder who operates in a wide interior channel","A central midfielder who operates in a wide interior channel","A sweeper behind the defence","A striker who never leaves the penalty area","A goalkeeper used in possession","A central midfielder who operates in a wide interior channel","A defender positioned behind the main line to collect loose balls","A striker who never leaves the penalty area","A goalkeeper used in possession","1","60/28/43/31","60/65/43/31","4 (longest)","3 of 4 (shortest to longest)","82.7%","25.2%","25.6%","Tier exceeded 40% pick-longest accuracy; highest-gap rows selected first.","Proposed only — not applied to question source","Keyed answer unchanged. One to three distractors were expanded so correct-answer length ranks balance across the tier; human content approval required."
"soccer-hard-38","Soccer","Hard","What is a rondo in training?","A keep-away passing exercise with defenders in the middle","A keep-away passing exercise with defenders in the middle","A repeated sprint around the entire field","A shooting drill with no goalkeeper","A set-piece wall made of mannequins","A keep-away passing exercise with defenders in the middle","A repeated sprint around the entire field","A finishing drill in which players shoot unopposed at an empty goal","A set-piece wall made of mannequins","1","57/41/35/35","57/41/67/35","4 (longest)","3 of 4 (shortest to longest)","82.7%","25.2%","25.6%","Tier exceeded 40% pick-longest accuracy; highest-gap rows selected first.","Proposed only — not applied to question source","Keyed answer unchanged. One to three distractors were expanded so correct-answer length ranks balance across the tier; human content approval required."
"soccer-hard-5","Soccer","Hard","What is the 'Bosman ruling' known for?","Allowing players to move freely at contract expiry","Allowing players to move freely at contract expiry","Introducing goal-line technology","Creating the Champions League","Banning third-party ownership","Allowing players to move freely at contract expiry","Requiring electronic sensors to verify whether the ball crossed the goal line","Restructuring Europe's leading club tournament as the Champions League","Prohibiting outside investors from owning part of a player's transfer rights","3","50/32/29/29","50/77/70/76","4 (longest)","1 of 4 (shortest to longest)","82.7%","25.2%","25.6%","Tier exceeded 40% pick-longest accuracy; highest-gap rows selected first.","Proposed only — not applied to question source","Keyed answer unchanged. One to three distractors were expanded so correct-answer length ranks balance across the tier; human content approval required."
"soccer-hard-6","Soccer","Hard","What does 'xG' measure?","Expected goals from the quality of chances created","Expected goals from the quality of chances created","Extra game time","Exit goals conceded","Experience grade","Expected goals from the quality of chances created","Extra minutes scheduled when a knockout match remains level after regulation","Exit goals conceded","Experience grade","1","50/15/19/16","50/76/19/16","4 (longest)","3 of 4 (shortest to longest)","82.7%","25.2%","25.6%","Tier exceeded 40% pick-longest accuracy; highest-gap rows selected first.","Proposed only — not applied to question source","Keyed answer unchanged. One to three distractors were expanded so correct-answer length ranks balance across the tier; human content approval required."
"soccer-hard-7","Soccer","Hard","What is a 'libero'?","A sweeper who plays behind the defensive line","A sweeper who plays behind the defensive line","A wide forward","A holding midfielder","A reserve goalkeeper","A sweeper who plays behind the defensive line","A winger who begins near the touchline and cuts inward toward goal","A holding midfielder","A reserve goalkeeper selected as a substitute in the match squad","2","45/14/20/20","45/66/20/64","4 (longest)","2 of 4 (shortest to longest)","82.7%","25.2%","25.6%","Tier exceeded 40% pick-longest accuracy; highest-gap rows selected first.","Proposed only — not applied to question source","Keyed answer unchanged. One to three distractors were expanded so correct-answer length ranks balance across the tier; human content approval required."
"soccer-medium-1","Soccer","Medium","What is the offside rule primarily designed to prevent?","Goal hanging near the opponent's goal","Goal hanging near the opponent's goal","Time wasting","Rough tackling","Excessive substitutions","Goal hanging near the opponent's goal","Players deliberately delaying restarts in order to consume playing time","Defenders using careless or dangerous force when challenging an opponent","Teams making more substitutions than the competition rules permit","3","37/12/14/23","37/71/72/65","4 (longest)","1 of 4 (shortest to longest)","74.0%","26.5%","26.5%","Tier exceeded 40% pick-longest accuracy; highest-gap rows selected first.","Proposed only — not applied to question source","Keyed answer unchanged. One to three distractors were expanded so correct-answer length ranks balance across the tier; human content approval required."
"soccer-medium-11","Soccer","Medium","What is a 'nutmeg'?","Playing the ball through an opponent's legs","Playing the ball through an opponent's legs","A diving header","A long-range shot","A defensive clearance","Playing the ball through an opponent's legs","A header attempted while the player is diving forward through the air","A shot struck from a position well outside the opponent's penalty area","A defensive clearance","2","43/15/17/21","43/69/70/21","4 (longest)","2 of 4 (shortest to longest)","74.0%","26.5%","26.5%","Tier exceeded 40% pick-longest accuracy; highest-gap rows selected first.","Proposed only — not applied to question source","Keyed answer unchanged. One to three distractors were expanded so correct-answer length ranks balance across the tier; human content approval required."
"soccer-medium-14","Soccer","Medium","What is a 'direct free kick'?","One that can be scored without another player touching the ball","One that can be scored without another player touching the ball","One taken from the corner","One taken by the goalkeeper","One that must be passed first","One that can be scored without another player touching the ball","A restart taken from the corner arc after the ball crosses the goal line","A set kick that the team's goalkeeper is specifically required to take","A free kick from which another player must touch the ball before a goal","3","63/25/27/29","63/72/70/71","4 (longest)","1 of 4 (shortest to longest)","74.0%","26.5%","26.5%","Tier exceeded 40% pick-longest accuracy; highest-gap rows selected first.","Proposed only — not applied to question source","Keyed answer unchanged. One to three distractors were expanded so correct-answer length ranks balance across the tier; human content approval required."
"soccer-medium-15","Soccer","Medium","What does the term 'the treble' mean for a club?","Winning three major trophies in one season","Winning three major trophies in one season","Scoring three goals","Three consecutive titles","Three clean sheets","Winning three major trophies in one season","Scoring three goals","Three consecutive titles","A team completing three matches without conceding a single goal","1","42/19/24/18","42/19/24/63","4 (longest)","3 of 4 (shortest to longest)","74.0%","26.5%","26.5%","Tier exceeded 40% pick-longest accuracy; highest-gap rows selected first.","Proposed only — not applied to question source","Keyed answer unchanged. One to three distractors were expanded so correct-answer length ranks balance across the tier; human content approval required."
"soccer-medium-17","Soccer","Medium","What makes a tackle legal under the Laws of the Game?","It is made without careless, reckless, or excessive force","It is made without careless, reckless, or excessive force","The tackler touches the ball first","It is always a sliding challenge","It comes only from the front","It is made without careless, reckless, or excessive force","The tackler touches the ball first","The challenge is performed as a slide with one leg extended","It comes only from the front","1","57/34/32/28","57/34/59/28","4 (longest)","3 of 4 (shortest to longest)","74.0%","26.5%","26.5%","Tier exceeded 40% pick-longest accuracy; highest-gap rows selected first.","Proposed only — not applied to question source","Keyed answer unchanged. One to three distractors were expanded so correct-answer length ranks balance across the tier; human content approval required."
"soccer-medium-18","Soccer","Medium","What is the maximum number of defenders allowed in a free-kick wall?","There is no fixed limit","Three","Five","There is no fixed limit","Ten","Exactly three defenders in competitions that use video assistance","No more than five defenders in any professional league match","There is no fixed limit","Ten","2","5/4/23/3","65/60/23/3","4 (longest)","2 of 4 (shortest to longest)","74.0%","26.5%","26.5%","Tier exceeded 40% pick-longest accuracy; highest-gap rows selected first.","Proposed only — not applied to question source","Keyed answer unchanged. One to three distractors were expanded so correct-answer length ranks balance across the tier; human content approval required."
"soccer-medium-20","Soccer","Medium","What is a 'through ball'?","A pass split between defenders for a runner","A pass split between defenders for a runner","A goal kick","A long clearance","A backwards pass","A pass split between defenders for a runner","A restart from the goal area after an attacker last touched the ball","A kick sent far away from the defence without an intended receiver","A backwards pass","2","43/11/16/16","43/68/66/16","4 (longest)","2 of 4 (shortest to longest)","74.0%","26.5%","26.5%","Tier exceeded 40% pick-longest accuracy; highest-gap rows selected first.","Proposed only — not applied to question source","Keyed answer unchanged. One to three distractors were expanded so correct-answer length ranks balance across the tier; human content approval required."
"soccer-medium-22","Soccer","Medium","What is 'stoppage time' meant to account for?","Time lost to injuries, substitutions and delays","Time lost to injuries, substitutions and delays","Extra time","Halftime","Penalty shoot-outs","Time lost to injuries, substitutions and delays","The two additional fifteen-minute periods used in a tied knockout match","The scheduled interval separating the first and second halves","The sequence of penalty kicks used to decide a match that remains tied","3","47/10/8/18","47/71/61/70","4 (longest)","1 of 4 (shortest to longest)","74.0%","26.5%","26.5%","Tier exceeded 40% pick-longest accuracy; highest-gap rows selected first.","Proposed only — not applied to question source","Keyed answer unchanged. One to three distractors were expanded so correct-answer length ranks balance across the tier; human content approval required."
"soccer-medium-23","Soccer","Medium","What is a 'formation' such as 4-4-2 describing?","Defenders, midfielders and forwards","Defenders, midfielders and forwards","Substitution order","Set-piece routines","Squad numbers","Defenders, midfielders and forwards","Substitution order","Planned movements used by the team during corners and free kicks","Squad numbers","1","35/18/18/13","35/18/64/13","4 (longest)","3 of 4 (shortest to longest)","74.0%","26.5%","26.5%","Tier exceeded 40% pick-longest accuracy; highest-gap rows selected first.","Proposed only — not applied to question source","Keyed answer unchanged. One to three distractors were expanded so correct-answer length ranks balance across the tier; human content approval required."
"soccer-medium-25","Soccer","Medium","What is the 'golden boot' awarded for?","Being the leading goalscorer","Being the leading goalscorer","Best goalkeeper","Best young player","Fair play","Being the leading goalscorer","Being the goalkeeper who records the greatest number of clean sheets","Best young player","Fair play","1","28/15/17/9","28/68/17/9","4 (longest)","3 of 4 (shortest to longest)","74.0%","26.5%","26.5%","Tier exceeded 40% pick-longest accuracy; highest-gap rows selected first.","Proposed only — not applied to question source","Keyed answer unchanged. One to three distractors were expanded so correct-answer length ranks balance across the tier; human content approval required."
"soccer-medium-26","Soccer","Medium","What is an 'own goal'?","A goal accidentally scored against one's own team","A goal accidentally scored against one's own team","A penalty scored by the keeper","A goal from kick-off","A disallowed goal","A goal accidentally scored against one's own team","A penalty kick converted by the goalkeeper who takes the attempt","A legal goal scored directly from the match's opening kick-off","A goal cancelled after the referee identifies an earlier offence","3","49/30/20/17","49/64/62/64","4 (longest)","1 of 4 (shortest to longest)","74.0%","26.5%","26.5%","Tier exceeded 40% pick-longest accuracy; highest-gap rows selected first.","Proposed only — not applied to question source","Keyed answer unchanged. One to three distractors were expanded so correct-answer length ranks balance across the tier; human content approval required."
"soccer-medium-28","Soccer","Medium","What is a 'cap' in international soccer?","An appearance for the national team","An appearance for the national team","A transfer fee limit","A squad size limit","A wage restriction","An appearance for the national team","The maximum transfer fee that a club is permitted to pay","The maximum number of players a team may register in its squad","A wage restriction","2","35/20/18/18","35/56/62/18","4 (longest)","2 of 4 (shortest to longest)","74.0%","26.5%","26.5%","Tier exceeded 40% pick-longest accuracy; highest-gap rows selected first.","Proposed only — not applied to question source","Keyed answer unchanged. One to three distractors were expanded so correct-answer length ranks balance across the tier; human content approval required."
"soccer-medium-29","Soccer","Medium","What is the 'transfer window'?","The period when clubs may register new signings","The period when clubs may register new signings","The halftime interval","A substitution period","A loan repayment term","The period when clubs may register new signings","The scheduled halftime interval separating the two periods of play","A limited period during which teams are permitted to make substitutions","The repayment term attached to a temporary loan agreement between clubs","3","47/21/21/21","47/66/71/71","4 (longest)","1 of 4 (shortest to longest)","74.0%","26.5%","26.5%","Tier exceeded 40% pick-longest accuracy; highest-gap rows selected first.","Proposed only — not applied to question source","Keyed answer unchanged. One to three distractors were expanded so correct-answer length ranks balance across the tier; human content approval required."
"soccer-medium-30","Soccer","Medium","What does 'CONCACAF' govern?","North and Central American and Caribbean soccer","North and Central American and Caribbean soccer","South American soccer","African soccer","Asian soccer","North and Central American and Caribbean soccer","South American soccer","The national teams and club competitions across Africa","The national teams and club competitions throughout Asia","2","47/21/14/12","47/21/54/56","4 (longest)","2 of 4 (shortest to longest)","74.0%","26.5%","26.5%","Tier exceeded 40% pick-longest accuracy; highest-gap rows selected first.","Proposed only — not applied to question source","Keyed answer unchanged. One to three distractors were expanded so correct-answer length ranks balance across the tier; human content approval required."
"soccer-medium-31","Soccer","Medium","What does the referee signal by allowing advantage after a foul?","Play continues because stopping it would benefit the offending team","Play continues because stopping it would benefit the offending team","The fouled team has declined all discipline","The match clock must stop","The foul becomes a throw-in","Play continues because stopping it would benefit the offending team","The fouled team has permanently declined every possible disciplinary sanction","The official match clock must stop and remain stopped until the next restart","The original foul is converted into a throw-in for the team in possession","3","67/43/25/27","67/77/76/73","4 (longest)","1 of 4 (shortest to longest)","74.0%","26.5%","26.5%","Tier exceeded 40% pick-longest accuracy; highest-gap rows selected first.","Proposed only — not applied to question source","Keyed answer unchanged. One to three distractors were expanded so correct-answer length ranks balance across the tier; human content approval required."
"soccer-medium-33","Soccer","Medium","What is an overlapping run?","A run around the outside of a teammate with the ball","A run around the outside of a teammate with the ball","Two defenders swapping central positions","A striker moving into an offside position","A goalkeeper leaving the penalty area","A run around the outside of a teammate with the ball","Two central defenders exchanging their assigned positions and marks","A striker moving into an offside position","A goalkeeper leaving the penalty area to cover space behind the defence","2","52/40/41/37","52/67/41/71","4 (longest)","2 of 4 (shortest to longest)","74.0%","26.5%","26.5%","Tier exceeded 40% pick-longest accuracy; highest-gap rows selected first.","Proposed only — not applied to question source","Keyed answer unchanged. One to three distractors were expanded so correct-answer length ranks balance across the tier; human content approval required."
"soccer-medium-36","Soccer","Medium","What is a target forward expected to provide?","A central outlet who can receive and hold up direct passes","A central outlet who can receive and hold up direct passes","A defender who marks the quickest winger","A goalkeeper who starts attacks","A midfielder who only takes corners","A central outlet who can receive and hold up direct passes","A full-back whose main task is marking the opponent's quickest winger","A goalkeeper whose accurate distribution begins attacks from the back","A midfielder designated exclusively to take the team's corner kicks","3","58/40/31/35","58/69/69/67","4 (longest)","1 of 4 (shortest to longest)","74.0%","26.5%","26.5%","Tier exceeded 40% pick-longest accuracy; highest-gap rows selected first.","Proposed only — not applied to question source","Keyed answer unchanged. One to three distractors were expanded so correct-answer length ranks balance across the tier; human content approval required."
"soccer-medium-40","Soccer","Medium","What is a switch of play?","Moving the ball quickly from one side of the field to the other","Moving the ball quickly from one side of the field to the other","Changing goalkeepers during play","Swapping home and away uniforms","Turning an attacker into a defender","Moving the ball quickly from one side of the field to the other","Replacing the current goalkeeper with another player during live play","Changing from the home uniform to the away uniform during halftime","Moving an attacker into a defensive role while making a substitution","3","63/32/31/35","63/69/66/68","4 (longest)","1 of 4 (shortest to longest)","74.0%","26.5%","26.5%","Tier exceeded 40% pick-longest accuracy; highest-gap rows selected first.","Proposed only — not applied to question source","Keyed answer unchanged. One to three distractors were expanded so correct-answer length ranks balance across the tier; human content approval required."
"soccer-medium-9","Soccer","Medium","What is 'relegation'?","Dropping to a lower division","Dropping to a lower division","Losing a cup tie","A points deduction","A transfer ban","Dropping to a lower division","Being eliminated after losing a match in a knockout cup competition","Receiving a standings penalty that removes previously earned points","Being temporarily forbidden from registering newly transferred players","3","28/16/18/14","28/67/67/70","4 (longest)","1 of 4 (shortest to longest)","74.0%","26.5%","26.5%","Tier exceeded 40% pick-longest accuracy; highest-gap rows selected first.","Proposed only — not applied to question source","Keyed answer unchanged. One to three distractors were expanded so correct-answer length ranks balance across the tier; human content approval required."
