"id","category","difficulty","prompt","visual","answer_a","answer_b","answer_c","answer_d","correct_answer","explanation"
"animals-easy-1","Animals","Easy","What is the largest living animal?","","African elephant","Blue whale","Whale shark","Giraffe","Blue whale","The blue whale is the largest animal known to have lived."
"animals-easy-10","Animals","Easy","Which animal has three hearts?","","Dolphin","Penguin","Sea turtle","Octopus","Octopus","An octopus has two branchial hearts and one systemic heart."
"animals-easy-11","Animals","Easy","Which is the only continent without native ants?","","Antarctica","North America","Europe","Australia","Antarctica","Antarctica's extreme conditions support no native ant species."
"animals-easy-12","Animals","Easy","What type of animal is a Komodo dragon?","","Amphibian","Snake","Lizard","Crocodile","Lizard","The Komodo dragon is the world's largest living lizard."
"animals-easy-13","Animals","Easy","What is the largest living animal?","","African elephant","Blue whale","Whale shark","Giraffe","Blue whale","The blue whale is the largest animal known to have lived."
"animals-easy-14","Animals","Easy","Which mammal can truly fly?","","Sugar glider","Bat","Colugo","Flying squirrel","Bat","Bats are the only mammals capable of sustained powered flight."
"animals-easy-15","Animals","Easy","What is a group of lions called?","","Pride","Colony","Pack","Herd","Pride","A social group of lions is called a pride."
"animals-easy-16","Animals","Easy","Which animal is the fastest on land?","","Ostrich","Cheetah","Pronghorn","Lion","Cheetah","Cheetahs can reach the highest short-distance land speeds."
"animals-easy-17","Animals","Easy","What do giant pandas mainly eat?","","Fish","Bamboo","Fruit","Grass","Bamboo","Bamboo makes up almost all of a wild giant panda's diet."
"animals-easy-18","Animals","Easy","Which bird is the largest living bird?","","Cassowary","Albatross","Ostrich","Emu","Ostrich","The ostrich is the tallest and heaviest living bird."
"animals-easy-19","Animals","Easy","How many legs does an arachnid have?","","10","12","6","8","8","Adult arachnids, including spiders and scorpions, have eight legs."
"animals-easy-2","Animals","Easy","Which mammal can truly fly?","","Sugar glider","Bat","Colugo","Flying squirrel","Bat","Bats are the only mammals capable of sustained powered flight."
"animals-easy-20","Animals","Easy","Which animal changes from a caterpillar?","","Grasshopper","Dragonfly","Butterfly","Beetle","Butterfly","A caterpillar becomes a butterfly or moth during metamorphosis."
"animals-easy-21","Animals","Easy","What is a baby kangaroo called?","","Calf","Cub","Joey","Kit","Joey","A young marsupial such as a kangaroo is called a joey."
"animals-easy-22","Animals","Easy","Which animal has three hearts?","","Dolphin","Penguin","Sea turtle","Octopus","Octopus","An octopus has two branchial hearts and one systemic heart."
"animals-easy-23","Animals","Easy","Which is the only continent without native ants?","","Antarctica","North America","Europe","Australia","Antarctica","Antarctica's extreme conditions support no native ant species."
"animals-easy-24","Animals","Easy","What type of animal is a Komodo dragon?","","Amphibian","Snake","Lizard","Crocodile","Lizard","The Komodo dragon is the world's largest living lizard."
"animals-easy-25","Animals","Easy","What is the largest living animal?","","African elephant","Blue whale","Whale shark","Giraffe","Blue whale","The blue whale is the largest animal known to have lived."
"animals-easy-26","Animals","Easy","Which mammal can truly fly?","","Sugar glider","Bat","Colugo","Flying squirrel","Bat","Bats are the only mammals capable of sustained powered flight."
"animals-easy-27","Animals","Easy","What is a group of lions called?","","Pride","Colony","Pack","Herd","Pride","A social group of lions is called a pride."
"animals-easy-28","Animals","Easy","Which animal is the fastest on land?","","Ostrich","Cheetah","Pronghorn","Lion","Cheetah","Cheetahs can reach the highest short-distance land speeds."
"animals-easy-29","Animals","Easy","What do giant pandas mainly eat?","","Fish","Bamboo","Fruit","Grass","Bamboo","Bamboo makes up almost all of a wild giant panda's diet."
"animals-easy-3","Animals","Easy","What is a group of lions called?","","Pride","Colony","Pack","Herd","Pride","A social group of lions is called a pride."
"animals-easy-30","Animals","Easy","Which bird is the largest living bird?","","Cassowary","Albatross","Ostrich","Emu","Ostrich","The ostrich is the tallest and heaviest living bird."
"animals-easy-31","Animals","Easy","How many legs does an arachnid have?","","10","12","6","8","8","Adult arachnids, including spiders and scorpions, have eight legs."
"animals-easy-32","Animals","Easy","Which animal changes from a caterpillar?","","Grasshopper","Dragonfly","Butterfly","Beetle","Butterfly","A caterpillar becomes a butterfly or moth during metamorphosis."
"animals-easy-33","Animals","Easy","What is a baby kangaroo called?","","Calf","Cub","Joey","Kit","Joey","A young marsupial such as a kangaroo is called a joey."
"animals-easy-34","Animals","Easy","Which animal has three hearts?","","Dolphin","Penguin","Sea turtle","Octopus","Octopus","An octopus has two branchial hearts and one systemic heart."
"animals-easy-35","Animals","Easy","Which is the only continent without native ants?","","Antarctica","North America","Europe","Australia","Antarctica","Antarctica's extreme conditions support no native ant species."
"animals-easy-36","Animals","Easy","What type of animal is a Komodo dragon?","","Amphibian","Snake","Lizard","Crocodile","Lizard","The Komodo dragon is the world's largest living lizard."
"animals-easy-37","Animals","Easy","What is the largest living animal?","","African elephant","Blue whale","Whale shark","Giraffe","Blue whale","The blue whale is the largest animal known to have lived."
"animals-easy-38","Animals","Easy","Which mammal can truly fly?","","Sugar glider","Bat","Colugo","Flying squirrel","Bat","Bats are the only mammals capable of sustained powered flight."
"animals-easy-39","Animals","Easy","What is a group of lions called?","","Pride","Colony","Pack","Herd","Pride","A social group of lions is called a pride."
"animals-easy-4","Animals","Easy","Which animal is the fastest on land?","","Ostrich","Cheetah","Pronghorn","Lion","Cheetah","Cheetahs can reach the highest short-distance land speeds."
"animals-easy-40","Animals","Easy","Which animal is the fastest on land?","","Ostrich","Cheetah","Pronghorn","Lion","Cheetah","Cheetahs can reach the highest short-distance land speeds."
"animals-easy-41","Animals","Easy","What do giant pandas mainly eat?","","Fish","Bamboo","Fruit","Grass","Bamboo","Bamboo makes up almost all of a wild giant panda's diet."
"animals-easy-42","Animals","Easy","Which bird is the largest living bird?","","Cassowary","Albatross","Ostrich","Emu","Ostrich","The ostrich is the tallest and heaviest living bird."
"animals-easy-43","Animals","Easy","How many legs does an arachnid have?","","10","12","6","8","8","Adult arachnids, including spiders and scorpions, have eight legs."
"animals-easy-44","Animals","Easy","Which animal changes from a caterpillar?","","Grasshopper","Dragonfly","Butterfly","Beetle","Butterfly","A caterpillar becomes a butterfly or moth during metamorphosis."
"animals-easy-45","Animals","Easy","What is a baby kangaroo called?","","Calf","Cub","Joey","Kit","Joey","A young marsupial such as a kangaroo is called a joey."
"animals-easy-46","Animals","Easy","Which animal has three hearts?","","Dolphin","Penguin","Sea turtle","Octopus","Octopus","An octopus has two branchial hearts and one systemic heart."
"animals-easy-47","Animals","Easy","Which is the only continent without native ants?","","Antarctica","North America","Europe","Australia","Antarctica","Antarctica's extreme conditions support no native ant species."
"animals-easy-48","Animals","Easy","What type of animal is a Komodo dragon?","","Amphibian","Snake","Lizard","Crocodile","Lizard","The Komodo dragon is the world's largest living lizard."
"animals-easy-49","Animals","Easy","What is the largest living animal?","","African elephant","Blue whale","Whale shark","Giraffe","Blue whale","The blue whale is the largest animal known to have lived."
"animals-easy-5","Animals","Easy","What do giant pandas mainly eat?","","Fish","Bamboo","Fruit","Grass","Bamboo","Bamboo makes up almost all of a wild giant panda's diet."
"animals-easy-50","Animals","Easy","Which mammal can truly fly?","","Sugar glider","Bat","Colugo","Flying squirrel","Bat","Bats are the only mammals capable of sustained powered flight."
"animals-easy-6","Animals","Easy","Which bird is the largest living bird?","","Cassowary","Albatross","Ostrich","Emu","Ostrich","The ostrich is the tallest and heaviest living bird."
"animals-easy-7","Animals","Easy","How many legs does an arachnid have?","","10","12","6","8","8","Adult arachnids, including spiders and scorpions, have eight legs."
"animals-easy-8","Animals","Easy","Which animal changes from a caterpillar?","","Grasshopper","Dragonfly","Butterfly","Beetle","Butterfly","A caterpillar becomes a butterfly or moth during metamorphosis."
"animals-easy-9","Animals","Easy","What is a baby kangaroo called?","","Calf","Cub","Joey","Kit","Joey","A young marsupial such as a kangaroo is called a joey."
"animals-hard-1","Animals","Hard","What is the largest living animal?","","African elephant","Blue whale","Whale shark","Giraffe","Blue whale","The blue whale is the largest animal known to have lived."
"animals-hard-10","Animals","Hard","Which animal has three hearts?","","Dolphin","Penguin","Sea turtle","Octopus","Octopus","An octopus has two branchial hearts and one systemic heart."
"animals-hard-11","Animals","Hard","Which is the only continent without native ants?","","Antarctica","North America","Europe","Australia","Antarctica","Antarctica's extreme conditions support no native ant species."
"animals-hard-12","Animals","Hard","What type of animal is a Komodo dragon?","","Amphibian","Snake","Lizard","Crocodile","Lizard","The Komodo dragon is the world's largest living lizard."
"animals-hard-13","Animals","Hard","What is the largest living animal?","","African elephant","Blue whale","Whale shark","Giraffe","Blue whale","The blue whale is the largest animal known to have lived."
"animals-hard-14","Animals","Hard","Which mammal can truly fly?","","Sugar glider","Bat","Colugo","Flying squirrel","Bat","Bats are the only mammals capable of sustained powered flight."
"animals-hard-15","Animals","Hard","What is a group of lions called?","","Pride","Colony","Pack","Herd","Pride","A social group of lions is called a pride."
"animals-hard-16","Animals","Hard","Which animal is the fastest on land?","","Ostrich","Cheetah","Pronghorn","Lion","Cheetah","Cheetahs can reach the highest short-distance land speeds."
"animals-hard-17","Animals","Hard","What do giant pandas mainly eat?","","Fish","Bamboo","Fruit","Grass","Bamboo","Bamboo makes up almost all of a wild giant panda's diet."
"animals-hard-18","Animals","Hard","Which bird is the largest living bird?","","Cassowary","Albatross","Ostrich","Emu","Ostrich","The ostrich is the tallest and heaviest living bird."
"animals-hard-19","Animals","Hard","How many legs does an arachnid have?","","10","12","6","8","8","Adult arachnids, including spiders and scorpions, have eight legs."
"animals-hard-2","Animals","Hard","Which mammal can truly fly?","","Sugar glider","Bat","Colugo","Flying squirrel","Bat","Bats are the only mammals capable of sustained powered flight."
"animals-hard-20","Animals","Hard","Which animal changes from a caterpillar?","","Grasshopper","Dragonfly","Butterfly","Beetle","Butterfly","A caterpillar becomes a butterfly or moth during metamorphosis."
"animals-hard-21","Animals","Hard","What is a baby kangaroo called?","","Calf","Cub","Joey","Kit","Joey","A young marsupial such as a kangaroo is called a joey."
"animals-hard-22","Animals","Hard","Which animal has three hearts?","","Dolphin","Penguin","Sea turtle","Octopus","Octopus","An octopus has two branchial hearts and one systemic heart."
"animals-hard-23","Animals","Hard","Which is the only continent without native ants?","","Antarctica","North America","Europe","Australia","Antarctica","Antarctica's extreme conditions support no native ant species."
"animals-hard-24","Animals","Hard","What type of animal is a Komodo dragon?","","Amphibian","Snake","Lizard","Crocodile","Lizard","The Komodo dragon is the world's largest living lizard."
"animals-hard-25","Animals","Hard","What is the largest living animal?","","African elephant","Blue whale","Whale shark","Giraffe","Blue whale","The blue whale is the largest animal known to have lived."
"animals-hard-26","Animals","Hard","Which mammal can truly fly?","","Sugar glider","Bat","Colugo","Flying squirrel","Bat","Bats are the only mammals capable of sustained powered flight."
"animals-hard-27","Animals","Hard","What is a group of lions called?","","Pride","Colony","Pack","Herd","Pride","A social group of lions is called a pride."
"animals-hard-28","Animals","Hard","Which animal is the fastest on land?","","Ostrich","Cheetah","Pronghorn","Lion","Cheetah","Cheetahs can reach the highest short-distance land speeds."
"animals-hard-29","Animals","Hard","What do giant pandas mainly eat?","","Fish","Bamboo","Fruit","Grass","Bamboo","Bamboo makes up almost all of a wild giant panda's diet."
"animals-hard-3","Animals","Hard","What is a group of lions called?","","Pride","Colony","Pack","Herd","Pride","A social group of lions is called a pride."
"animals-hard-30","Animals","Hard","Which bird is the largest living bird?","","Cassowary","Albatross","Ostrich","Emu","Ostrich","The ostrich is the tallest and heaviest living bird."
"animals-hard-31","Animals","Hard","How many legs does an arachnid have?","","10","12","6","8","8","Adult arachnids, including spiders and scorpions, have eight legs."
"animals-hard-32","Animals","Hard","Which animal changes from a caterpillar?","","Grasshopper","Dragonfly","Butterfly","Beetle","Butterfly","A caterpillar becomes a butterfly or moth during metamorphosis."
"animals-hard-33","Animals","Hard","What is a baby kangaroo called?","","Calf","Cub","Joey","Kit","Joey","A young marsupial such as a kangaroo is called a joey."
"animals-hard-34","Animals","Hard","Which animal has three hearts?","","Dolphin","Penguin","Sea turtle","Octopus","Octopus","An octopus has two branchial hearts and one systemic heart."
"animals-hard-35","Animals","Hard","Which is the only continent without native ants?","","Antarctica","North America","Europe","Australia","Antarctica","Antarctica's extreme conditions support no native ant species."
"animals-hard-36","Animals","Hard","What type of animal is a Komodo dragon?","","Amphibian","Snake","Lizard","Crocodile","Lizard","The Komodo dragon is the world's largest living lizard."
"animals-hard-37","Animals","Hard","What is the largest living animal?","","African elephant","Blue whale","Whale shark","Giraffe","Blue whale","The blue whale is the largest animal known to have lived."
"animals-hard-38","Animals","Hard","Which mammal can truly fly?","","Sugar glider","Bat","Colugo","Flying squirrel","Bat","Bats are the only mammals capable of sustained powered flight."
"animals-hard-39","Animals","Hard","What is a group of lions called?","","Pride","Colony","Pack","Herd","Pride","A social group of lions is called a pride."
"animals-hard-4","Animals","Hard","Which animal is the fastest on land?","","Ostrich","Cheetah","Pronghorn","Lion","Cheetah","Cheetahs can reach the highest short-distance land speeds."
"animals-hard-40","Animals","Hard","Which animal is the fastest on land?","","Ostrich","Cheetah","Pronghorn","Lion","Cheetah","Cheetahs can reach the highest short-distance land speeds."
"animals-hard-41","Animals","Hard","What do giant pandas mainly eat?","","Fish","Bamboo","Fruit","Grass","Bamboo","Bamboo makes up almost all of a wild giant panda's diet."
"animals-hard-42","Animals","Hard","Which bird is the largest living bird?","","Cassowary","Albatross","Ostrich","Emu","Ostrich","The ostrich is the tallest and heaviest living bird."
"animals-hard-43","Animals","Hard","How many legs does an arachnid have?","","10","12","6","8","8","Adult arachnids, including spiders and scorpions, have eight legs."
"animals-hard-44","Animals","Hard","Which animal changes from a caterpillar?","","Grasshopper","Dragonfly","Butterfly","Beetle","Butterfly","A caterpillar becomes a butterfly or moth during metamorphosis."
"animals-hard-45","Animals","Hard","What is a baby kangaroo called?","","Calf","Cub","Joey","Kit","Joey","A young marsupial such as a kangaroo is called a joey."
"animals-hard-46","Animals","Hard","Which animal has three hearts?","","Dolphin","Penguin","Sea turtle","Octopus","Octopus","An octopus has two branchial hearts and one systemic heart."
"animals-hard-47","Animals","Hard","Which is the only continent without native ants?","","Antarctica","North America","Europe","Australia","Antarctica","Antarctica's extreme conditions support no native ant species."
"animals-hard-48","Animals","Hard","What type of animal is a Komodo dragon?","","Amphibian","Snake","Lizard","Crocodile","Lizard","The Komodo dragon is the world's largest living lizard."
"animals-hard-49","Animals","Hard","What is the largest living animal?","","African elephant","Blue whale","Whale shark","Giraffe","Blue whale","The blue whale is the largest animal known to have lived."
"animals-hard-5","Animals","Hard","What do giant pandas mainly eat?","","Fish","Bamboo","Fruit","Grass","Bamboo","Bamboo makes up almost all of a wild giant panda's diet."
"animals-hard-50","Animals","Hard","Which mammal can truly fly?","","Sugar glider","Bat","Colugo","Flying squirrel","Bat","Bats are the only mammals capable of sustained powered flight."
"animals-hard-6","Animals","Hard","Which bird is the largest living bird?","","Cassowary","Albatross","Ostrich","Emu","Ostrich","The ostrich is the tallest and heaviest living bird."
"animals-hard-7","Animals","Hard","How many legs does an arachnid have?","","10","12","6","8","8","Adult arachnids, including spiders and scorpions, have eight legs."
"animals-hard-8","Animals","Hard","Which animal changes from a caterpillar?","","Grasshopper","Dragonfly","Butterfly","Beetle","Butterfly","A caterpillar becomes a butterfly or moth during metamorphosis."
"animals-hard-9","Animals","Hard","What is a baby kangaroo called?","","Calf","Cub","Joey","Kit","Joey","A young marsupial such as a kangaroo is called a joey."
"animals-medium-1","Animals","Medium","What is the largest living animal?","","African elephant","Blue whale","Whale shark","Giraffe","Blue whale","The blue whale is the largest animal known to have lived."
"animals-medium-10","Animals","Medium","Which animal has three hearts?","","Dolphin","Penguin","Sea turtle","Octopus","Octopus","An octopus has two branchial hearts and one systemic heart."
"animals-medium-11","Animals","Medium","Which is the only continent without native ants?","","Antarctica","North America","Europe","Australia","Antarctica","Antarctica's extreme conditions support no native ant species."
"animals-medium-12","Animals","Medium","What type of animal is a Komodo dragon?","","Amphibian","Snake","Lizard","Crocodile","Lizard","The Komodo dragon is the world's largest living lizard."
"animals-medium-13","Animals","Medium","What is the largest living animal?","","African elephant","Blue whale","Whale shark","Giraffe","Blue whale","The blue whale is the largest animal known to have lived."
"animals-medium-14","Animals","Medium","Which mammal can truly fly?","","Sugar glider","Bat","Colugo","Flying squirrel","Bat","Bats are the only mammals capable of sustained powered flight."
"animals-medium-15","Animals","Medium","What is a group of lions called?","","Pride","Colony","Pack","Herd","Pride","A social group of lions is called a pride."
"animals-medium-16","Animals","Medium","Which animal is the fastest on land?","","Ostrich","Cheetah","Pronghorn","Lion","Cheetah","Cheetahs can reach the highest short-distance land speeds."
"animals-medium-17","Animals","Medium","What do giant pandas mainly eat?","","Fish","Bamboo","Fruit","Grass","Bamboo","Bamboo makes up almost all of a wild giant panda's diet."
"animals-medium-18","Animals","Medium","Which bird is the largest living bird?","","Cassowary","Albatross","Ostrich","Emu","Ostrich","The ostrich is the tallest and heaviest living bird."
"animals-medium-19","Animals","Medium","How many legs does an arachnid have?","","10","12","6","8","8","Adult arachnids, including spiders and scorpions, have eight legs."
"animals-medium-2","Animals","Medium","Which mammal can truly fly?","","Sugar glider","Bat","Colugo","Flying squirrel","Bat","Bats are the only mammals capable of sustained powered flight."
"animals-medium-20","Animals","Medium","Which animal changes from a caterpillar?","","Grasshopper","Dragonfly","Butterfly","Beetle","Butterfly","A caterpillar becomes a butterfly or moth during metamorphosis."
"animals-medium-21","Animals","Medium","What is a baby kangaroo called?","","Calf","Cub","Joey","Kit","Joey","A young marsupial such as a kangaroo is called a joey."
"animals-medium-22","Animals","Medium","Which animal has three hearts?","","Dolphin","Penguin","Sea turtle","Octopus","Octopus","An octopus has two branchial hearts and one systemic heart."
"animals-medium-23","Animals","Medium","Which is the only continent without native ants?","","Antarctica","North America","Europe","Australia","Antarctica","Antarctica's extreme conditions support no native ant species."
"animals-medium-24","Animals","Medium","What type of animal is a Komodo dragon?","","Amphibian","Snake","Lizard","Crocodile","Lizard","The Komodo dragon is the world's largest living lizard."
"animals-medium-25","Animals","Medium","What is the largest living animal?","","African elephant","Blue whale","Whale shark","Giraffe","Blue whale","The blue whale is the largest animal known to have lived."
"animals-medium-26","Animals","Medium","Which mammal can truly fly?","","Sugar glider","Bat","Colugo","Flying squirrel","Bat","Bats are the only mammals capable of sustained powered flight."
"animals-medium-27","Animals","Medium","What is a group of lions called?","","Pride","Colony","Pack","Herd","Pride","A social group of lions is called a pride."
"animals-medium-28","Animals","Medium","Which animal is the fastest on land?","","Ostrich","Cheetah","Pronghorn","Lion","Cheetah","Cheetahs can reach the highest short-distance land speeds."
"animals-medium-29","Animals","Medium","What do giant pandas mainly eat?","","Fish","Bamboo","Fruit","Grass","Bamboo","Bamboo makes up almost all of a wild giant panda's diet."
"animals-medium-3","Animals","Medium","What is a group of lions called?","","Pride","Colony","Pack","Herd","Pride","A social group of lions is called a pride."
"animals-medium-30","Animals","Medium","Which bird is the largest living bird?","","Cassowary","Albatross","Ostrich","Emu","Ostrich","The ostrich is the tallest and heaviest living bird."
"animals-medium-31","Animals","Medium","How many legs does an arachnid have?","","10","12","6","8","8","Adult arachnids, including spiders and scorpions, have eight legs."
"animals-medium-32","Animals","Medium","Which animal changes from a caterpillar?","","Grasshopper","Dragonfly","Butterfly","Beetle","Butterfly","A caterpillar becomes a butterfly or moth during metamorphosis."
"animals-medium-33","Animals","Medium","What is a baby kangaroo called?","","Calf","Cub","Joey","Kit","Joey","A young marsupial such as a kangaroo is called a joey."
"animals-medium-34","Animals","Medium","Which animal has three hearts?","","Dolphin","Penguin","Sea turtle","Octopus","Octopus","An octopus has two branchial hearts and one systemic heart."
"animals-medium-35","Animals","Medium","Which is the only continent without native ants?","","Antarctica","North America","Europe","Australia","Antarctica","Antarctica's extreme conditions support no native ant species."
"animals-medium-36","Animals","Medium","What type of animal is a Komodo dragon?","","Amphibian","Snake","Lizard","Crocodile","Lizard","The Komodo dragon is the world's largest living lizard."
"animals-medium-37","Animals","Medium","What is the largest living animal?","","African elephant","Blue whale","Whale shark","Giraffe","Blue whale","The blue whale is the largest animal known to have lived."
"animals-medium-38","Animals","Medium","Which mammal can truly fly?","","Sugar glider","Bat","Colugo","Flying squirrel","Bat","Bats are the only mammals capable of sustained powered flight."
"animals-medium-39","Animals","Medium","What is a group of lions called?","","Pride","Colony","Pack","Herd","Pride","A social group of lions is called a pride."
"animals-medium-4","Animals","Medium","Which animal is the fastest on land?","","Ostrich","Cheetah","Pronghorn","Lion","Cheetah","Cheetahs can reach the highest short-distance land speeds."
"animals-medium-40","Animals","Medium","Which animal is the fastest on land?","","Ostrich","Cheetah","Pronghorn","Lion","Cheetah","Cheetahs can reach the highest short-distance land speeds."
"animals-medium-41","Animals","Medium","What do giant pandas mainly eat?","","Fish","Bamboo","Fruit","Grass","Bamboo","Bamboo makes up almost all of a wild giant panda's diet."
"animals-medium-42","Animals","Medium","Which bird is the largest living bird?","","Cassowary","Albatross","Ostrich","Emu","Ostrich","The ostrich is the tallest and heaviest living bird."
"animals-medium-43","Animals","Medium","How many legs does an arachnid have?","","10","12","6","8","8","Adult arachnids, including spiders and scorpions, have eight legs."
"animals-medium-44","Animals","Medium","Which animal changes from a caterpillar?","","Grasshopper","Dragonfly","Butterfly","Beetle","Butterfly","A caterpillar becomes a butterfly or moth during metamorphosis."
"animals-medium-45","Animals","Medium","What is a baby kangaroo called?","","Calf","Cub","Joey","Kit","Joey","A young marsupial such as a kangaroo is called a joey."
"animals-medium-46","Animals","Medium","Which animal has three hearts?","","Dolphin","Penguin","Sea turtle","Octopus","Octopus","An octopus has two branchial hearts and one systemic heart."
"animals-medium-47","Animals","Medium","Which is the only continent without native ants?","","Antarctica","North America","Europe","Australia","Antarctica","Antarctica's extreme conditions support no native ant species."
"animals-medium-48","Animals","Medium","What type of animal is a Komodo dragon?","","Amphibian","Snake","Lizard","Crocodile","Lizard","The Komodo dragon is the world's largest living lizard."
"animals-medium-49","Animals","Medium","What is the largest living animal?","","African elephant","Blue whale","Whale shark","Giraffe","Blue whale","The blue whale is the largest animal known to have lived."
"animals-medium-5","Animals","Medium","What do giant pandas mainly eat?","","Fish","Bamboo","Fruit","Grass","Bamboo","Bamboo makes up almost all of a wild giant panda's diet."
"animals-medium-50","Animals","Medium","Which mammal can truly fly?","","Sugar glider","Bat","Colugo","Flying squirrel","Bat","Bats are the only mammals capable of sustained powered flight."
"animals-medium-6","Animals","Medium","Which bird is the largest living bird?","","Cassowary","Albatross","Ostrich","Emu","Ostrich","The ostrich is the tallest and heaviest living bird."
"animals-medium-7","Animals","Medium","How many legs does an arachnid have?","","10","12","6","8","8","Adult arachnids, including spiders and scorpions, have eight legs."
"animals-medium-8","Animals","Medium","Which animal changes from a caterpillar?","","Grasshopper","Dragonfly","Butterfly","Beetle","Butterfly","A caterpillar becomes a butterfly or moth during metamorphosis."
"animals-medium-9","Animals","Medium","What is a baby kangaroo called?","","Calf","Cub","Joey","Kit","Joey","A young marsupial such as a kangaroo is called a joey."
"basketball-easy-1","Basketball","Easy","How many points is a free throw worth?","","1","2","3","4","1","A successful free throw scores one point."
"basketball-easy-10","Basketball","Easy","Which league awards the Larry O'Brien Trophy?","","NCAA","NBA","FIBA","WNBA","NBA","The Larry O'Brien Trophy goes to the NBA champion."
"basketball-easy-11","Basketball","Easy","What is a pass that directly leads to a basket called?","","Turnover","Dribble","Assist","Carry","Assist","The passer is credited with an assist."
"basketball-easy-12","Basketball","Easy","How long is the NBA shot clock?","","35 seconds","20 seconds","24 seconds","30 seconds","24 seconds","NBA teams normally have 24 seconds to attempt a shot."
"basketball-easy-13","Basketball","Easy","How many points is a free throw worth?","","1","2","3","4","1","A successful free throw scores one point."
"basketball-easy-14","Basketball","Easy","How many players from one team are on the court at once?","","5","6","7","4","5","Each team plays five players on the court."
"basketball-easy-15","Basketball","Easy","How high is a regulation basketball hoop?","","10 feet","12 feet","8 feet","9 feet","10 feet","The rim is 10 feet above the floor."
"basketball-easy-16","Basketball","Easy","How many points is a shot beyond the arc worth?","","4","1","2","3","3","A basket made beyond the three-point line scores three points."
"basketball-easy-17","Basketball","Easy","What violation is called for walking without dribbling?","","Traveling","Charging","Goaltending","Screening","Traveling","Moving illegally while holding the ball is traveling."
"basketball-easy-18","Basketball","Easy","Which player typically directs the offense?","","Point guard","Power forward","Wing referee","Center","Point guard","The point guard commonly handles the ball and organizes the offense."
"basketball-easy-19","Basketball","Easy","How many quarters are in an NBA game?","","4","5","2","3","4","An NBA regulation game has four quarters."
"basketball-easy-2","Basketball","Easy","How many players from one team are on the court at once?","","5","6","7","4","5","Each team plays five players on the court."
"basketball-easy-20","Basketball","Easy","What is grabbing the ball after a missed shot called?","","Block","Assist","Rebound","Steal","Rebound","Securing a missed field goal or free throw is a rebound."
"basketball-easy-21","Basketball","Easy","What starts a basketball game?","","Kickoff","Faceoff","Jump ball","Throw-in","Jump ball","A jump ball at center court starts the game."
"basketball-easy-22","Basketball","Easy","Which league awards the Larry O'Brien Trophy?","","NCAA","NBA","FIBA","WNBA","NBA","The Larry O'Brien Trophy goes to the NBA champion."
"basketball-easy-23","Basketball","Easy","What is a pass that directly leads to a basket called?","","Turnover","Dribble","Assist","Carry","Assist","The passer is credited with an assist."
"basketball-easy-24","Basketball","Easy","How long is the NBA shot clock?","","35 seconds","20 seconds","24 seconds","30 seconds","24 seconds","NBA teams normally have 24 seconds to attempt a shot."
"basketball-easy-25","Basketball","Easy","How many points is a free throw worth?","","1","2","3","4","1","A successful free throw scores one point."
"basketball-easy-26","Basketball","Easy","How many players from one team are on the court at once?","","5","6","7","4","5","Each team plays five players on the court."
"basketball-easy-27","Basketball","Easy","How high is a regulation basketball hoop?","","10 feet","12 feet","8 feet","9 feet","10 feet","The rim is 10 feet above the floor."
"basketball-easy-28","Basketball","Easy","How many points is a shot beyond the arc worth?","","4","1","2","3","3","A basket made beyond the three-point line scores three points."
"basketball-easy-29","Basketball","Easy","What violation is called for walking without dribbling?","","Traveling","Charging","Goaltending","Screening","Traveling","Moving illegally while holding the ball is traveling."
"basketball-easy-3","Basketball","Easy","How high is a regulation basketball hoop?","","10 feet","12 feet","8 feet","9 feet","10 feet","The rim is 10 feet above the floor."
"basketball-easy-30","Basketball","Easy","Which player typically directs the offense?","","Point guard","Power forward","Wing referee","Center","Point guard","The point guard commonly handles the ball and organizes the offense."
"basketball-easy-31","Basketball","Easy","How many quarters are in an NBA game?","","4","5","2","3","4","An NBA regulation game has four quarters."
"basketball-easy-32","Basketball","Easy","What is grabbing the ball after a missed shot called?","","Block","Assist","Rebound","Steal","Rebound","Securing a missed field goal or free throw is a rebound."
"basketball-easy-33","Basketball","Easy","What starts a basketball game?","","Kickoff","Faceoff","Jump ball","Throw-in","Jump ball","A jump ball at center court starts the game."
"basketball-easy-34","Basketball","Easy","Which league awards the Larry O'Brien Trophy?","","NCAA","NBA","FIBA","WNBA","NBA","The Larry O'Brien Trophy goes to the NBA champion."
"basketball-easy-35","Basketball","Easy","What is a pass that directly leads to a basket called?","","Turnover","Dribble","Assist","Carry","Assist","The passer is credited with an assist."
"basketball-easy-36","Basketball","Easy","How long is the NBA shot clock?","","35 seconds","20 seconds","24 seconds","30 seconds","24 seconds","NBA teams normally have 24 seconds to attempt a shot."
"basketball-easy-37","Basketball","Easy","How many points is a free throw worth?","","1","2","3","4","1","A successful free throw scores one point."
"basketball-easy-38","Basketball","Easy","How many players from one team are on the court at once?","","5","6","7","4","5","Each team plays five players on the court."
"basketball-easy-39","Basketball","Easy","How high is a regulation basketball hoop?","","10 feet","12 feet","8 feet","9 feet","10 feet","The rim is 10 feet above the floor."
"basketball-easy-4","Basketball","Easy","How many points is a shot beyond the arc worth?","","4","1","2","3","3","A basket made beyond the three-point line scores three points."
"basketball-easy-40","Basketball","Easy","How many points is a shot beyond the arc worth?","","4","1","2","3","3","A basket made beyond the three-point line scores three points."
"basketball-easy-41","Basketball","Easy","What violation is called for walking without dribbling?","","Traveling","Charging","Goaltending","Screening","Traveling","Moving illegally while holding the ball is traveling."
"basketball-easy-42","Basketball","Easy","Which player typically directs the offense?","","Point guard","Power forward","Wing referee","Center","Point guard","The point guard commonly handles the ball and organizes the offense."
"basketball-easy-43","Basketball","Easy","How many quarters are in an NBA game?","","4","5","2","3","4","An NBA regulation game has four quarters."
"basketball-easy-44","Basketball","Easy","What is grabbing the ball after a missed shot called?","","Block","Assist","Rebound","Steal","Rebound","Securing a missed field goal or free throw is a rebound."
"basketball-easy-45","Basketball","Easy","What starts a basketball game?","","Kickoff","Faceoff","Jump ball","Throw-in","Jump ball","A jump ball at center court starts the game."
"basketball-easy-46","Basketball","Easy","Which league awards the Larry O'Brien Trophy?","","NCAA","NBA","FIBA","WNBA","NBA","The Larry O'Brien Trophy goes to the NBA champion."
"basketball-easy-47","Basketball","Easy","What is a pass that directly leads to a basket called?","","Turnover","Dribble","Assist","Carry","Assist","The passer is credited with an assist."
"basketball-easy-48","Basketball","Easy","How long is the NBA shot clock?","","35 seconds","20 seconds","24 seconds","30 seconds","24 seconds","NBA teams normally have 24 seconds to attempt a shot."
"basketball-easy-49","Basketball","Easy","How many points is a free throw worth?","","1","2","3","4","1","A successful free throw scores one point."
"basketball-easy-5","Basketball","Easy","What violation is called for walking without dribbling?","","Traveling","Charging","Goaltending","Screening","Traveling","Moving illegally while holding the ball is traveling."
"basketball-easy-50","Basketball","Easy","How many players from one team are on the court at once?","","5","6","7","4","5","Each team plays five players on the court."
"basketball-easy-6","Basketball","Easy","Which player typically directs the offense?","","Point guard","Power forward","Wing referee","Center","Point guard","The point guard commonly handles the ball and organizes the offense."
"basketball-easy-7","Basketball","Easy","How many quarters are in an NBA game?","","4","5","2","3","4","An NBA regulation game has four quarters."
"basketball-easy-8","Basketball","Easy","What is grabbing the ball after a missed shot called?","","Block","Assist","Rebound","Steal","Rebound","Securing a missed field goal or free throw is a rebound."
"basketball-easy-9","Basketball","Easy","What starts a basketball game?","","Kickoff","Faceoff","Jump ball","Throw-in","Jump ball","A jump ball at center court starts the game."
"basketball-hard-1","Basketball","Hard","How many points is a free throw worth?","","1","2","3","4","1","A successful free throw scores one point."
"basketball-hard-10","Basketball","Hard","Which league awards the Larry O'Brien Trophy?","","NCAA","NBA","FIBA","WNBA","NBA","The Larry O'Brien Trophy goes to the NBA champion."
"basketball-hard-11","Basketball","Hard","What is a pass that directly leads to a basket called?","","Turnover","Dribble","Assist","Carry","Assist","The passer is credited with an assist."
"basketball-hard-12","Basketball","Hard","How long is the NBA shot clock?","","35 seconds","20 seconds","24 seconds","30 seconds","24 seconds","NBA teams normally have 24 seconds to attempt a shot."
"basketball-hard-13","Basketball","Hard","How many points is a free throw worth?","","1","2","3","4","1","A successful free throw scores one point."
"basketball-hard-14","Basketball","Hard","How many players from one team are on the court at once?","","5","6","7","4","5","Each team plays five players on the court."
"basketball-hard-15","Basketball","Hard","How high is a regulation basketball hoop?","","10 feet","12 feet","8 feet","9 feet","10 feet","The rim is 10 feet above the floor."
"basketball-hard-16","Basketball","Hard","How many points is a shot beyond the arc worth?","","4","1","2","3","3","A basket made beyond the three-point line scores three points."
"basketball-hard-17","Basketball","Hard","What violation is called for walking without dribbling?","","Traveling","Charging","Goaltending","Screening","Traveling","Moving illegally while holding the ball is traveling."
"basketball-hard-18","Basketball","Hard","Which player typically directs the offense?","","Point guard","Power forward","Wing referee","Center","Point guard","The point guard commonly handles the ball and organizes the offense."
"basketball-hard-19","Basketball","Hard","How many quarters are in an NBA game?","","4","5","2","3","4","An NBA regulation game has four quarters."
"basketball-hard-2","Basketball","Hard","How many players from one team are on the court at once?","","5","6","7","4","5","Each team plays five players on the court."
"basketball-hard-20","Basketball","Hard","What is grabbing the ball after a missed shot called?","","Block","Assist","Rebound","Steal","Rebound","Securing a missed field goal or free throw is a rebound."
"basketball-hard-21","Basketball","Hard","What starts a basketball game?","","Kickoff","Faceoff","Jump ball","Throw-in","Jump ball","A jump ball at center court starts the game."
"basketball-hard-22","Basketball","Hard","Which league awards the Larry O'Brien Trophy?","","NCAA","NBA","FIBA","WNBA","NBA","The Larry O'Brien Trophy goes to the NBA champion."
"basketball-hard-23","Basketball","Hard","What is a pass that directly leads to a basket called?","","Turnover","Dribble","Assist","Carry","Assist","The passer is credited with an assist."
"basketball-hard-24","Basketball","Hard","How long is the NBA shot clock?","","35 seconds","20 seconds","24 seconds","30 seconds","24 seconds","NBA teams normally have 24 seconds to attempt a shot."
"basketball-hard-25","Basketball","Hard","How many points is a free throw worth?","","1","2","3","4","1","A successful free throw scores one point."
"basketball-hard-26","Basketball","Hard","How many players from one team are on the court at once?","","5","6","7","4","5","Each team plays five players on the court."
"basketball-hard-27","Basketball","Hard","How high is a regulation basketball hoop?","","10 feet","12 feet","8 feet","9 feet","10 feet","The rim is 10 feet above the floor."
"basketball-hard-28","Basketball","Hard","How many points is a shot beyond the arc worth?","","4","1","2","3","3","A basket made beyond the three-point line scores three points."
"basketball-hard-29","Basketball","Hard","What violation is called for walking without dribbling?","","Traveling","Charging","Goaltending","Screening","Traveling","Moving illegally while holding the ball is traveling."
"basketball-hard-3","Basketball","Hard","How high is a regulation basketball hoop?","","10 feet","12 feet","8 feet","9 feet","10 feet","The rim is 10 feet above the floor."
"basketball-hard-30","Basketball","Hard","Which player typically directs the offense?","","Point guard","Power forward","Wing referee","Center","Point guard","The point guard commonly handles the ball and organizes the offense."
"basketball-hard-31","Basketball","Hard","How many quarters are in an NBA game?","","4","5","2","3","4","An NBA regulation game has four quarters."
"basketball-hard-32","Basketball","Hard","What is grabbing the ball after a missed shot called?","","Block","Assist","Rebound","Steal","Rebound","Securing a missed field goal or free throw is a rebound."
"basketball-hard-33","Basketball","Hard","What starts a basketball game?","","Kickoff","Faceoff","Jump ball","Throw-in","Jump ball","A jump ball at center court starts the game."
"basketball-hard-34","Basketball","Hard","Which league awards the Larry O'Brien Trophy?","","NCAA","NBA","FIBA","WNBA","NBA","The Larry O'Brien Trophy goes to the NBA champion."
"basketball-hard-35","Basketball","Hard","What is a pass that directly leads to a basket called?","","Turnover","Dribble","Assist","Carry","Assist","The passer is credited with an assist."
"basketball-hard-36","Basketball","Hard","How long is the NBA shot clock?","","35 seconds","20 seconds","24 seconds","30 seconds","24 seconds","NBA teams normally have 24 seconds to attempt a shot."
"basketball-hard-37","Basketball","Hard","How many points is a free throw worth?","","1","2","3","4","1","A successful free throw scores one point."
"basketball-hard-38","Basketball","Hard","How many players from one team are on the court at once?","","5","6","7","4","5","Each team plays five players on the court."
"basketball-hard-39","Basketball","Hard","How high is a regulation basketball hoop?","","10 feet","12 feet","8 feet","9 feet","10 feet","The rim is 10 feet above the floor."
"basketball-hard-4","Basketball","Hard","How many points is a shot beyond the arc worth?","","4","1","2","3","3","A basket made beyond the three-point line scores three points."
"basketball-hard-40","Basketball","Hard","How many points is a shot beyond the arc worth?","","4","1","2","3","3","A basket made beyond the three-point line scores three points."
"basketball-hard-41","Basketball","Hard","What violation is called for walking without dribbling?","","Traveling","Charging","Goaltending","Screening","Traveling","Moving illegally while holding the ball is traveling."
"basketball-hard-42","Basketball","Hard","Which player typically directs the offense?","","Point guard","Power forward","Wing referee","Center","Point guard","The point guard commonly handles the ball and organizes the offense."
"basketball-hard-43","Basketball","Hard","How many quarters are in an NBA game?","","4","5","2","3","4","An NBA regulation game has four quarters."
"basketball-hard-44","Basketball","Hard","What is grabbing the ball after a missed shot called?","","Block","Assist","Rebound","Steal","Rebound","Securing a missed field goal or free throw is a rebound."
"basketball-hard-45","Basketball","Hard","What starts a basketball game?","","Kickoff","Faceoff","Jump ball","Throw-in","Jump ball","A jump ball at center court starts the game."
"basketball-hard-46","Basketball","Hard","Which league awards the Larry O'Brien Trophy?","","NCAA","NBA","FIBA","WNBA","NBA","The Larry O'Brien Trophy goes to the NBA champion."
"basketball-hard-47","Basketball","Hard","What is a pass that directly leads to a basket called?","","Turnover","Dribble","Assist","Carry","Assist","The passer is credited with an assist."
"basketball-hard-48","Basketball","Hard","How long is the NBA shot clock?","","35 seconds","20 seconds","24 seconds","30 seconds","24 seconds","NBA teams normally have 24 seconds to attempt a shot."
"basketball-hard-49","Basketball","Hard","How many points is a free throw worth?","","1","2","3","4","1","A successful free throw scores one point."
"basketball-hard-5","Basketball","Hard","What violation is called for walking without dribbling?","","Traveling","Charging","Goaltending","Screening","Traveling","Moving illegally while holding the ball is traveling."
"basketball-hard-50","Basketball","Hard","How many players from one team are on the court at once?","","5","6","7","4","5","Each team plays five players on the court."
"basketball-hard-6","Basketball","Hard","Which player typically directs the offense?","","Point guard","Power forward","Wing referee","Center","Point guard","The point guard commonly handles the ball and organizes the offense."
"basketball-hard-7","Basketball","Hard","How many quarters are in an NBA game?","","4","5","2","3","4","An NBA regulation game has four quarters."
"basketball-hard-8","Basketball","Hard","What is grabbing the ball after a missed shot called?","","Block","Assist","Rebound","Steal","Rebound","Securing a missed field goal or free throw is a rebound."
"basketball-hard-9","Basketball","Hard","What starts a basketball game?","","Kickoff","Faceoff","Jump ball","Throw-in","Jump ball","A jump ball at center court starts the game."
"basketball-medium-1","Basketball","Medium","How many points is a free throw worth?","","1","2","3","4","1","A successful free throw scores one point."
"basketball-medium-10","Basketball","Medium","Which league awards the Larry O'Brien Trophy?","","NCAA","NBA","FIBA","WNBA","NBA","The Larry O'Brien Trophy goes to the NBA champion."
"basketball-medium-11","Basketball","Medium","What is a pass that directly leads to a basket called?","","Turnover","Dribble","Assist","Carry","Assist","The passer is credited with an assist."
"basketball-medium-12","Basketball","Medium","How long is the NBA shot clock?","","35 seconds","20 seconds","24 seconds","30 seconds","24 seconds","NBA teams normally have 24 seconds to attempt a shot."
"basketball-medium-13","Basketball","Medium","How many points is a free throw worth?","","1","2","3","4","1","A successful free throw scores one point."
"basketball-medium-14","Basketball","Medium","How many players from one team are on the court at once?","","5","6","7","4","5","Each team plays five players on the court."
"basketball-medium-15","Basketball","Medium","How high is a regulation basketball hoop?","","10 feet","12 feet","8 feet","9 feet","10 feet","The rim is 10 feet above the floor."
"basketball-medium-16","Basketball","Medium","How many points is a shot beyond the arc worth?","","4","1","2","3","3","A basket made beyond the three-point line scores three points."
"basketball-medium-17","Basketball","Medium","What violation is called for walking without dribbling?","","Traveling","Charging","Goaltending","Screening","Traveling","Moving illegally while holding the ball is traveling."
"basketball-medium-18","Basketball","Medium","Which player typically directs the offense?","","Point guard","Power forward","Wing referee","Center","Point guard","The point guard commonly handles the ball and organizes the offense."
"basketball-medium-19","Basketball","Medium","How many quarters are in an NBA game?","","4","5","2","3","4","An NBA regulation game has four quarters."
"basketball-medium-2","Basketball","Medium","How many players from one team are on the court at once?","","5","6","7","4","5","Each team plays five players on the court."
"basketball-medium-20","Basketball","Medium","What is grabbing the ball after a missed shot called?","","Block","Assist","Rebound","Steal","Rebound","Securing a missed field goal or free throw is a rebound."
"basketball-medium-21","Basketball","Medium","What starts a basketball game?","","Kickoff","Faceoff","Jump ball","Throw-in","Jump ball","A jump ball at center court starts the game."
"basketball-medium-22","Basketball","Medium","Which league awards the Larry O'Brien Trophy?","","NCAA","NBA","FIBA","WNBA","NBA","The Larry O'Brien Trophy goes to the NBA champion."
"basketball-medium-23","Basketball","Medium","What is a pass that directly leads to a basket called?","","Turnover","Dribble","Assist","Carry","Assist","The passer is credited with an assist."
"basketball-medium-24","Basketball","Medium","How long is the NBA shot clock?","","35 seconds","20 seconds","24 seconds","30 seconds","24 seconds","NBA teams normally have 24 seconds to attempt a shot."
"basketball-medium-25","Basketball","Medium","How many points is a free throw worth?","","1","2","3","4","1","A successful free throw scores one point."
"basketball-medium-26","Basketball","Medium","How many players from one team are on the court at once?","","5","6","7","4","5","Each team plays five players on the court."
"basketball-medium-27","Basketball","Medium","How high is a regulation basketball hoop?","","10 feet","12 feet","8 feet","9 feet","10 feet","The rim is 10 feet above the floor."
"basketball-medium-28","Basketball","Medium","How many points is a shot beyond the arc worth?","","4","1","2","3","3","A basket made beyond the three-point line scores three points."
"basketball-medium-29","Basketball","Medium","What violation is called for walking without dribbling?","","Traveling","Charging","Goaltending","Screening","Traveling","Moving illegally while holding the ball is traveling."
"basketball-medium-3","Basketball","Medium","How high is a regulation basketball hoop?","","10 feet","12 feet","8 feet","9 feet","10 feet","The rim is 10 feet above the floor."
"basketball-medium-30","Basketball","Medium","Which player typically directs the offense?","","Point guard","Power forward","Wing referee","Center","Point guard","The point guard commonly handles the ball and organizes the offense."
"basketball-medium-31","Basketball","Medium","How many quarters are in an NBA game?","","4","5","2","3","4","An NBA regulation game has four quarters."
"basketball-medium-32","Basketball","Medium","What is grabbing the ball after a missed shot called?","","Block","Assist","Rebound","Steal","Rebound","Securing a missed field goal or free throw is a rebound."
"basketball-medium-33","Basketball","Medium","What starts a basketball game?","","Kickoff","Faceoff","Jump ball","Throw-in","Jump ball","A jump ball at center court starts the game."
"basketball-medium-34","Basketball","Medium","Which league awards the Larry O'Brien Trophy?","","NCAA","NBA","FIBA","WNBA","NBA","The Larry O'Brien Trophy goes to the NBA champion."
"basketball-medium-35","Basketball","Medium","What is a pass that directly leads to a basket called?","","Turnover","Dribble","Assist","Carry","Assist","The passer is credited with an assist."
"basketball-medium-36","Basketball","Medium","How long is the NBA shot clock?","","35 seconds","20 seconds","24 seconds","30 seconds","24 seconds","NBA teams normally have 24 seconds to attempt a shot."
"basketball-medium-37","Basketball","Medium","How many points is a free throw worth?","","1","2","3","4","1","A successful free throw scores one point."
"basketball-medium-38","Basketball","Medium","How many players from one team are on the court at once?","","5","6","7","4","5","Each team plays five players on the court."
"basketball-medium-39","Basketball","Medium","How high is a regulation basketball hoop?","","10 feet","12 feet","8 feet","9 feet","10 feet","The rim is 10 feet above the floor."
"basketball-medium-4","Basketball","Medium","How many points is a shot beyond the arc worth?","","4","1","2","3","3","A basket made beyond the three-point line scores three points."
"basketball-medium-40","Basketball","Medium","How many points is a shot beyond the arc worth?","","4","1","2","3","3","A basket made beyond the three-point line scores three points."
"basketball-medium-41","Basketball","Medium","What violation is called for walking without dribbling?","","Traveling","Charging","Goaltending","Screening","Traveling","Moving illegally while holding the ball is traveling."
"basketball-medium-42","Basketball","Medium","Which player typically directs the offense?","","Point guard","Power forward","Wing referee","Center","Point guard","The point guard commonly handles the ball and organizes the offense."
"basketball-medium-43","Basketball","Medium","How many quarters are in an NBA game?","","4","5","2","3","4","An NBA regulation game has four quarters."
"basketball-medium-44","Basketball","Medium","What is grabbing the ball after a missed shot called?","","Block","Assist","Rebound","Steal","Rebound","Securing a missed field goal or free throw is a rebound."
"basketball-medium-45","Basketball","Medium","What starts a basketball game?","","Kickoff","Faceoff","Jump ball","Throw-in","Jump ball","A jump ball at center court starts the game."
"basketball-medium-46","Basketball","Medium","Which league awards the Larry O'Brien Trophy?","","NCAA","NBA","FIBA","WNBA","NBA","The Larry O'Brien Trophy goes to the NBA champion."
"basketball-medium-47","Basketball","Medium","What is a pass that directly leads to a basket called?","","Turnover","Dribble","Assist","Carry","Assist","The passer is credited with an assist."
"basketball-medium-48","Basketball","Medium","How long is the NBA shot clock?","","35 seconds","20 seconds","24 seconds","30 seconds","24 seconds","NBA teams normally have 24 seconds to attempt a shot."
"basketball-medium-49","Basketball","Medium","How many points is a free throw worth?","","1","2","3","4","1","A successful free throw scores one point."
"basketball-medium-5","Basketball","Medium","What violation is called for walking without dribbling?","","Traveling","Charging","Goaltending","Screening","Traveling","Moving illegally while holding the ball is traveling."
"basketball-medium-50","Basketball","Medium","How many players from one team are on the court at once?","","5","6","7","4","5","Each team plays five players on the court."
"basketball-medium-6","Basketball","Medium","Which player typically directs the offense?","","Point guard","Power forward","Wing referee","Center","Point guard","The point guard commonly handles the ball and organizes the offense."
"basketball-medium-7","Basketball","Medium","How many quarters are in an NBA game?","","4","5","2","3","4","An NBA regulation game has four quarters."
"basketball-medium-8","Basketball","Medium","What is grabbing the ball after a missed shot called?","","Block","Assist","Rebound","Steal","Rebound","Securing a missed field goal or free throw is a rebound."
"basketball-medium-9","Basketball","Medium","What starts a basketball game?","","Kickoff","Faceoff","Jump ball","Throw-in","Jump ball","A jump ball at center court starts the game."
"food-easy-1","Food & Drink","Easy","What is the main ingredient in traditional hummus?","","Lentils","Chickpeas","Black beans","Potatoes","Chickpeas","Hummus is made primarily from chickpeas blended with tahini."
"food-easy-10","Food & Drink","Easy","Which pasta name means 'little tongues' in Italian?","","Penne","Linguine","Rigatoni","Fusilli","Linguine","Linguine takes its name from the Italian word for little tongues."
"food-easy-11","Food & Drink","Easy","What is the main flavor in tzatziki?","","Pepper","Carrot","Cucumber","Tomato","Cucumber","Tzatziki combines yogurt with cucumber, garlic, and herbs."
"food-easy-12","Food & Drink","Easy","Which drink is made by fermenting tea with a SCOBY?","","Horchata","Kefir","Kombucha","Kvass","Kombucha","Kombucha is sweetened tea fermented with a symbiotic culture."
"food-easy-13","Food & Drink","Easy","What is the main ingredient in traditional hummus?","","Lentils","Chickpeas","Black beans","Potatoes","Chickpeas","Hummus is made primarily from chickpeas blended with tahini."
"food-easy-14","Food & Drink","Easy","Sushi is most closely associated with which country?","","Thailand","Japan","Vietnam","China","Japan","Modern sushi developed as a distinctive cuisine in Japan."
"food-easy-15","Food & Drink","Easy","What gives pesto its traditional green color?","","Spinach","Mint","Parsley","Basil","Basil","Classic pesto alla Genovese is made with fresh basil."
"food-easy-16","Food & Drink","Easy","Which cheese is traditionally used on a Margherita pizza?","","Gouda","Cheddar","Brie","Mozzarella","Mozzarella","Margherita pizza is topped with tomato, mozzarella, and basil."
"food-easy-17","Food & Drink","Easy","Guacamole is made primarily from what?","","Avocado","Cucumber","Peas","Zucchini","Avocado","Mashed avocado is the base of guacamole."
"food-easy-18","Food & Drink","Easy","Which spice comes from the dried stigma of a flower?","","Paprika","Saffron","Turmeric","Cumin","Saffron","Saffron threads are stigmas harvested from the saffron crocus."
"food-easy-19","Food & Drink","Easy","What type of pastry is used for profiteroles?","","Filo","Shortcrust","Puff","Choux","Choux","Profiteroles are small baked balls of choux pastry."
"food-easy-2","Food & Drink","Easy","Sushi is most closely associated with which country?","","Thailand","Japan","Vietnam","China","Japan","Modern sushi developed as a distinctive cuisine in Japan."
"food-easy-20","Food & Drink","Easy","Which fruit is dried to make a prune?","","Date","Apricot","Plum","Fig","Plum","Prunes are dried plums."
"food-easy-21","Food & Drink","Easy","Tofu is commonly made from which bean?","","Kidney bean","Soybean","Lima bean","Mung bean","Soybean","Tofu is produced by coagulating soy milk."
"food-easy-22","Food & Drink","Easy","Which pasta name means 'little tongues' in Italian?","","Penne","Linguine","Rigatoni","Fusilli","Linguine","Linguine takes its name from the Italian word for little tongues."
"food-easy-23","Food & Drink","Easy","What is the main flavor in tzatziki?","","Pepper","Carrot","Cucumber","Tomato","Cucumber","Tzatziki combines yogurt with cucumber, garlic, and herbs."
"food-easy-24","Food & Drink","Easy","Which drink is made by fermenting tea with a SCOBY?","","Horchata","Kefir","Kombucha","Kvass","Kombucha","Kombucha is sweetened tea fermented with a symbiotic culture."
"food-easy-25","Food & Drink","Easy","What is the main ingredient in traditional hummus?","","Lentils","Chickpeas","Black beans","Potatoes","Chickpeas","Hummus is made primarily from chickpeas blended with tahini."
"food-easy-26","Food & Drink","Easy","Sushi is most closely associated with which country?","","Thailand","Japan","Vietnam","China","Japan","Modern sushi developed as a distinctive cuisine in Japan."
"food-easy-27","Food & Drink","Easy","What gives pesto its traditional green color?","","Spinach","Mint","Parsley","Basil","Basil","Classic pesto alla Genovese is made with fresh basil."
"food-easy-28","Food & Drink","Easy","Which cheese is traditionally used on a Margherita pizza?","","Gouda","Cheddar","Brie","Mozzarella","Mozzarella","Margherita pizza is topped with tomato, mozzarella, and basil."
"food-easy-29","Food & Drink","Easy","Guacamole is made primarily from what?","","Avocado","Cucumber","Peas","Zucchini","Avocado","Mashed avocado is the base of guacamole."
"food-easy-3","Food & Drink","Easy","What gives pesto its traditional green color?","","Spinach","Mint","Parsley","Basil","Basil","Classic pesto alla Genovese is made with fresh basil."
"food-easy-30","Food & Drink","Easy","Which spice comes from the dried stigma of a flower?","","Paprika","Saffron","Turmeric","Cumin","Saffron","Saffron threads are stigmas harvested from the saffron crocus."
"food-easy-31","Food & Drink","Easy","What type of pastry is used for profiteroles?","","Filo","Shortcrust","Puff","Choux","Choux","Profiteroles are small baked balls of choux pastry."
"food-easy-32","Food & Drink","Easy","Which fruit is dried to make a prune?","","Date","Apricot","Plum","Fig","Plum","Prunes are dried plums."
"food-easy-33","Food & Drink","Easy","Tofu is commonly made from which bean?","","Kidney bean","Soybean","Lima bean","Mung bean","Soybean","Tofu is produced by coagulating soy milk."
"food-easy-34","Food & Drink","Easy","Which pasta name means 'little tongues' in Italian?","","Penne","Linguine","Rigatoni","Fusilli","Linguine","Linguine takes its name from the Italian word for little tongues."
"food-easy-35","Food & Drink","Easy","What is the main flavor in tzatziki?","","Pepper","Carrot","Cucumber","Tomato","Cucumber","Tzatziki combines yogurt with cucumber, garlic, and herbs."
"food-easy-36","Food & Drink","Easy","Which drink is made by fermenting tea with a SCOBY?","","Horchata","Kefir","Kombucha","Kvass","Kombucha","Kombucha is sweetened tea fermented with a symbiotic culture."
"food-easy-37","Food & Drink","Easy","What is the main ingredient in traditional hummus?","","Lentils","Chickpeas","Black beans","Potatoes","Chickpeas","Hummus is made primarily from chickpeas blended with tahini."
"food-easy-38","Food & Drink","Easy","Sushi is most closely associated with which country?","","Thailand","Japan","Vietnam","China","Japan","Modern sushi developed as a distinctive cuisine in Japan."
"food-easy-39","Food & Drink","Easy","What gives pesto its traditional green color?","","Spinach","Mint","Parsley","Basil","Basil","Classic pesto alla Genovese is made with fresh basil."
"food-easy-4","Food & Drink","Easy","Which cheese is traditionally used on a Margherita pizza?","","Gouda","Cheddar","Brie","Mozzarella","Mozzarella","Margherita pizza is topped with tomato, mozzarella, and basil."
"food-easy-40","Food & Drink","Easy","Which cheese is traditionally used on a Margherita pizza?","","Gouda","Cheddar","Brie","Mozzarella","Mozzarella","Margherita pizza is topped with tomato, mozzarella, and basil."
"food-easy-41","Food & Drink","Easy","Guacamole is made primarily from what?","","Avocado","Cucumber","Peas","Zucchini","Avocado","Mashed avocado is the base of guacamole."
"food-easy-42","Food & Drink","Easy","Which spice comes from the dried stigma of a flower?","","Paprika","Saffron","Turmeric","Cumin","Saffron","Saffron threads are stigmas harvested from the saffron crocus."
"food-easy-43","Food & Drink","Easy","What type of pastry is used for profiteroles?","","Filo","Shortcrust","Puff","Choux","Choux","Profiteroles are small baked balls of choux pastry."
"food-easy-44","Food & Drink","Easy","Which fruit is dried to make a prune?","","Date","Apricot","Plum","Fig","Plum","Prunes are dried plums."
"food-easy-45","Food & Drink","Easy","Tofu is commonly made from which bean?","","Kidney bean","Soybean","Lima bean","Mung bean","Soybean","Tofu is produced by coagulating soy milk."
"food-easy-46","Food & Drink","Easy","Which pasta name means 'little tongues' in Italian?","","Penne","Linguine","Rigatoni","Fusilli","Linguine","Linguine takes its name from the Italian word for little tongues."
"food-easy-47","Food & Drink","Easy","What is the main flavor in tzatziki?","","Pepper","Carrot","Cucumber","Tomato","Cucumber","Tzatziki combines yogurt with cucumber, garlic, and herbs."
"food-easy-48","Food & Drink","Easy","Which drink is made by fermenting tea with a SCOBY?","","Horchata","Kefir","Kombucha","Kvass","Kombucha","Kombucha is sweetened tea fermented with a symbiotic culture."
"food-easy-49","Food & Drink","Easy","What is the main ingredient in traditional hummus?","","Lentils","Chickpeas","Black beans","Potatoes","Chickpeas","Hummus is made primarily from chickpeas blended with tahini."
"food-easy-5","Food & Drink","Easy","Guacamole is made primarily from what?","","Avocado","Cucumber","Peas","Zucchini","Avocado","Mashed avocado is the base of guacamole."
"food-easy-50","Food & Drink","Easy","Sushi is most closely associated with which country?","","Thailand","Japan","Vietnam","China","Japan","Modern sushi developed as a distinctive cuisine in Japan."
"food-easy-6","Food & Drink","Easy","Which spice comes from the dried stigma of a flower?","","Paprika","Saffron","Turmeric","Cumin","Saffron","Saffron threads are stigmas harvested from the saffron crocus."
"food-easy-7","Food & Drink","Easy","What type of pastry is used for profiteroles?","","Filo","Shortcrust","Puff","Choux","Choux","Profiteroles are small baked balls of choux pastry."
"food-easy-8","Food & Drink","Easy","Which fruit is dried to make a prune?","","Date","Apricot","Plum","Fig","Plum","Prunes are dried plums."
"food-easy-9","Food & Drink","Easy","Tofu is commonly made from which bean?","","Kidney bean","Soybean","Lima bean","Mung bean","Soybean","Tofu is produced by coagulating soy milk."
"food-hard-1","Food & Drink","Hard","What is the main ingredient in traditional hummus?","","Lentils","Chickpeas","Black beans","Potatoes","Chickpeas","Hummus is made primarily from chickpeas blended with tahini."
"food-hard-10","Food & Drink","Hard","Which pasta name means 'little tongues' in Italian?","","Penne","Linguine","Rigatoni","Fusilli","Linguine","Linguine takes its name from the Italian word for little tongues."
"food-hard-11","Food & Drink","Hard","What is the main flavor in tzatziki?","","Pepper","Carrot","Cucumber","Tomato","Cucumber","Tzatziki combines yogurt with cucumber, garlic, and herbs."
"food-hard-12","Food & Drink","Hard","Which drink is made by fermenting tea with a SCOBY?","","Horchata","Kefir","Kombucha","Kvass","Kombucha","Kombucha is sweetened tea fermented with a symbiotic culture."
"food-hard-13","Food & Drink","Hard","What is the main ingredient in traditional hummus?","","Lentils","Chickpeas","Black beans","Potatoes","Chickpeas","Hummus is made primarily from chickpeas blended with tahini."
"food-hard-14","Food & Drink","Hard","Sushi is most closely associated with which country?","","Thailand","Japan","Vietnam","China","Japan","Modern sushi developed as a distinctive cuisine in Japan."
"food-hard-15","Food & Drink","Hard","What gives pesto its traditional green color?","","Spinach","Mint","Parsley","Basil","Basil","Classic pesto alla Genovese is made with fresh basil."
"food-hard-16","Food & Drink","Hard","Which cheese is traditionally used on a Margherita pizza?","","Gouda","Cheddar","Brie","Mozzarella","Mozzarella","Margherita pizza is topped with tomato, mozzarella, and basil."
"food-hard-17","Food & Drink","Hard","Guacamole is made primarily from what?","","Avocado","Cucumber","Peas","Zucchini","Avocado","Mashed avocado is the base of guacamole."
"food-hard-18","Food & Drink","Hard","Which spice comes from the dried stigma of a flower?","","Paprika","Saffron","Turmeric","Cumin","Saffron","Saffron threads are stigmas harvested from the saffron crocus."
"food-hard-19","Food & Drink","Hard","What type of pastry is used for profiteroles?","","Filo","Shortcrust","Puff","Choux","Choux","Profiteroles are small baked balls of choux pastry."
"food-hard-2","Food & Drink","Hard","Sushi is most closely associated with which country?","","Thailand","Japan","Vietnam","China","Japan","Modern sushi developed as a distinctive cuisine in Japan."
"food-hard-20","Food & Drink","Hard","Which fruit is dried to make a prune?","","Date","Apricot","Plum","Fig","Plum","Prunes are dried plums."
"food-hard-21","Food & Drink","Hard","Tofu is commonly made from which bean?","","Kidney bean","Soybean","Lima bean","Mung bean","Soybean","Tofu is produced by coagulating soy milk."
"food-hard-22","Food & Drink","Hard","Which pasta name means 'little tongues' in Italian?","","Penne","Linguine","Rigatoni","Fusilli","Linguine","Linguine takes its name from the Italian word for little tongues."
"food-hard-23","Food & Drink","Hard","What is the main flavor in tzatziki?","","Pepper","Carrot","Cucumber","Tomato","Cucumber","Tzatziki combines yogurt with cucumber, garlic, and herbs."
"food-hard-24","Food & Drink","Hard","Which drink is made by fermenting tea with a SCOBY?","","Horchata","Kefir","Kombucha","Kvass","Kombucha","Kombucha is sweetened tea fermented with a symbiotic culture."
"food-hard-25","Food & Drink","Hard","What is the main ingredient in traditional hummus?","","Lentils","Chickpeas","Black beans","Potatoes","Chickpeas","Hummus is made primarily from chickpeas blended with tahini."
"food-hard-26","Food & Drink","Hard","Sushi is most closely associated with which country?","","Thailand","Japan","Vietnam","China","Japan","Modern sushi developed as a distinctive cuisine in Japan."
"food-hard-27","Food & Drink","Hard","What gives pesto its traditional green color?","","Spinach","Mint","Parsley","Basil","Basil","Classic pesto alla Genovese is made with fresh basil."
"food-hard-28","Food & Drink","Hard","Which cheese is traditionally used on a Margherita pizza?","","Gouda","Cheddar","Brie","Mozzarella","Mozzarella","Margherita pizza is topped with tomato, mozzarella, and basil."
"food-hard-29","Food & Drink","Hard","Guacamole is made primarily from what?","","Avocado","Cucumber","Peas","Zucchini","Avocado","Mashed avocado is the base of guacamole."
"food-hard-3","Food & Drink","Hard","What gives pesto its traditional green color?","","Spinach","Mint","Parsley","Basil","Basil","Classic pesto alla Genovese is made with fresh basil."
"food-hard-30","Food & Drink","Hard","Which spice comes from the dried stigma of a flower?","","Paprika","Saffron","Turmeric","Cumin","Saffron","Saffron threads are stigmas harvested from the saffron crocus."
"food-hard-31","Food & Drink","Hard","What type of pastry is used for profiteroles?","","Filo","Shortcrust","Puff","Choux","Choux","Profiteroles are small baked balls of choux pastry."
"food-hard-32","Food & Drink","Hard","Which fruit is dried to make a prune?","","Date","Apricot","Plum","Fig","Plum","Prunes are dried plums."
"food-hard-33","Food & Drink","Hard","Tofu is commonly made from which bean?","","Kidney bean","Soybean","Lima bean","Mung bean","Soybean","Tofu is produced by coagulating soy milk."
"food-hard-34","Food & Drink","Hard","Which pasta name means 'little tongues' in Italian?","","Penne","Linguine","Rigatoni","Fusilli","Linguine","Linguine takes its name from the Italian word for little tongues."
"food-hard-35","Food & Drink","Hard","What is the main flavor in tzatziki?","","Pepper","Carrot","Cucumber","Tomato","Cucumber","Tzatziki combines yogurt with cucumber, garlic, and herbs."
"food-hard-36","Food & Drink","Hard","Which drink is made by fermenting tea with a SCOBY?","","Horchata","Kefir","Kombucha","Kvass","Kombucha","Kombucha is sweetened tea fermented with a symbiotic culture."
"food-hard-37","Food & Drink","Hard","What is the main ingredient in traditional hummus?","","Lentils","Chickpeas","Black beans","Potatoes","Chickpeas","Hummus is made primarily from chickpeas blended with tahini."
"food-hard-38","Food & Drink","Hard","Sushi is most closely associated with which country?","","Thailand","Japan","Vietnam","China","Japan","Modern sushi developed as a distinctive cuisine in Japan."
"food-hard-39","Food & Drink","Hard","What gives pesto its traditional green color?","","Spinach","Mint","Parsley","Basil","Basil","Classic pesto alla Genovese is made with fresh basil."
"food-hard-4","Food & Drink","Hard","Which cheese is traditionally used on a Margherita pizza?","","Gouda","Cheddar","Brie","Mozzarella","Mozzarella","Margherita pizza is topped with tomato, mozzarella, and basil."
"food-hard-40","Food & Drink","Hard","Which cheese is traditionally used on a Margherita pizza?","","Gouda","Cheddar","Brie","Mozzarella","Mozzarella","Margherita pizza is topped with tomato, mozzarella, and basil."
"food-hard-41","Food & Drink","Hard","Guacamole is made primarily from what?","","Avocado","Cucumber","Peas","Zucchini","Avocado","Mashed avocado is the base of guacamole."
"food-hard-42","Food & Drink","Hard","Which spice comes from the dried stigma of a flower?","","Paprika","Saffron","Turmeric","Cumin","Saffron","Saffron threads are stigmas harvested from the saffron crocus."
"food-hard-43","Food & Drink","Hard","What type of pastry is used for profiteroles?","","Filo","Shortcrust","Puff","Choux","Choux","Profiteroles are small baked balls of choux pastry."
"food-hard-44","Food & Drink","Hard","Which fruit is dried to make a prune?","","Date","Apricot","Plum","Fig","Plum","Prunes are dried plums."
"food-hard-45","Food & Drink","Hard","Tofu is commonly made from which bean?","","Kidney bean","Soybean","Lima bean","Mung bean","Soybean","Tofu is produced by coagulating soy milk."
"food-hard-46","Food & Drink","Hard","Which pasta name means 'little tongues' in Italian?","","Penne","Linguine","Rigatoni","Fusilli","Linguine","Linguine takes its name from the Italian word for little tongues."
"food-hard-47","Food & Drink","Hard","What is the main flavor in tzatziki?","","Pepper","Carrot","Cucumber","Tomato","Cucumber","Tzatziki combines yogurt with cucumber, garlic, and herbs."
"food-hard-48","Food & Drink","Hard","Which drink is made by fermenting tea with a SCOBY?","","Horchata","Kefir","Kombucha","Kvass","Kombucha","Kombucha is sweetened tea fermented with a symbiotic culture."
"food-hard-49","Food & Drink","Hard","What is the main ingredient in traditional hummus?","","Lentils","Chickpeas","Black beans","Potatoes","Chickpeas","Hummus is made primarily from chickpeas blended with tahini."
"food-hard-5","Food & Drink","Hard","Guacamole is made primarily from what?","","Avocado","Cucumber","Peas","Zucchini","Avocado","Mashed avocado is the base of guacamole."
"food-hard-50","Food & Drink","Hard","Sushi is most closely associated with which country?","","Thailand","Japan","Vietnam","China","Japan","Modern sushi developed as a distinctive cuisine in Japan."
"food-hard-6","Food & Drink","Hard","Which spice comes from the dried stigma of a flower?","","Paprika","Saffron","Turmeric","Cumin","Saffron","Saffron threads are stigmas harvested from the saffron crocus."
"food-hard-7","Food & Drink","Hard","What type of pastry is used for profiteroles?","","Filo","Shortcrust","Puff","Choux","Choux","Profiteroles are small baked balls of choux pastry."
"food-hard-8","Food & Drink","Hard","Which fruit is dried to make a prune?","","Date","Apricot","Plum","Fig","Plum","Prunes are dried plums."
"food-hard-9","Food & Drink","Hard","Tofu is commonly made from which bean?","","Kidney bean","Soybean","Lima bean","Mung bean","Soybean","Tofu is produced by coagulating soy milk."
"food-medium-1","Food & Drink","Medium","What is the main ingredient in traditional hummus?","","Lentils","Chickpeas","Black beans","Potatoes","Chickpeas","Hummus is made primarily from chickpeas blended with tahini."
"food-medium-10","Food & Drink","Medium","Which pasta name means 'little tongues' in Italian?","","Penne","Linguine","Rigatoni","Fusilli","Linguine","Linguine takes its name from the Italian word for little tongues."
"food-medium-11","Food & Drink","Medium","What is the main flavor in tzatziki?","","Pepper","Carrot","Cucumber","Tomato","Cucumber","Tzatziki combines yogurt with cucumber, garlic, and herbs."
"food-medium-12","Food & Drink","Medium","Which drink is made by fermenting tea with a SCOBY?","","Horchata","Kefir","Kombucha","Kvass","Kombucha","Kombucha is sweetened tea fermented with a symbiotic culture."
"food-medium-13","Food & Drink","Medium","What is the main ingredient in traditional hummus?","","Lentils","Chickpeas","Black beans","Potatoes","Chickpeas","Hummus is made primarily from chickpeas blended with tahini."
"food-medium-14","Food & Drink","Medium","Sushi is most closely associated with which country?","","Thailand","Japan","Vietnam","China","Japan","Modern sushi developed as a distinctive cuisine in Japan."
"food-medium-15","Food & Drink","Medium","What gives pesto its traditional green color?","","Spinach","Mint","Parsley","Basil","Basil","Classic pesto alla Genovese is made with fresh basil."
"food-medium-16","Food & Drink","Medium","Which cheese is traditionally used on a Margherita pizza?","","Gouda","Cheddar","Brie","Mozzarella","Mozzarella","Margherita pizza is topped with tomato, mozzarella, and basil."
"food-medium-17","Food & Drink","Medium","Guacamole is made primarily from what?","","Avocado","Cucumber","Peas","Zucchini","Avocado","Mashed avocado is the base of guacamole."
"food-medium-18","Food & Drink","Medium","Which spice comes from the dried stigma of a flower?","","Paprika","Saffron","Turmeric","Cumin","Saffron","Saffron threads are stigmas harvested from the saffron crocus."
"food-medium-19","Food & Drink","Medium","What type of pastry is used for profiteroles?","","Filo","Shortcrust","Puff","Choux","Choux","Profiteroles are small baked balls of choux pastry."
"food-medium-2","Food & Drink","Medium","Sushi is most closely associated with which country?","","Thailand","Japan","Vietnam","China","Japan","Modern sushi developed as a distinctive cuisine in Japan."
"food-medium-20","Food & Drink","Medium","Which fruit is dried to make a prune?","","Date","Apricot","Plum","Fig","Plum","Prunes are dried plums."
"food-medium-21","Food & Drink","Medium","Tofu is commonly made from which bean?","","Kidney bean","Soybean","Lima bean","Mung bean","Soybean","Tofu is produced by coagulating soy milk."
"food-medium-22","Food & Drink","Medium","Which pasta name means 'little tongues' in Italian?","","Penne","Linguine","Rigatoni","Fusilli","Linguine","Linguine takes its name from the Italian word for little tongues."
"food-medium-23","Food & Drink","Medium","What is the main flavor in tzatziki?","","Pepper","Carrot","Cucumber","Tomato","Cucumber","Tzatziki combines yogurt with cucumber, garlic, and herbs."
"food-medium-24","Food & Drink","Medium","Which drink is made by fermenting tea with a SCOBY?","","Horchata","Kefir","Kombucha","Kvass","Kombucha","Kombucha is sweetened tea fermented with a symbiotic culture."
"food-medium-25","Food & Drink","Medium","What is the main ingredient in traditional hummus?","","Lentils","Chickpeas","Black beans","Potatoes","Chickpeas","Hummus is made primarily from chickpeas blended with tahini."
"food-medium-26","Food & Drink","Medium","Sushi is most closely associated with which country?","","Thailand","Japan","Vietnam","China","Japan","Modern sushi developed as a distinctive cuisine in Japan."
"food-medium-27","Food & Drink","Medium","What gives pesto its traditional green color?","","Spinach","Mint","Parsley","Basil","Basil","Classic pesto alla Genovese is made with fresh basil."
"food-medium-28","Food & Drink","Medium","Which cheese is traditionally used on a Margherita pizza?","","Gouda","Cheddar","Brie","Mozzarella","Mozzarella","Margherita pizza is topped with tomato, mozzarella, and basil."
"food-medium-29","Food & Drink","Medium","Guacamole is made primarily from what?","","Avocado","Cucumber","Peas","Zucchini","Avocado","Mashed avocado is the base of guacamole."
"food-medium-3","Food & Drink","Medium","What gives pesto its traditional green color?","","Spinach","Mint","Parsley","Basil","Basil","Classic pesto alla Genovese is made with fresh basil."
"food-medium-30","Food & Drink","Medium","Which spice comes from the dried stigma of a flower?","","Paprika","Saffron","Turmeric","Cumin","Saffron","Saffron threads are stigmas harvested from the saffron crocus."
"food-medium-31","Food & Drink","Medium","What type of pastry is used for profiteroles?","","Filo","Shortcrust","Puff","Choux","Choux","Profiteroles are small baked balls of choux pastry."
"food-medium-32","Food & Drink","Medium","Which fruit is dried to make a prune?","","Date","Apricot","Plum","Fig","Plum","Prunes are dried plums."
"food-medium-33","Food & Drink","Medium","Tofu is commonly made from which bean?","","Kidney bean","Soybean","Lima bean","Mung bean","Soybean","Tofu is produced by coagulating soy milk."
"food-medium-34","Food & Drink","Medium","Which pasta name means 'little tongues' in Italian?","","Penne","Linguine","Rigatoni","Fusilli","Linguine","Linguine takes its name from the Italian word for little tongues."
"food-medium-35","Food & Drink","Medium","What is the main flavor in tzatziki?","","Pepper","Carrot","Cucumber","Tomato","Cucumber","Tzatziki combines yogurt with cucumber, garlic, and herbs."
"food-medium-36","Food & Drink","Medium","Which drink is made by fermenting tea with a SCOBY?","","Horchata","Kefir","Kombucha","Kvass","Kombucha","Kombucha is sweetened tea fermented with a symbiotic culture."
"food-medium-37","Food & Drink","Medium","What is the main ingredient in traditional hummus?","","Lentils","Chickpeas","Black beans","Potatoes","Chickpeas","Hummus is made primarily from chickpeas blended with tahini."
"food-medium-38","Food & Drink","Medium","Sushi is most closely associated with which country?","","Thailand","Japan","Vietnam","China","Japan","Modern sushi developed as a distinctive cuisine in Japan."
"food-medium-39","Food & Drink","Medium","What gives pesto its traditional green color?","","Spinach","Mint","Parsley","Basil","Basil","Classic pesto alla Genovese is made with fresh basil."
"food-medium-4","Food & Drink","Medium","Which cheese is traditionally used on a Margherita pizza?","","Gouda","Cheddar","Brie","Mozzarella","Mozzarella","Margherita pizza is topped with tomato, mozzarella, and basil."
"food-medium-40","Food & Drink","Medium","Which cheese is traditionally used on a Margherita pizza?","","Gouda","Cheddar","Brie","Mozzarella","Mozzarella","Margherita pizza is topped with tomato, mozzarella, and basil."
"food-medium-41","Food & Drink","Medium","Guacamole is made primarily from what?","","Avocado","Cucumber","Peas","Zucchini","Avocado","Mashed avocado is the base of guacamole."
"food-medium-42","Food & Drink","Medium","Which spice comes from the dried stigma of a flower?","","Paprika","Saffron","Turmeric","Cumin","Saffron","Saffron threads are stigmas harvested from the saffron crocus."
"food-medium-43","Food & Drink","Medium","What type of pastry is used for profiteroles?","","Filo","Shortcrust","Puff","Choux","Choux","Profiteroles are small baked balls of choux pastry."
"food-medium-44","Food & Drink","Medium","Which fruit is dried to make a prune?","","Date","Apricot","Plum","Fig","Plum","Prunes are dried plums."
"food-medium-45","Food & Drink","Medium","Tofu is commonly made from which bean?","","Kidney bean","Soybean","Lima bean","Mung bean","Soybean","Tofu is produced by coagulating soy milk."
"food-medium-46","Food & Drink","Medium","Which pasta name means 'little tongues' in Italian?","","Penne","Linguine","Rigatoni","Fusilli","Linguine","Linguine takes its name from the Italian word for little tongues."
"food-medium-47","Food & Drink","Medium","What is the main flavor in tzatziki?","","Pepper","Carrot","Cucumber","Tomato","Cucumber","Tzatziki combines yogurt with cucumber, garlic, and herbs."
"food-medium-48","Food & Drink","Medium","Which drink is made by fermenting tea with a SCOBY?","","Horchata","Kefir","Kombucha","Kvass","Kombucha","Kombucha is sweetened tea fermented with a symbiotic culture."
"food-medium-49","Food & Drink","Medium","What is the main ingredient in traditional hummus?","","Lentils","Chickpeas","Black beans","Potatoes","Chickpeas","Hummus is made primarily from chickpeas blended with tahini."
"food-medium-5","Food & Drink","Medium","Guacamole is made primarily from what?","","Avocado","Cucumber","Peas","Zucchini","Avocado","Mashed avocado is the base of guacamole."
"food-medium-50","Food & Drink","Medium","Sushi is most closely associated with which country?","","Thailand","Japan","Vietnam","China","Japan","Modern sushi developed as a distinctive cuisine in Japan."
"food-medium-6","Food & Drink","Medium","Which spice comes from the dried stigma of a flower?","","Paprika","Saffron","Turmeric","Cumin","Saffron","Saffron threads are stigmas harvested from the saffron crocus."
"food-medium-7","Food & Drink","Medium","What type of pastry is used for profiteroles?","","Filo","Shortcrust","Puff","Choux","Choux","Profiteroles are small baked balls of choux pastry."
"food-medium-8","Food & Drink","Medium","Which fruit is dried to make a prune?","","Date","Apricot","Plum","Fig","Plum","Prunes are dried plums."
"food-medium-9","Food & Drink","Medium","Tofu is commonly made from which bean?","","Kidney bean","Soybean","Lima bean","Mung bean","Soybean","Tofu is produced by coagulating soy milk."
"football-easy-1","Football","Easy","How many points is a touchdown worth?","","3","6","7","8","6","A touchdown earns six points; the extra point is a separate play."
"football-easy-10","Football","Easy","What is it called when the quarterback is tackled behind the line?","","Sack","Fumble","Huddle","Pick","Sack","Tackling a passer behind the line of scrimmage is a sack."
"football-easy-11","Football","Easy","A field goal is normally worth how many points?","","3","6","1","2","3","A successful field goal scores three points."
"football-easy-12","Football","Easy","Which unit tries to stop the opposing offense?","","Officials","Defense","Special teams","Practice squad","Defense","The defense prevents the other team from advancing and scoring."
"football-easy-13","Football","Easy","How many points is a touchdown worth?","","3","6","7","8","6","A touchdown earns six points; the extra point is a separate play."
"football-easy-14","Football","Easy","How many players from one team are on the field at once?","","10","11","12","9","11","Each team fields eleven players during a play."
"football-easy-15","Football","Easy","What is the NFL championship game called?","","World Series","Stanley Cup","Rose Bowl","Super Bowl","Super Bowl","The Super Bowl has decided the NFL champion since the 1966 season."
"football-easy-16","Football","Easy","How many yards are needed for a first down?","","15","5","8","10","10","An offense normally has four downs to gain ten yards."
"football-easy-17","Football","Easy","Which position usually throws the ball?","","Quarterback","Center","Safety","Kicker","Quarterback","The quarterback directs the offense and usually passes the ball."
"football-easy-18","Football","Easy","What is a score by the defense in its own end zone called?","","Safety","Sack","Blitz","Touchback","Safety","A safety is worth two points."
"football-easy-19","Football","Easy","How long is an NFL field between goal lines?","","100 yards","120 yards","80 yards","90 yards","100 yards","The playing field is 100 yards, plus two 10-yard end zones."
"football-easy-2","Football","Easy","How many players from one team are on the field at once?","","10","11","12","9","11","Each team fields eleven players during a play."
"football-easy-20","Football","Easy","Which player snaps the ball?","","Punter","Center","Tight end","Cornerback","Center","The center starts most plays by snapping to the quarterback."
"football-easy-21","Football","Easy","How many quarters are in a regulation game?","","2","3","4","5","4","Regulation football games are split into four quarters."
"football-easy-22","Football","Easy","What is it called when the quarterback is tackled behind the line?","","Sack","Fumble","Huddle","Pick","Sack","Tackling a passer behind the line of scrimmage is a sack."
"football-easy-23","Football","Easy","A field goal is normally worth how many points?","","3","6","1","2","3","A successful field goal scores three points."
"football-easy-24","Football","Easy","Which unit tries to stop the opposing offense?","","Officials","Defense","Special teams","Practice squad","Defense","The defense prevents the other team from advancing and scoring."
"football-easy-25","Football","Easy","How many points is a touchdown worth?","","3","6","7","8","6","A touchdown earns six points; the extra point is a separate play."
"football-easy-26","Football","Easy","How many players from one team are on the field at once?","","10","11","12","9","11","Each team fields eleven players during a play."
"football-easy-27","Football","Easy","What is the NFL championship game called?","","World Series","Stanley Cup","Rose Bowl","Super Bowl","Super Bowl","The Super Bowl has decided the NFL champion since the 1966 season."
"football-easy-28","Football","Easy","How many yards are needed for a first down?","","15","5","8","10","10","An offense normally has four downs to gain ten yards."
"football-easy-29","Football","Easy","Which position usually throws the ball?","","Quarterback","Center","Safety","Kicker","Quarterback","The quarterback directs the offense and usually passes the ball."
"football-easy-3","Football","Easy","What is the NFL championship game called?","","World Series","Stanley Cup","Rose Bowl","Super Bowl","Super Bowl","The Super Bowl has decided the NFL champion since the 1966 season."
"football-easy-30","Football","Easy","What is a score by the defense in its own end zone called?","","Safety","Sack","Blitz","Touchback","Safety","A safety is worth two points."
"football-easy-31","Football","Easy","How long is an NFL field between goal lines?","","100 yards","120 yards","80 yards","90 yards","100 yards","The playing field is 100 yards, plus two 10-yard end zones."
"football-easy-32","Football","Easy","Which player snaps the ball?","","Punter","Center","Tight end","Cornerback","Center","The center starts most plays by snapping to the quarterback."
"football-easy-33","Football","Easy","How many quarters are in a regulation game?","","2","3","4","5","4","Regulation football games are split into four quarters."
"football-easy-34","Football","Easy","What is it called when the quarterback is tackled behind the line?","","Sack","Fumble","Huddle","Pick","Sack","Tackling a passer behind the line of scrimmage is a sack."
"football-easy-35","Football","Easy","A field goal is normally worth how many points?","","3","6","1","2","3","A successful field goal scores three points."
"football-easy-36","Football","Easy","Which unit tries to stop the opposing offense?","","Officials","Defense","Special teams","Practice squad","Defense","The defense prevents the other team from advancing and scoring."
"football-easy-37","Football","Easy","How many points is a touchdown worth?","","3","6","7","8","6","A touchdown earns six points; the extra point is a separate play."
"football-easy-38","Football","Easy","How many players from one team are on the field at once?","","10","11","12","9","11","Each team fields eleven players during a play."
"football-easy-39","Football","Easy","What is the NFL championship game called?","","World Series","Stanley Cup","Rose Bowl","Super Bowl","Super Bowl","The Super Bowl has decided the NFL champion since the 1966 season."
"football-easy-4","Football","Easy","How many yards are needed for a first down?","","15","5","8","10","10","An offense normally has four downs to gain ten yards."
"football-easy-40","Football","Easy","How many yards are needed for a first down?","","15","5","8","10","10","An offense normally has four downs to gain ten yards."
"football-easy-41","Football","Easy","Which position usually throws the ball?","","Quarterback","Center","Safety","Kicker","Quarterback","The quarterback directs the offense and usually passes the ball."
"football-easy-42","Football","Easy","What is a score by the defense in its own end zone called?","","Safety","Sack","Blitz","Touchback","Safety","A safety is worth two points."
"football-easy-43","Football","Easy","How long is an NFL field between goal lines?","","100 yards","120 yards","80 yards","90 yards","100 yards","The playing field is 100 yards, plus two 10-yard end zones."
"football-easy-44","Football","Easy","Which player snaps the ball?","","Punter","Center","Tight end","Cornerback","Center","The center starts most plays by snapping to the quarterback."
"football-easy-45","Football","Easy","How many quarters are in a regulation game?","","2","3","4","5","4","Regulation football games are split into four quarters."
"football-easy-46","Football","Easy","What is it called when the quarterback is tackled behind the line?","","Sack","Fumble","Huddle","Pick","Sack","Tackling a passer behind the line of scrimmage is a sack."
"football-easy-47","Football","Easy","A field goal is normally worth how many points?","","3","6","1","2","3","A successful field goal scores three points."
"football-easy-48","Football","Easy","Which unit tries to stop the opposing offense?","","Officials","Defense","Special teams","Practice squad","Defense","The defense prevents the other team from advancing and scoring."
"football-easy-49","Football","Easy","How many points is a touchdown worth?","","3","6","7","8","6","A touchdown earns six points; the extra point is a separate play."
"football-easy-5","Football","Easy","Which position usually throws the ball?","","Quarterback","Center","Safety","Kicker","Quarterback","The quarterback directs the offense and usually passes the ball."
"football-easy-50","Football","Easy","How many players from one team are on the field at once?","","10","11","12","9","11","Each team fields eleven players during a play."
"football-easy-6","Football","Easy","What is a score by the defense in its own end zone called?","","Safety","Sack","Blitz","Touchback","Safety","A safety is worth two points."
"football-easy-7","Football","Easy","How long is an NFL field between goal lines?","","100 yards","120 yards","80 yards","90 yards","100 yards","The playing field is 100 yards, plus two 10-yard end zones."
"football-easy-8","Football","Easy","Which player snaps the ball?","","Punter","Center","Tight end","Cornerback","Center","The center starts most plays by snapping to the quarterback."
"football-easy-9","Football","Easy","How many quarters are in a regulation game?","","2","3","4","5","4","Regulation football games are split into four quarters."
"football-hard-1","Football","Hard","How many points is a touchdown worth?","","3","6","7","8","6","A touchdown earns six points; the extra point is a separate play."
"football-hard-10","Football","Hard","What is it called when the quarterback is tackled behind the line?","","Sack","Fumble","Huddle","Pick","Sack","Tackling a passer behind the line of scrimmage is a sack."
"football-hard-11","Football","Hard","A field goal is normally worth how many points?","","3","6","1","2","3","A successful field goal scores three points."
"football-hard-12","Football","Hard","Which unit tries to stop the opposing offense?","","Officials","Defense","Special teams","Practice squad","Defense","The defense prevents the other team from advancing and scoring."
"football-hard-13","Football","Hard","How many points is a touchdown worth?","","3","6","7","8","6","A touchdown earns six points; the extra point is a separate play."
"football-hard-14","Football","Hard","How many players from one team are on the field at once?","","10","11","12","9","11","Each team fields eleven players during a play."
"football-hard-15","Football","Hard","What is the NFL championship game called?","","World Series","Stanley Cup","Rose Bowl","Super Bowl","Super Bowl","The Super Bowl has decided the NFL champion since the 1966 season."
"football-hard-16","Football","Hard","How many yards are needed for a first down?","","15","5","8","10","10","An offense normally has four downs to gain ten yards."
"football-hard-17","Football","Hard","Which position usually throws the ball?","","Quarterback","Center","Safety","Kicker","Quarterback","The quarterback directs the offense and usually passes the ball."
"football-hard-18","Football","Hard","What is a score by the defense in its own end zone called?","","Safety","Sack","Blitz","Touchback","Safety","A safety is worth two points."
"football-hard-19","Football","Hard","How long is an NFL field between goal lines?","","100 yards","120 yards","80 yards","90 yards","100 yards","The playing field is 100 yards, plus two 10-yard end zones."
"football-hard-2","Football","Hard","How many players from one team are on the field at once?","","10","11","12","9","11","Each team fields eleven players during a play."
"football-hard-20","Football","Hard","Which player snaps the ball?","","Punter","Center","Tight end","Cornerback","Center","The center starts most plays by snapping to the quarterback."
"football-hard-21","Football","Hard","How many quarters are in a regulation game?","","2","3","4","5","4","Regulation football games are split into four quarters."
"football-hard-22","Football","Hard","What is it called when the quarterback is tackled behind the line?","","Sack","Fumble","Huddle","Pick","Sack","Tackling a passer behind the line of scrimmage is a sack."
"football-hard-23","Football","Hard","A field goal is normally worth how many points?","","3","6","1","2","3","A successful field goal scores three points."
"football-hard-24","Football","Hard","Which unit tries to stop the opposing offense?","","Officials","Defense","Special teams","Practice squad","Defense","The defense prevents the other team from advancing and scoring."
"football-hard-25","Football","Hard","How many points is a touchdown worth?","","3","6","7","8","6","A touchdown earns six points; the extra point is a separate play."
"football-hard-26","Football","Hard","How many players from one team are on the field at once?","","10","11","12","9","11","Each team fields eleven players during a play."
"football-hard-27","Football","Hard","What is the NFL championship game called?","","World Series","Stanley Cup","Rose Bowl","Super Bowl","Super Bowl","The Super Bowl has decided the NFL champion since the 1966 season."
"football-hard-28","Football","Hard","How many yards are needed for a first down?","","15","5","8","10","10","An offense normally has four downs to gain ten yards."
"football-hard-29","Football","Hard","Which position usually throws the ball?","","Quarterback","Center","Safety","Kicker","Quarterback","The quarterback directs the offense and usually passes the ball."
"football-hard-3","Football","Hard","What is the NFL championship game called?","","World Series","Stanley Cup","Rose Bowl","Super Bowl","Super Bowl","The Super Bowl has decided the NFL champion since the 1966 season."
"football-hard-30","Football","Hard","What is a score by the defense in its own end zone called?","","Safety","Sack","Blitz","Touchback","Safety","A safety is worth two points."
"football-hard-31","Football","Hard","How long is an NFL field between goal lines?","","100 yards","120 yards","80 yards","90 yards","100 yards","The playing field is 100 yards, plus two 10-yard end zones."
"football-hard-32","Football","Hard","Which player snaps the ball?","","Punter","Center","Tight end","Cornerback","Center","The center starts most plays by snapping to the quarterback."
"football-hard-33","Football","Hard","How many quarters are in a regulation game?","","2","3","4","5","4","Regulation football games are split into four quarters."
"football-hard-34","Football","Hard","What is it called when the quarterback is tackled behind the line?","","Sack","Fumble","Huddle","Pick","Sack","Tackling a passer behind the line of scrimmage is a sack."
"football-hard-35","Football","Hard","A field goal is normally worth how many points?","","3","6","1","2","3","A successful field goal scores three points."
"football-hard-36","Football","Hard","Which unit tries to stop the opposing offense?","","Officials","Defense","Special teams","Practice squad","Defense","The defense prevents the other team from advancing and scoring."
"football-hard-37","Football","Hard","How many points is a touchdown worth?","","3","6","7","8","6","A touchdown earns six points; the extra point is a separate play."
"football-hard-38","Football","Hard","How many players from one team are on the field at once?","","10","11","12","9","11","Each team fields eleven players during a play."
"football-hard-39","Football","Hard","What is the NFL championship game called?","","World Series","Stanley Cup","Rose Bowl","Super Bowl","Super Bowl","The Super Bowl has decided the NFL champion since the 1966 season."
"football-hard-4","Football","Hard","How many yards are needed for a first down?","","15","5","8","10","10","An offense normally has four downs to gain ten yards."
"football-hard-40","Football","Hard","How many yards are needed for a first down?","","15","5","8","10","10","An offense normally has four downs to gain ten yards."
"football-hard-41","Football","Hard","Which position usually throws the ball?","","Quarterback","Center","Safety","Kicker","Quarterback","The quarterback directs the offense and usually passes the ball."
"football-hard-42","Football","Hard","What is a score by the defense in its own end zone called?","","Safety","Sack","Blitz","Touchback","Safety","A safety is worth two points."
"football-hard-43","Football","Hard","How long is an NFL field between goal lines?","","100 yards","120 yards","80 yards","90 yards","100 yards","The playing field is 100 yards, plus two 10-yard end zones."
"football-hard-44","Football","Hard","Which player snaps the ball?","","Punter","Center","Tight end","Cornerback","Center","The center starts most plays by snapping to the quarterback."
"football-hard-45","Football","Hard","How many quarters are in a regulation game?","","2","3","4","5","4","Regulation football games are split into four quarters."
"football-hard-46","Football","Hard","What is it called when the quarterback is tackled behind the line?","","Sack","Fumble","Huddle","Pick","Sack","Tackling a passer behind the line of scrimmage is a sack."
"football-hard-47","Football","Hard","A field goal is normally worth how many points?","","3","6","1","2","3","A successful field goal scores three points."
"football-hard-48","Football","Hard","Which unit tries to stop the opposing offense?","","Officials","Defense","Special teams","Practice squad","Defense","The defense prevents the other team from advancing and scoring."
"football-hard-49","Football","Hard","How many points is a touchdown worth?","","3","6","7","8","6","A touchdown earns six points; the extra point is a separate play."
"football-hard-5","Football","Hard","Which position usually throws the ball?","","Quarterback","Center","Safety","Kicker","Quarterback","The quarterback directs the offense and usually passes the ball."
"football-hard-50","Football","Hard","How many players from one team are on the field at once?","","10","11","12","9","11","Each team fields eleven players during a play."
"football-hard-6","Football","Hard","What is a score by the defense in its own end zone called?","","Safety","Sack","Blitz","Touchback","Safety","A safety is worth two points."
"football-hard-7","Football","Hard","How long is an NFL field between goal lines?","","100 yards","120 yards","80 yards","90 yards","100 yards","The playing field is 100 yards, plus two 10-yard end zones."
"football-hard-8","Football","Hard","Which player snaps the ball?","","Punter","Center","Tight end","Cornerback","Center","The center starts most plays by snapping to the quarterback."
"football-hard-9","Football","Hard","How many quarters are in a regulation game?","","2","3","4","5","4","Regulation football games are split into four quarters."
"football-medium-1","Football","Medium","How many points is a touchdown worth?","","3","6","7","8","6","A touchdown earns six points; the extra point is a separate play."
"football-medium-10","Football","Medium","What is it called when the quarterback is tackled behind the line?","","Sack","Fumble","Huddle","Pick","Sack","Tackling a passer behind the line of scrimmage is a sack."
"football-medium-11","Football","Medium","A field goal is normally worth how many points?","","3","6","1","2","3","A successful field goal scores three points."
"football-medium-12","Football","Medium","Which unit tries to stop the opposing offense?","","Officials","Defense","Special teams","Practice squad","Defense","The defense prevents the other team from advancing and scoring."
"football-medium-13","Football","Medium","How many points is a touchdown worth?","","3","6","7","8","6","A touchdown earns six points; the extra point is a separate play."
"football-medium-14","Football","Medium","How many players from one team are on the field at once?","","10","11","12","9","11","Each team fields eleven players during a play."
"football-medium-15","Football","Medium","What is the NFL championship game called?","","World Series","Stanley Cup","Rose Bowl","Super Bowl","Super Bowl","The Super Bowl has decided the NFL champion since the 1966 season."
"football-medium-16","Football","Medium","How many yards are needed for a first down?","","15","5","8","10","10","An offense normally has four downs to gain ten yards."
"football-medium-17","Football","Medium","Which position usually throws the ball?","","Quarterback","Center","Safety","Kicker","Quarterback","The quarterback directs the offense and usually passes the ball."
"football-medium-18","Football","Medium","What is a score by the defense in its own end zone called?","","Safety","Sack","Blitz","Touchback","Safety","A safety is worth two points."
"football-medium-19","Football","Medium","How long is an NFL field between goal lines?","","100 yards","120 yards","80 yards","90 yards","100 yards","The playing field is 100 yards, plus two 10-yard end zones."
"football-medium-2","Football","Medium","How many players from one team are on the field at once?","","10","11","12","9","11","Each team fields eleven players during a play."
"football-medium-20","Football","Medium","Which player snaps the ball?","","Punter","Center","Tight end","Cornerback","Center","The center starts most plays by snapping to the quarterback."
"football-medium-21","Football","Medium","How many quarters are in a regulation game?","","2","3","4","5","4","Regulation football games are split into four quarters."
"football-medium-22","Football","Medium","What is it called when the quarterback is tackled behind the line?","","Sack","Fumble","Huddle","Pick","Sack","Tackling a passer behind the line of scrimmage is a sack."
"football-medium-23","Football","Medium","A field goal is normally worth how many points?","","3","6","1","2","3","A successful field goal scores three points."
"football-medium-24","Football","Medium","Which unit tries to stop the opposing offense?","","Officials","Defense","Special teams","Practice squad","Defense","The defense prevents the other team from advancing and scoring."
"football-medium-25","Football","Medium","How many points is a touchdown worth?","","3","6","7","8","6","A touchdown earns six points; the extra point is a separate play."
"football-medium-26","Football","Medium","How many players from one team are on the field at once?","","10","11","12","9","11","Each team fields eleven players during a play."
"football-medium-27","Football","Medium","What is the NFL championship game called?","","World Series","Stanley Cup","Rose Bowl","Super Bowl","Super Bowl","The Super Bowl has decided the NFL champion since the 1966 season."
"football-medium-28","Football","Medium","How many yards are needed for a first down?","","15","5","8","10","10","An offense normally has four downs to gain ten yards."
"football-medium-29","Football","Medium","Which position usually throws the ball?","","Quarterback","Center","Safety","Kicker","Quarterback","The quarterback directs the offense and usually passes the ball."
"football-medium-3","Football","Medium","What is the NFL championship game called?","","World Series","Stanley Cup","Rose Bowl","Super Bowl","Super Bowl","The Super Bowl has decided the NFL champion since the 1966 season."
"football-medium-30","Football","Medium","What is a score by the defense in its own end zone called?","","Safety","Sack","Blitz","Touchback","Safety","A safety is worth two points."
"football-medium-31","Football","Medium","How long is an NFL field between goal lines?","","100 yards","120 yards","80 yards","90 yards","100 yards","The playing field is 100 yards, plus two 10-yard end zones."
"football-medium-32","Football","Medium","Which player snaps the ball?","","Punter","Center","Tight end","Cornerback","Center","The center starts most plays by snapping to the quarterback."
"football-medium-33","Football","Medium","How many quarters are in a regulation game?","","2","3","4","5","4","Regulation football games are split into four quarters."
"football-medium-34","Football","Medium","What is it called when the quarterback is tackled behind the line?","","Sack","Fumble","Huddle","Pick","Sack","Tackling a passer behind the line of scrimmage is a sack."
"football-medium-35","Football","Medium","A field goal is normally worth how many points?","","3","6","1","2","3","A successful field goal scores three points."
"football-medium-36","Football","Medium","Which unit tries to stop the opposing offense?","","Officials","Defense","Special teams","Practice squad","Defense","The defense prevents the other team from advancing and scoring."
"football-medium-37","Football","Medium","How many points is a touchdown worth?","","3","6","7","8","6","A touchdown earns six points; the extra point is a separate play."
"football-medium-38","Football","Medium","How many players from one team are on the field at once?","","10","11","12","9","11","Each team fields eleven players during a play."
"football-medium-39","Football","Medium","What is the NFL championship game called?","","World Series","Stanley Cup","Rose Bowl","Super Bowl","Super Bowl","The Super Bowl has decided the NFL champion since the 1966 season."
"football-medium-4","Football","Medium","How many yards are needed for a first down?","","15","5","8","10","10","An offense normally has four downs to gain ten yards."
"football-medium-40","Football","Medium","How many yards are needed for a first down?","","15","5","8","10","10","An offense normally has four downs to gain ten yards."
"football-medium-41","Football","Medium","Which position usually throws the ball?","","Quarterback","Center","Safety","Kicker","Quarterback","The quarterback directs the offense and usually passes the ball."
"football-medium-42","Football","Medium","What is a score by the defense in its own end zone called?","","Safety","Sack","Blitz","Touchback","Safety","A safety is worth two points."
"football-medium-43","Football","Medium","How long is an NFL field between goal lines?","","100 yards","120 yards","80 yards","90 yards","100 yards","The playing field is 100 yards, plus two 10-yard end zones."
"football-medium-44","Football","Medium","Which player snaps the ball?","","Punter","Center","Tight end","Cornerback","Center","The center starts most plays by snapping to the quarterback."
"football-medium-45","Football","Medium","How many quarters are in a regulation game?","","2","3","4","5","4","Regulation football games are split into four quarters."
"football-medium-46","Football","Medium","What is it called when the quarterback is tackled behind the line?","","Sack","Fumble","Huddle","Pick","Sack","Tackling a passer behind the line of scrimmage is a sack."
"football-medium-47","Football","Medium","A field goal is normally worth how many points?","","3","6","1","2","3","A successful field goal scores three points."
"football-medium-48","Football","Medium","Which unit tries to stop the opposing offense?","","Officials","Defense","Special teams","Practice squad","Defense","The defense prevents the other team from advancing and scoring."
"football-medium-49","Football","Medium","How many points is a touchdown worth?","","3","6","7","8","6","A touchdown earns six points; the extra point is a separate play."
"football-medium-5","Football","Medium","Which position usually throws the ball?","","Quarterback","Center","Safety","Kicker","Quarterback","The quarterback directs the offense and usually passes the ball."
"football-medium-50","Football","Medium","How many players from one team are on the field at once?","","10","11","12","9","11","Each team fields eleven players during a play."
"football-medium-6","Football","Medium","What is a score by the defense in its own end zone called?","","Safety","Sack","Blitz","Touchback","Safety","A safety is worth two points."
"football-medium-7","Football","Medium","How long is an NFL field between goal lines?","","100 yards","120 yards","80 yards","90 yards","100 yards","The playing field is 100 yards, plus two 10-yard end zones."
"football-medium-8","Football","Medium","Which player snaps the ball?","","Punter","Center","Tight end","Cornerback","Center","The center starts most plays by snapping to the quarterback."
"football-medium-9","Football","Medium","How many quarters are in a regulation game?","","2","3","4","5","4","Regulation football games are split into four quarters."
"geography-easy-1","Geography","Easy","What is the largest ocean on Earth?","","Atlantic","Indian","Arctic","Pacific","Pacific","The Pacific Ocean covers more area than all Earth's land combined."
"geography-easy-10","Geography","Easy","Which U.S. state is an island chain in the Pacific?","","Hawaii","Florida","California","Alaska","Hawaii","Hawaii is an archipelago in the central Pacific Ocean."
"geography-easy-11","Geography","Easy","Which sea lies between Europe and Africa?","","Mediterranean","Bering","Caribbean","Baltic","Mediterranean","The Mediterranean Sea is bordered by Europe, Africa, and Asia."
"geography-easy-12","Geography","Easy","What is the smallest country by land area?","","Liechtenstein","Monaco","Vatican City","San Marino","Vatican City","Vatican City is the world's smallest independent state by area."
"geography-easy-13","Geography","Easy","What is the largest ocean on Earth?","","Atlantic","Indian","Arctic","Pacific","Pacific","The Pacific Ocean covers more area than all Earth's land combined."
"geography-easy-14","Geography","Easy","Which river flows through Egypt?","","Nile","Danube","Yangtze","Amazon","Nile","The Nile flows north through Egypt to the Mediterranean Sea."
"geography-easy-15","Geography","Easy","What is the capital of New Zealand?","","Wellington","Queenstown","Auckland","Christchurch","Wellington","Wellington, at the southern end of the North Island, is New Zealand's capital."
"geography-easy-16","Geography","Easy","Mount Kilimanjaro is in which country?","","Uganda","Kenya","Tanzania","Ethiopia","Tanzania","Kilimanjaro rises in northeastern Tanzania near the Kenyan border."
"geography-easy-17","Geography","Easy","Which is the world's largest hot desert?","","Gobi","Kalahari","Arabian","Sahara","Sahara","The Sahara stretches across much of North Africa."
"geography-easy-18","Geography","Easy","Which continent contains the most countries?","","Asia","Europe","South America","Africa","Africa","Africa has 54 widely recognized sovereign countries."
"geography-easy-19","Geography","Easy","Which country is shaped like a boot?","","Italy","Chile","Greece","Portugal","Italy","The Italian peninsula is famously shaped like a boot."
"geography-easy-2","Geography","Easy","Which river flows through Egypt?","","Nile","Danube","Yangtze","Amazon","Nile","The Nile flows north through Egypt to the Mediterranean Sea."
"geography-easy-20","Geography","Easy","What is the capital of Argentina?","","Buenos Aires","Lima","Santiago","Montevideo","Buenos Aires","Buenos Aires sits on the Río de la Plata."
"geography-easy-21","Geography","Easy","Which mountain range separates much of Europe and Asia?","","Andes","Alps","Urals","Rockies","Urals","The Ural Mountains form part of the conventional boundary between Europe and Asia."
"geography-easy-22","Geography","Easy","Which U.S. state is an island chain in the Pacific?","","Hawaii","Florida","California","Alaska","Hawaii","Hawaii is an archipelago in the central Pacific Ocean."
"geography-easy-23","Geography","Easy","Which sea lies between Europe and Africa?","","Mediterranean","Bering","Caribbean","Baltic","Mediterranean","The Mediterranean Sea is bordered by Europe, Africa, and Asia."
"geography-easy-24","Geography","Easy","What is the smallest country by land area?","","Liechtenstein","Monaco","Vatican City","San Marino","Vatican City","Vatican City is the world's smallest independent state by area."
"geography-easy-25","Geography","Easy","What is the largest ocean on Earth?","","Atlantic","Indian","Arctic","Pacific","Pacific","The Pacific Ocean covers more area than all Earth's land combined."
"geography-easy-26","Geography","Easy","Which river flows through Egypt?","","Nile","Danube","Yangtze","Amazon","Nile","The Nile flows north through Egypt to the Mediterranean Sea."
"geography-easy-27","Geography","Easy","What is the capital of New Zealand?","","Wellington","Queenstown","Auckland","Christchurch","Wellington","Wellington, at the southern end of the North Island, is New Zealand's capital."
"geography-easy-28","Geography","Easy","Mount Kilimanjaro is in which country?","","Uganda","Kenya","Tanzania","Ethiopia","Tanzania","Kilimanjaro rises in northeastern Tanzania near the Kenyan border."
"geography-easy-29","Geography","Easy","Which is the world's largest hot desert?","","Gobi","Kalahari","Arabian","Sahara","Sahara","The Sahara stretches across much of North Africa."
"geography-easy-3","Geography","Easy","What is the capital of New Zealand?","","Wellington","Queenstown","Auckland","Christchurch","Wellington","Wellington, at the southern end of the North Island, is New Zealand's capital."
"geography-easy-30","Geography","Easy","Which continent contains the most countries?","","Asia","Europe","South America","Africa","Africa","Africa has 54 widely recognized sovereign countries."
"geography-easy-31","Geography","Easy","Which country is shaped like a boot?","","Italy","Chile","Greece","Portugal","Italy","The Italian peninsula is famously shaped like a boot."
"geography-easy-32","Geography","Easy","What is the capital of Argentina?","","Buenos Aires","Lima","Santiago","Montevideo","Buenos Aires","Buenos Aires sits on the Río de la Plata."
"geography-easy-33","Geography","Easy","Which mountain range separates much of Europe and Asia?","","Andes","Alps","Urals","Rockies","Urals","The Ural Mountains form part of the conventional boundary between Europe and Asia."
"geography-easy-34","Geography","Easy","Which U.S. state is an island chain in the Pacific?","","Hawaii","Florida","California","Alaska","Hawaii","Hawaii is an archipelago in the central Pacific Ocean."
"geography-easy-35","Geography","Easy","Which sea lies between Europe and Africa?","","Mediterranean","Bering","Caribbean","Baltic","Mediterranean","The Mediterranean Sea is bordered by Europe, Africa, and Asia."
"geography-easy-36","Geography","Easy","What is the smallest country by land area?","","Liechtenstein","Monaco","Vatican City","San Marino","Vatican City","Vatican City is the world's smallest independent state by area."
"geography-easy-37","Geography","Easy","What is the largest ocean on Earth?","","Atlantic","Indian","Arctic","Pacific","Pacific","The Pacific Ocean covers more area than all Earth's land combined."
"geography-easy-38","Geography","Easy","Which river flows through Egypt?","","Nile","Danube","Yangtze","Amazon","Nile","The Nile flows north through Egypt to the Mediterranean Sea."
"geography-easy-39","Geography","Easy","What is the capital of New Zealand?","","Wellington","Queenstown","Auckland","Christchurch","Wellington","Wellington, at the southern end of the North Island, is New Zealand's capital."
"geography-easy-4","Geography","Easy","Mount Kilimanjaro is in which country?","","Uganda","Kenya","Tanzania","Ethiopia","Tanzania","Kilimanjaro rises in northeastern Tanzania near the Kenyan border."
"geography-easy-40","Geography","Easy","Mount Kilimanjaro is in which country?","","Uganda","Kenya","Tanzania","Ethiopia","Tanzania","Kilimanjaro rises in northeastern Tanzania near the Kenyan border."
"geography-easy-41","Geography","Easy","Which is the world's largest hot desert?","","Gobi","Kalahari","Arabian","Sahara","Sahara","The Sahara stretches across much of North Africa."
"geography-easy-42","Geography","Easy","Which continent contains the most countries?","","Asia","Europe","South America","Africa","Africa","Africa has 54 widely recognized sovereign countries."
"geography-easy-43","Geography","Easy","Which country is shaped like a boot?","","Italy","Chile","Greece","Portugal","Italy","The Italian peninsula is famously shaped like a boot."
"geography-easy-44","Geography","Easy","What is the capital of Argentina?","","Buenos Aires","Lima","Santiago","Montevideo","Buenos Aires","Buenos Aires sits on the Río de la Plata."
"geography-easy-45","Geography","Easy","Which mountain range separates much of Europe and Asia?","","Andes","Alps","Urals","Rockies","Urals","The Ural Mountains form part of the conventional boundary between Europe and Asia."
"geography-easy-46","Geography","Easy","Which U.S. state is an island chain in the Pacific?","","Hawaii","Florida","California","Alaska","Hawaii","Hawaii is an archipelago in the central Pacific Ocean."
"geography-easy-47","Geography","Easy","Which sea lies between Europe and Africa?","","Mediterranean","Bering","Caribbean","Baltic","Mediterranean","The Mediterranean Sea is bordered by Europe, Africa, and Asia."
"geography-easy-48","Geography","Easy","What is the smallest country by land area?","","Liechtenstein","Monaco","Vatican City","San Marino","Vatican City","Vatican City is the world's smallest independent state by area."
"geography-easy-49","Geography","Easy","What is the largest ocean on Earth?","","Atlantic","Indian","Arctic","Pacific","Pacific","The Pacific Ocean covers more area than all Earth's land combined."
"geography-easy-5","Geography","Easy","Which is the world's largest hot desert?","","Gobi","Kalahari","Arabian","Sahara","Sahara","The Sahara stretches across much of North Africa."
"geography-easy-50","Geography","Easy","Which river flows through Egypt?","","Nile","Danube","Yangtze","Amazon","Nile","The Nile flows north through Egypt to the Mediterranean Sea."
"geography-easy-6","Geography","Easy","Which continent contains the most countries?","","Asia","Europe","South America","Africa","Africa","Africa has 54 widely recognized sovereign countries."
"geography-easy-7","Geography","Easy","Which country is shaped like a boot?","","Italy","Chile","Greece","Portugal","Italy","The Italian peninsula is famously shaped like a boot."
"geography-easy-8","Geography","Easy","What is the capital of Argentina?","","Buenos Aires","Lima","Santiago","Montevideo","Buenos Aires","Buenos Aires sits on the Río de la Plata."
"geography-easy-9","Geography","Easy","Which mountain range separates much of Europe and Asia?","","Andes","Alps","Urals","Rockies","Urals","The Ural Mountains form part of the conventional boundary between Europe and Asia."
"geography-hard-1","Geography","Hard","What is the largest ocean on Earth?","","Atlantic","Indian","Arctic","Pacific","Pacific","The Pacific Ocean covers more area than all Earth's land combined."
"geography-hard-10","Geography","Hard","Which U.S. state is an island chain in the Pacific?","","Hawaii","Florida","California","Alaska","Hawaii","Hawaii is an archipelago in the central Pacific Ocean."
"geography-hard-11","Geography","Hard","Which sea lies between Europe and Africa?","","Mediterranean","Bering","Caribbean","Baltic","Mediterranean","The Mediterranean Sea is bordered by Europe, Africa, and Asia."
"geography-hard-12","Geography","Hard","What is the smallest country by land area?","","Liechtenstein","Monaco","Vatican City","San Marino","Vatican City","Vatican City is the world's smallest independent state by area."
"geography-hard-13","Geography","Hard","What is the largest ocean on Earth?","","Atlantic","Indian","Arctic","Pacific","Pacific","The Pacific Ocean covers more area than all Earth's land combined."
"geography-hard-14","Geography","Hard","Which river flows through Egypt?","","Nile","Danube","Yangtze","Amazon","Nile","The Nile flows north through Egypt to the Mediterranean Sea."
"geography-hard-15","Geography","Hard","What is the capital of New Zealand?","","Wellington","Queenstown","Auckland","Christchurch","Wellington","Wellington, at the southern end of the North Island, is New Zealand's capital."
"geography-hard-16","Geography","Hard","Mount Kilimanjaro is in which country?","","Uganda","Kenya","Tanzania","Ethiopia","Tanzania","Kilimanjaro rises in northeastern Tanzania near the Kenyan border."
"geography-hard-17","Geography","Hard","Which is the world's largest hot desert?","","Gobi","Kalahari","Arabian","Sahara","Sahara","The Sahara stretches across much of North Africa."
"geography-hard-18","Geography","Hard","Which continent contains the most countries?","","Asia","Europe","South America","Africa","Africa","Africa has 54 widely recognized sovereign countries."
"geography-hard-19","Geography","Hard","Which country is shaped like a boot?","","Italy","Chile","Greece","Portugal","Italy","The Italian peninsula is famously shaped like a boot."
"geography-hard-2","Geography","Hard","Which river flows through Egypt?","","Nile","Danube","Yangtze","Amazon","Nile","The Nile flows north through Egypt to the Mediterranean Sea."
"geography-hard-20","Geography","Hard","What is the capital of Argentina?","","Buenos Aires","Lima","Santiago","Montevideo","Buenos Aires","Buenos Aires sits on the Río de la Plata."
"geography-hard-21","Geography","Hard","Which mountain range separates much of Europe and Asia?","","Andes","Alps","Urals","Rockies","Urals","The Ural Mountains form part of the conventional boundary between Europe and Asia."
"geography-hard-22","Geography","Hard","Which U.S. state is an island chain in the Pacific?","","Hawaii","Florida","California","Alaska","Hawaii","Hawaii is an archipelago in the central Pacific Ocean."
"geography-hard-23","Geography","Hard","Which sea lies between Europe and Africa?","","Mediterranean","Bering","Caribbean","Baltic","Mediterranean","The Mediterranean Sea is bordered by Europe, Africa, and Asia."
"geography-hard-24","Geography","Hard","What is the smallest country by land area?","","Liechtenstein","Monaco","Vatican City","San Marino","Vatican City","Vatican City is the world's smallest independent state by area."
"geography-hard-25","Geography","Hard","What is the largest ocean on Earth?","","Atlantic","Indian","Arctic","Pacific","Pacific","The Pacific Ocean covers more area than all Earth's land combined."
"geography-hard-26","Geography","Hard","Which river flows through Egypt?","","Nile","Danube","Yangtze","Amazon","Nile","The Nile flows north through Egypt to the Mediterranean Sea."
"geography-hard-27","Geography","Hard","What is the capital of New Zealand?","","Wellington","Queenstown","Auckland","Christchurch","Wellington","Wellington, at the southern end of the North Island, is New Zealand's capital."
"geography-hard-28","Geography","Hard","Mount Kilimanjaro is in which country?","","Uganda","Kenya","Tanzania","Ethiopia","Tanzania","Kilimanjaro rises in northeastern Tanzania near the Kenyan border."
"geography-hard-29","Geography","Hard","Which is the world's largest hot desert?","","Gobi","Kalahari","Arabian","Sahara","Sahara","The Sahara stretches across much of North Africa."
"geography-hard-3","Geography","Hard","What is the capital of New Zealand?","","Wellington","Queenstown","Auckland","Christchurch","Wellington","Wellington, at the southern end of the North Island, is New Zealand's capital."
"geography-hard-30","Geography","Hard","Which continent contains the most countries?","","Asia","Europe","South America","Africa","Africa","Africa has 54 widely recognized sovereign countries."
"geography-hard-31","Geography","Hard","Which country is shaped like a boot?","","Italy","Chile","Greece","Portugal","Italy","The Italian peninsula is famously shaped like a boot."
"geography-hard-32","Geography","Hard","What is the capital of Argentina?","","Buenos Aires","Lima","Santiago","Montevideo","Buenos Aires","Buenos Aires sits on the Río de la Plata."
"geography-hard-33","Geography","Hard","Which mountain range separates much of Europe and Asia?","","Andes","Alps","Urals","Rockies","Urals","The Ural Mountains form part of the conventional boundary between Europe and Asia."
"geography-hard-34","Geography","Hard","Which U.S. state is an island chain in the Pacific?","","Hawaii","Florida","California","Alaska","Hawaii","Hawaii is an archipelago in the central Pacific Ocean."
"geography-hard-35","Geography","Hard","Which sea lies between Europe and Africa?","","Mediterranean","Bering","Caribbean","Baltic","Mediterranean","The Mediterranean Sea is bordered by Europe, Africa, and Asia."
"geography-hard-36","Geography","Hard","What is the smallest country by land area?","","Liechtenstein","Monaco","Vatican City","San Marino","Vatican City","Vatican City is the world's smallest independent state by area."
"geography-hard-37","Geography","Hard","What is the largest ocean on Earth?","","Atlantic","Indian","Arctic","Pacific","Pacific","The Pacific Ocean covers more area than all Earth's land combined."
"geography-hard-38","Geography","Hard","Which river flows through Egypt?","","Nile","Danube","Yangtze","Amazon","Nile","The Nile flows north through Egypt to the Mediterranean Sea."
"geography-hard-39","Geography","Hard","What is the capital of New Zealand?","","Wellington","Queenstown","Auckland","Christchurch","Wellington","Wellington, at the southern end of the North Island, is New Zealand's capital."
"geography-hard-4","Geography","Hard","Mount Kilimanjaro is in which country?","","Uganda","Kenya","Tanzania","Ethiopia","Tanzania","Kilimanjaro rises in northeastern Tanzania near the Kenyan border."
"geography-hard-40","Geography","Hard","Mount Kilimanjaro is in which country?","","Uganda","Kenya","Tanzania","Ethiopia","Tanzania","Kilimanjaro rises in northeastern Tanzania near the Kenyan border."
"geography-hard-41","Geography","Hard","Which is the world's largest hot desert?","","Gobi","Kalahari","Arabian","Sahara","Sahara","The Sahara stretches across much of North Africa."
"geography-hard-42","Geography","Hard","Which continent contains the most countries?","","Asia","Europe","South America","Africa","Africa","Africa has 54 widely recognized sovereign countries."
"geography-hard-43","Geography","Hard","Which country is shaped like a boot?","","Italy","Chile","Greece","Portugal","Italy","The Italian peninsula is famously shaped like a boot."
"geography-hard-44","Geography","Hard","What is the capital of Argentina?","","Buenos Aires","Lima","Santiago","Montevideo","Buenos Aires","Buenos Aires sits on the Río de la Plata."
"geography-hard-45","Geography","Hard","Which mountain range separates much of Europe and Asia?","","Andes","Alps","Urals","Rockies","Urals","The Ural Mountains form part of the conventional boundary between Europe and Asia."
"geography-hard-46","Geography","Hard","Which U.S. state is an island chain in the Pacific?","","Hawaii","Florida","California","Alaska","Hawaii","Hawaii is an archipelago in the central Pacific Ocean."
"geography-hard-47","Geography","Hard","Which sea lies between Europe and Africa?","","Mediterranean","Bering","Caribbean","Baltic","Mediterranean","The Mediterranean Sea is bordered by Europe, Africa, and Asia."
"geography-hard-48","Geography","Hard","What is the smallest country by land area?","","Liechtenstein","Monaco","Vatican City","San Marino","Vatican City","Vatican City is the world's smallest independent state by area."
"geography-hard-49","Geography","Hard","What is the largest ocean on Earth?","","Atlantic","Indian","Arctic","Pacific","Pacific","The Pacific Ocean covers more area than all Earth's land combined."
"geography-hard-5","Geography","Hard","Which is the world's largest hot desert?","","Gobi","Kalahari","Arabian","Sahara","Sahara","The Sahara stretches across much of North Africa."
"geography-hard-50","Geography","Hard","Which river flows through Egypt?","","Nile","Danube","Yangtze","Amazon","Nile","The Nile flows north through Egypt to the Mediterranean Sea."
"geography-hard-6","Geography","Hard","Which continent contains the most countries?","","Asia","Europe","South America","Africa","Africa","Africa has 54 widely recognized sovereign countries."
"geography-hard-7","Geography","Hard","Which country is shaped like a boot?","","Italy","Chile","Greece","Portugal","Italy","The Italian peninsula is famously shaped like a boot."
"geography-hard-8","Geography","Hard","What is the capital of Argentina?","","Buenos Aires","Lima","Santiago","Montevideo","Buenos Aires","Buenos Aires sits on the Río de la Plata."
"geography-hard-9","Geography","Hard","Which mountain range separates much of Europe and Asia?","","Andes","Alps","Urals","Rockies","Urals","The Ural Mountains form part of the conventional boundary between Europe and Asia."
"geography-medium-1","Geography","Medium","What is the largest ocean on Earth?","","Atlantic","Indian","Arctic","Pacific","Pacific","The Pacific Ocean covers more area than all Earth's land combined."
"geography-medium-10","Geography","Medium","Which U.S. state is an island chain in the Pacific?","","Hawaii","Florida","California","Alaska","Hawaii","Hawaii is an archipelago in the central Pacific Ocean."
"geography-medium-11","Geography","Medium","Which sea lies between Europe and Africa?","","Mediterranean","Bering","Caribbean","Baltic","Mediterranean","The Mediterranean Sea is bordered by Europe, Africa, and Asia."
"geography-medium-12","Geography","Medium","What is the smallest country by land area?","","Liechtenstein","Monaco","Vatican City","San Marino","Vatican City","Vatican City is the world's smallest independent state by area."
"geography-medium-13","Geography","Medium","What is the largest ocean on Earth?","","Atlantic","Indian","Arctic","Pacific","Pacific","The Pacific Ocean covers more area than all Earth's land combined."
"geography-medium-14","Geography","Medium","Which river flows through Egypt?","","Nile","Danube","Yangtze","Amazon","Nile","The Nile flows north through Egypt to the Mediterranean Sea."
"geography-medium-15","Geography","Medium","What is the capital of New Zealand?","","Wellington","Queenstown","Auckland","Christchurch","Wellington","Wellington, at the southern end of the North Island, is New Zealand's capital."
"geography-medium-16","Geography","Medium","Mount Kilimanjaro is in which country?","","Uganda","Kenya","Tanzania","Ethiopia","Tanzania","Kilimanjaro rises in northeastern Tanzania near the Kenyan border."
"geography-medium-17","Geography","Medium","Which is the world's largest hot desert?","","Gobi","Kalahari","Arabian","Sahara","Sahara","The Sahara stretches across much of North Africa."
"geography-medium-18","Geography","Medium","Which continent contains the most countries?","","Asia","Europe","South America","Africa","Africa","Africa has 54 widely recognized sovereign countries."
"geography-medium-19","Geography","Medium","Which country is shaped like a boot?","","Italy","Chile","Greece","Portugal","Italy","The Italian peninsula is famously shaped like a boot."
"geography-medium-2","Geography","Medium","Which river flows through Egypt?","","Nile","Danube","Yangtze","Amazon","Nile","The Nile flows north through Egypt to the Mediterranean Sea."
"geography-medium-20","Geography","Medium","What is the capital of Argentina?","","Buenos Aires","Lima","Santiago","Montevideo","Buenos Aires","Buenos Aires sits on the Río de la Plata."
"geography-medium-21","Geography","Medium","Which mountain range separates much of Europe and Asia?","","Andes","Alps","Urals","Rockies","Urals","The Ural Mountains form part of the conventional boundary between Europe and Asia."
"geography-medium-22","Geography","Medium","Which U.S. state is an island chain in the Pacific?","","Hawaii","Florida","California","Alaska","Hawaii","Hawaii is an archipelago in the central Pacific Ocean."
"geography-medium-23","Geography","Medium","Which sea lies between Europe and Africa?","","Mediterranean","Bering","Caribbean","Baltic","Mediterranean","The Mediterranean Sea is bordered by Europe, Africa, and Asia."
"geography-medium-24","Geography","Medium","What is the smallest country by land area?","","Liechtenstein","Monaco","Vatican City","San Marino","Vatican City","Vatican City is the world's smallest independent state by area."
"geography-medium-25","Geography","Medium","What is the largest ocean on Earth?","","Atlantic","Indian","Arctic","Pacific","Pacific","The Pacific Ocean covers more area than all Earth's land combined."
"geography-medium-26","Geography","Medium","Which river flows through Egypt?","","Nile","Danube","Yangtze","Amazon","Nile","The Nile flows north through Egypt to the Mediterranean Sea."
"geography-medium-27","Geography","Medium","What is the capital of New Zealand?","","Wellington","Queenstown","Auckland","Christchurch","Wellington","Wellington, at the southern end of the North Island, is New Zealand's capital."
"geography-medium-28","Geography","Medium","Mount Kilimanjaro is in which country?","","Uganda","Kenya","Tanzania","Ethiopia","Tanzania","Kilimanjaro rises in northeastern Tanzania near the Kenyan border."
"geography-medium-29","Geography","Medium","Which is the world's largest hot desert?","","Gobi","Kalahari","Arabian","Sahara","Sahara","The Sahara stretches across much of North Africa."
"geography-medium-3","Geography","Medium","What is the capital of New Zealand?","","Wellington","Queenstown","Auckland","Christchurch","Wellington","Wellington, at the southern end of the North Island, is New Zealand's capital."
"geography-medium-30","Geography","Medium","Which continent contains the most countries?","","Asia","Europe","South America","Africa","Africa","Africa has 54 widely recognized sovereign countries."
"geography-medium-31","Geography","Medium","Which country is shaped like a boot?","","Italy","Chile","Greece","Portugal","Italy","The Italian peninsula is famously shaped like a boot."
"geography-medium-32","Geography","Medium","What is the capital of Argentina?","","Buenos Aires","Lima","Santiago","Montevideo","Buenos Aires","Buenos Aires sits on the Río de la Plata."
"geography-medium-33","Geography","Medium","Which mountain range separates much of Europe and Asia?","","Andes","Alps","Urals","Rockies","Urals","The Ural Mountains form part of the conventional boundary between Europe and Asia."
"geography-medium-34","Geography","Medium","Which U.S. state is an island chain in the Pacific?","","Hawaii","Florida","California","Alaska","Hawaii","Hawaii is an archipelago in the central Pacific Ocean."
"geography-medium-35","Geography","Medium","Which sea lies between Europe and Africa?","","Mediterranean","Bering","Caribbean","Baltic","Mediterranean","The Mediterranean Sea is bordered by Europe, Africa, and Asia."
"geography-medium-36","Geography","Medium","What is the smallest country by land area?","","Liechtenstein","Monaco","Vatican City","San Marino","Vatican City","Vatican City is the world's smallest independent state by area."
"geography-medium-37","Geography","Medium","What is the largest ocean on Earth?","","Atlantic","Indian","Arctic","Pacific","Pacific","The Pacific Ocean covers more area than all Earth's land combined."
"geography-medium-38","Geography","Medium","Which river flows through Egypt?","","Nile","Danube","Yangtze","Amazon","Nile","The Nile flows north through Egypt to the Mediterranean Sea."
"geography-medium-39","Geography","Medium","What is the capital of New Zealand?","","Wellington","Queenstown","Auckland","Christchurch","Wellington","Wellington, at the southern end of the North Island, is New Zealand's capital."
"geography-medium-4","Geography","Medium","Mount Kilimanjaro is in which country?","","Uganda","Kenya","Tanzania","Ethiopia","Tanzania","Kilimanjaro rises in northeastern Tanzania near the Kenyan border."
"geography-medium-40","Geography","Medium","Mount Kilimanjaro is in which country?","","Uganda","Kenya","Tanzania","Ethiopia","Tanzania","Kilimanjaro rises in northeastern Tanzania near the Kenyan border."
"geography-medium-41","Geography","Medium","Which is the world's largest hot desert?","","Gobi","Kalahari","Arabian","Sahara","Sahara","The Sahara stretches across much of North Africa."
"geography-medium-42","Geography","Medium","Which continent contains the most countries?","","Asia","Europe","South America","Africa","Africa","Africa has 54 widely recognized sovereign countries."
"geography-medium-43","Geography","Medium","Which country is shaped like a boot?","","Italy","Chile","Greece","Portugal","Italy","The Italian peninsula is famously shaped like a boot."
"geography-medium-44","Geography","Medium","What is the capital of Argentina?","","Buenos Aires","Lima","Santiago","Montevideo","Buenos Aires","Buenos Aires sits on the Río de la Plata."
"geography-medium-45","Geography","Medium","Which mountain range separates much of Europe and Asia?","","Andes","Alps","Urals","Rockies","Urals","The Ural Mountains form part of the conventional boundary between Europe and Asia."
"geography-medium-46","Geography","Medium","Which U.S. state is an island chain in the Pacific?","","Hawaii","Florida","California","Alaska","Hawaii","Hawaii is an archipelago in the central Pacific Ocean."
"geography-medium-47","Geography","Medium","Which sea lies between Europe and Africa?","","Mediterranean","Bering","Caribbean","Baltic","Mediterranean","The Mediterranean Sea is bordered by Europe, Africa, and Asia."
"geography-medium-48","Geography","Medium","What is the smallest country by land area?","","Liechtenstein","Monaco","Vatican City","San Marino","Vatican City","Vatican City is the world's smallest independent state by area."
"geography-medium-49","Geography","Medium","What is the largest ocean on Earth?","","Atlantic","Indian","Arctic","Pacific","Pacific","The Pacific Ocean covers more area than all Earth's land combined."
"geography-medium-5","Geography","Medium","Which is the world's largest hot desert?","","Gobi","Kalahari","Arabian","Sahara","Sahara","The Sahara stretches across much of North Africa."
"geography-medium-50","Geography","Medium","Which river flows through Egypt?","","Nile","Danube","Yangtze","Amazon","Nile","The Nile flows north through Egypt to the Mediterranean Sea."
"geography-medium-6","Geography","Medium","Which continent contains the most countries?","","Asia","Europe","South America","Africa","Africa","Africa has 54 widely recognized sovereign countries."
"geography-medium-7","Geography","Medium","Which country is shaped like a boot?","","Italy","Chile","Greece","Portugal","Italy","The Italian peninsula is famously shaped like a boot."
"geography-medium-8","Geography","Medium","What is the capital of Argentina?","","Buenos Aires","Lima","Santiago","Montevideo","Buenos Aires","Buenos Aires sits on the Río de la Plata."
"geography-medium-9","Geography","Medium","Which mountain range separates much of Europe and Asia?","","Andes","Alps","Urals","Rockies","Urals","The Ural Mountains form part of the conventional boundary between Europe and Asia."
"history-easy-1","History","Easy","Who was the first president of the United States?","","Thomas Jefferson","George Washington","John Adams","Abraham Lincoln","George Washington","George Washington served from 1789 to 1797."
"history-easy-10","History","Easy","Who was known as the Maid of Orléans?","","Joan of Arc","Boudica","Catherine the Great","Cleopatra","Joan of Arc","Joan of Arc helped inspire French forces during the Hundred Years' War."
"history-easy-11","History","Easy","Ancient Egyptian writing is called what?","","Hieroglyphics","Runes","Cuneiform","Latin","Hieroglyphics","Egyptian scribes used hieroglyphic symbols for monumental texts."
"history-easy-12","History","Easy","Which explorer's expedition first circumnavigated Earth?","","Polo","Columbus","Magellan","Cook","Magellan","Magellan led the expedition, completed by Juan Sebastián Elcano."
"history-easy-13","History","Easy","Who was the first president of the United States?","","Thomas Jefferson","George Washington","John Adams","Abraham Lincoln","George Washington","George Washington served from 1789 to 1797."
"history-easy-14","History","Easy","The ancient city of Rome was founded on which river?","","Seine","Tiber","Danube","Nile","Tiber","Rome grew beside the Tiber River in central Italy."
"history-easy-15","History","Easy","In which year did World War II end?","","1945","1946","1943","1944","1945","The war ended in 1945 after six years of global conflict."
"history-easy-16","History","Easy","Which civilization built Machu Picchu?","","Olmec","Maya","Aztec","Inca","Inca","The Inca built the mountain citadel in the 15th century."
"history-easy-17","History","Easy","The Magna Carta was sealed in which country?","","France","England","Spain","Germany","England","King John sealed it at Runnymede, England, in 1215."
"history-easy-18","History","Easy","Who discovered penicillin?","","Louis Pasteur","Alexander Fleming","Isaac Newton","Marie Curie","Alexander Fleming","Alexander Fleming observed penicillin's antibacterial effect in 1928."
"history-easy-19","History","Easy","Which empire used roads called the Royal Road?","","Ottoman","Mughal","Persian","Roman","Persian","The Achaemenid Persian Empire maintained the Royal Road."
"history-easy-2","History","Easy","The ancient city of Rome was founded on which river?","","Seine","Tiber","Danube","Nile","Tiber","Rome grew beside the Tiber River in central Italy."
"history-easy-20","History","Easy","Who wrote the 95 Theses?","","Socrates","Martin Luther","Galileo","Voltaire","Martin Luther","Martin Luther's 1517 document helped launch the Reformation."
"history-easy-21","History","Easy","Which wall fell in 1989?","","Hadrian's Wall","Great Wall","Berlin Wall","Wailing Wall","Berlin Wall","The opening of the Berlin Wall symbolized the Cold War's end."
"history-easy-22","History","Easy","Who was known as the Maid of Orléans?","","Joan of Arc","Boudica","Catherine the Great","Cleopatra","Joan of Arc","Joan of Arc helped inspire French forces during the Hundred Years' War."
"history-easy-23","History","Easy","Ancient Egyptian writing is called what?","","Hieroglyphics","Runes","Cuneiform","Latin","Hieroglyphics","Egyptian scribes used hieroglyphic symbols for monumental texts."
"history-easy-24","History","Easy","Which explorer's expedition first circumnavigated Earth?","","Polo","Columbus","Magellan","Cook","Magellan","Magellan led the expedition, completed by Juan Sebastián Elcano."
"history-easy-25","History","Easy","Who was the first president of the United States?","","Thomas Jefferson","George Washington","John Adams","Abraham Lincoln","George Washington","George Washington served from 1789 to 1797."
"history-easy-26","History","Easy","The ancient city of Rome was founded on which river?","","Seine","Tiber","Danube","Nile","Tiber","Rome grew beside the Tiber River in central Italy."
"history-easy-27","History","Easy","In which year did World War II end?","","1945","1946","1943","1944","1945","The war ended in 1945 after six years of global conflict."
"history-easy-28","History","Easy","Which civilization built Machu Picchu?","","Olmec","Maya","Aztec","Inca","Inca","The Inca built the mountain citadel in the 15th century."
"history-easy-29","History","Easy","The Magna Carta was sealed in which country?","","France","England","Spain","Germany","England","King John sealed it at Runnymede, England, in 1215."
"history-easy-3","History","Easy","In which year did World War II end?","","1945","1946","1943","1944","1945","The war ended in 1945 after six years of global conflict."
"history-easy-30","History","Easy","Who discovered penicillin?","","Louis Pasteur","Alexander Fleming","Isaac Newton","Marie Curie","Alexander Fleming","Alexander Fleming observed penicillin's antibacterial effect in 1928."
"history-easy-31","History","Easy","Which empire used roads called the Royal Road?","","Ottoman","Mughal","Persian","Roman","Persian","The Achaemenid Persian Empire maintained the Royal Road."
"history-easy-32","History","Easy","Who wrote the 95 Theses?","","Socrates","Martin Luther","Galileo","Voltaire","Martin Luther","Martin Luther's 1517 document helped launch the Reformation."
"history-easy-33","History","Easy","Which wall fell in 1989?","","Hadrian's Wall","Great Wall","Berlin Wall","Wailing Wall","Berlin Wall","The opening of the Berlin Wall symbolized the Cold War's end."
"history-easy-34","History","Easy","Who was known as the Maid of Orléans?","","Joan of Arc","Boudica","Catherine the Great","Cleopatra","Joan of Arc","Joan of Arc helped inspire French forces during the Hundred Years' War."
"history-easy-35","History","Easy","Ancient Egyptian writing is called what?","","Hieroglyphics","Runes","Cuneiform","Latin","Hieroglyphics","Egyptian scribes used hieroglyphic symbols for monumental texts."
"history-easy-36","History","Easy","Which explorer's expedition first circumnavigated Earth?","","Polo","Columbus","Magellan","Cook","Magellan","Magellan led the expedition, completed by Juan Sebastián Elcano."
"history-easy-37","History","Easy","Who was the first president of the United States?","","Thomas Jefferson","George Washington","John Adams","Abraham Lincoln","George Washington","George Washington served from 1789 to 1797."
"history-easy-38","History","Easy","The ancient city of Rome was founded on which river?","","Seine","Tiber","Danube","Nile","Tiber","Rome grew beside the Tiber River in central Italy."
"history-easy-39","History","Easy","In which year did World War II end?","","1945","1946","1943","1944","1945","The war ended in 1945 after six years of global conflict."
"history-easy-4","History","Easy","Which civilization built Machu Picchu?","","Olmec","Maya","Aztec","Inca","Inca","The Inca built the mountain citadel in the 15th century."
"history-easy-40","History","Easy","Which civilization built Machu Picchu?","","Olmec","Maya","Aztec","Inca","Inca","The Inca built the mountain citadel in the 15th century."
"history-easy-41","History","Easy","The Magna Carta was sealed in which country?","","France","England","Spain","Germany","England","King John sealed it at Runnymede, England, in 1215."
"history-easy-42","History","Easy","Who discovered penicillin?","","Louis Pasteur","Alexander Fleming","Isaac Newton","Marie Curie","Alexander Fleming","Alexander Fleming observed penicillin's antibacterial effect in 1928."
"history-easy-43","History","Easy","Which empire used roads called the Royal Road?","","Ottoman","Mughal","Persian","Roman","Persian","The Achaemenid Persian Empire maintained the Royal Road."
"history-easy-44","History","Easy","Who wrote the 95 Theses?","","Socrates","Martin Luther","Galileo","Voltaire","Martin Luther","Martin Luther's 1517 document helped launch the Reformation."
"history-easy-45","History","Easy","Which wall fell in 1989?","","Hadrian's Wall","Great Wall","Berlin Wall","Wailing Wall","Berlin Wall","The opening of the Berlin Wall symbolized the Cold War's end."
"history-easy-46","History","Easy","Who was known as the Maid of Orléans?","","Joan of Arc","Boudica","Catherine the Great","Cleopatra","Joan of Arc","Joan of Arc helped inspire French forces during the Hundred Years' War."
"history-easy-47","History","Easy","Ancient Egyptian writing is called what?","","Hieroglyphics","Runes","Cuneiform","Latin","Hieroglyphics","Egyptian scribes used hieroglyphic symbols for monumental texts."
"history-easy-48","History","Easy","Which explorer's expedition first circumnavigated Earth?","","Polo","Columbus","Magellan","Cook","Magellan","Magellan led the expedition, completed by Juan Sebastián Elcano."
"history-easy-49","History","Easy","Who was the first president of the United States?","","Thomas Jefferson","George Washington","John Adams","Abraham Lincoln","George Washington","George Washington served from 1789 to 1797."
"history-easy-5","History","Easy","The Magna Carta was sealed in which country?","","France","England","Spain","Germany","England","King John sealed it at Runnymede, England, in 1215."
"history-easy-50","History","Easy","The ancient city of Rome was founded on which river?","","Seine","Tiber","Danube","Nile","Tiber","Rome grew beside the Tiber River in central Italy."
"history-easy-6","History","Easy","Who discovered penicillin?","","Louis Pasteur","Alexander Fleming","Isaac Newton","Marie Curie","Alexander Fleming","Alexander Fleming observed penicillin's antibacterial effect in 1928."
"history-easy-7","History","Easy","Which empire used roads called the Royal Road?","","Ottoman","Mughal","Persian","Roman","Persian","The Achaemenid Persian Empire maintained the Royal Road."
"history-easy-8","History","Easy","Who wrote the 95 Theses?","","Socrates","Martin Luther","Galileo","Voltaire","Martin Luther","Martin Luther's 1517 document helped launch the Reformation."
"history-easy-9","History","Easy","Which wall fell in 1989?","","Hadrian's Wall","Great Wall","Berlin Wall","Wailing Wall","Berlin Wall","The opening of the Berlin Wall symbolized the Cold War's end."
"history-hard-1","History","Hard","Who was the first president of the United States?","","Thomas Jefferson","George Washington","John Adams","Abraham Lincoln","George Washington","George Washington served from 1789 to 1797."
"history-hard-10","History","Hard","Who was known as the Maid of Orléans?","","Joan of Arc","Boudica","Catherine the Great","Cleopatra","Joan of Arc","Joan of Arc helped inspire French forces during the Hundred Years' War."
"history-hard-11","History","Hard","Ancient Egyptian writing is called what?","","Hieroglyphics","Runes","Cuneiform","Latin","Hieroglyphics","Egyptian scribes used hieroglyphic symbols for monumental texts."
"history-hard-12","History","Hard","Which explorer's expedition first circumnavigated Earth?","","Polo","Columbus","Magellan","Cook","Magellan","Magellan led the expedition, completed by Juan Sebastián Elcano."
"history-hard-13","History","Hard","Who was the first president of the United States?","","Thomas Jefferson","George Washington","John Adams","Abraham Lincoln","George Washington","George Washington served from 1789 to 1797."
"history-hard-14","History","Hard","The ancient city of Rome was founded on which river?","","Seine","Tiber","Danube","Nile","Tiber","Rome grew beside the Tiber River in central Italy."
"history-hard-15","History","Hard","In which year did World War II end?","","1945","1946","1943","1944","1945","The war ended in 1945 after six years of global conflict."
"history-hard-16","History","Hard","Which civilization built Machu Picchu?","","Olmec","Maya","Aztec","Inca","Inca","The Inca built the mountain citadel in the 15th century."
"history-hard-17","History","Hard","The Magna Carta was sealed in which country?","","France","England","Spain","Germany","England","King John sealed it at Runnymede, England, in 1215."
"history-hard-18","History","Hard","Who discovered penicillin?","","Louis Pasteur","Alexander Fleming","Isaac Newton","Marie Curie","Alexander Fleming","Alexander Fleming observed penicillin's antibacterial effect in 1928."
"history-hard-19","History","Hard","Which empire used roads called the Royal Road?","","Ottoman","Mughal","Persian","Roman","Persian","The Achaemenid Persian Empire maintained the Royal Road."
"history-hard-2","History","Hard","The ancient city of Rome was founded on which river?","","Seine","Tiber","Danube","Nile","Tiber","Rome grew beside the Tiber River in central Italy."
"history-hard-20","History","Hard","Who wrote the 95 Theses?","","Socrates","Martin Luther","Galileo","Voltaire","Martin Luther","Martin Luther's 1517 document helped launch the Reformation."
"history-hard-21","History","Hard","Which wall fell in 1989?","","Hadrian's Wall","Great Wall","Berlin Wall","Wailing Wall","Berlin Wall","The opening of the Berlin Wall symbolized the Cold War's end."
"history-hard-22","History","Hard","Who was known as the Maid of Orléans?","","Joan of Arc","Boudica","Catherine the Great","Cleopatra","Joan of Arc","Joan of Arc helped inspire French forces during the Hundred Years' War."
"history-hard-23","History","Hard","Ancient Egyptian writing is called what?","","Hieroglyphics","Runes","Cuneiform","Latin","Hieroglyphics","Egyptian scribes used hieroglyphic symbols for monumental texts."
"history-hard-24","History","Hard","Which explorer's expedition first circumnavigated Earth?","","Polo","Columbus","Magellan","Cook","Magellan","Magellan led the expedition, completed by Juan Sebastián Elcano."
"history-hard-25","History","Hard","Who was the first president of the United States?","","Thomas Jefferson","George Washington","John Adams","Abraham Lincoln","George Washington","George Washington served from 1789 to 1797."
"history-hard-26","History","Hard","The ancient city of Rome was founded on which river?","","Seine","Tiber","Danube","Nile","Tiber","Rome grew beside the Tiber River in central Italy."
"history-hard-27","History","Hard","In which year did World War II end?","","1945","1946","1943","1944","1945","The war ended in 1945 after six years of global conflict."
"history-hard-28","History","Hard","Which civilization built Machu Picchu?","","Olmec","Maya","Aztec","Inca","Inca","The Inca built the mountain citadel in the 15th century."
"history-hard-29","History","Hard","The Magna Carta was sealed in which country?","","France","England","Spain","Germany","England","King John sealed it at Runnymede, England, in 1215."
"history-hard-3","History","Hard","In which year did World War II end?","","1945","1946","1943","1944","1945","The war ended in 1945 after six years of global conflict."
"history-hard-30","History","Hard","Who discovered penicillin?","","Louis Pasteur","Alexander Fleming","Isaac Newton","Marie Curie","Alexander Fleming","Alexander Fleming observed penicillin's antibacterial effect in 1928."
"history-hard-31","History","Hard","Which empire used roads called the Royal Road?","","Ottoman","Mughal","Persian","Roman","Persian","The Achaemenid Persian Empire maintained the Royal Road."
"history-hard-32","History","Hard","Who wrote the 95 Theses?","","Socrates","Martin Luther","Galileo","Voltaire","Martin Luther","Martin Luther's 1517 document helped launch the Reformation."
"history-hard-33","History","Hard","Which wall fell in 1989?","","Hadrian's Wall","Great Wall","Berlin Wall","Wailing Wall","Berlin Wall","The opening of the Berlin Wall symbolized the Cold War's end."
"history-hard-34","History","Hard","Who was known as the Maid of Orléans?","","Joan of Arc","Boudica","Catherine the Great","Cleopatra","Joan of Arc","Joan of Arc helped inspire French forces during the Hundred Years' War."
"history-hard-35","History","Hard","Ancient Egyptian writing is called what?","","Hieroglyphics","Runes","Cuneiform","Latin","Hieroglyphics","Egyptian scribes used hieroglyphic symbols for monumental texts."
"history-hard-36","History","Hard","Which explorer's expedition first circumnavigated Earth?","","Polo","Columbus","Magellan","Cook","Magellan","Magellan led the expedition, completed by Juan Sebastián Elcano."
"history-hard-37","History","Hard","Who was the first president of the United States?","","Thomas Jefferson","George Washington","John Adams","Abraham Lincoln","George Washington","George Washington served from 1789 to 1797."
"history-hard-38","History","Hard","The ancient city of Rome was founded on which river?","","Seine","Tiber","Danube","Nile","Tiber","Rome grew beside the Tiber River in central Italy."
"history-hard-39","History","Hard","In which year did World War II end?","","1945","1946","1943","1944","1945","The war ended in 1945 after six years of global conflict."
"history-hard-4","History","Hard","Which civilization built Machu Picchu?","","Olmec","Maya","Aztec","Inca","Inca","The Inca built the mountain citadel in the 15th century."
"history-hard-40","History","Hard","Which civilization built Machu Picchu?","","Olmec","Maya","Aztec","Inca","Inca","The Inca built the mountain citadel in the 15th century."
"history-hard-41","History","Hard","The Magna Carta was sealed in which country?","","France","England","Spain","Germany","England","King John sealed it at Runnymede, England, in 1215."
"history-hard-42","History","Hard","Who discovered penicillin?","","Louis Pasteur","Alexander Fleming","Isaac Newton","Marie Curie","Alexander Fleming","Alexander Fleming observed penicillin's antibacterial effect in 1928."
"history-hard-43","History","Hard","Which empire used roads called the Royal Road?","","Ottoman","Mughal","Persian","Roman","Persian","The Achaemenid Persian Empire maintained the Royal Road."
"history-hard-44","History","Hard","Who wrote the 95 Theses?","","Socrates","Martin Luther","Galileo","Voltaire","Martin Luther","Martin Luther's 1517 document helped launch the Reformation."
"history-hard-45","History","Hard","Which wall fell in 1989?","","Hadrian's Wall","Great Wall","Berlin Wall","Wailing Wall","Berlin Wall","The opening of the Berlin Wall symbolized the Cold War's end."
"history-hard-46","History","Hard","Who was known as the Maid of Orléans?","","Joan of Arc","Boudica","Catherine the Great","Cleopatra","Joan of Arc","Joan of Arc helped inspire French forces during the Hundred Years' War."
"history-hard-47","History","Hard","Ancient Egyptian writing is called what?","","Hieroglyphics","Runes","Cuneiform","Latin","Hieroglyphics","Egyptian scribes used hieroglyphic symbols for monumental texts."
"history-hard-48","History","Hard","Which explorer's expedition first circumnavigated Earth?","","Polo","Columbus","Magellan","Cook","Magellan","Magellan led the expedition, completed by Juan Sebastián Elcano."
"history-hard-49","History","Hard","Who was the first president of the United States?","","Thomas Jefferson","George Washington","John Adams","Abraham Lincoln","George Washington","George Washington served from 1789 to 1797."
"history-hard-5","History","Hard","The Magna Carta was sealed in which country?","","France","England","Spain","Germany","England","King John sealed it at Runnymede, England, in 1215."
"history-hard-50","History","Hard","The ancient city of Rome was founded on which river?","","Seine","Tiber","Danube","Nile","Tiber","Rome grew beside the Tiber River in central Italy."
"history-hard-6","History","Hard","Who discovered penicillin?","","Louis Pasteur","Alexander Fleming","Isaac Newton","Marie Curie","Alexander Fleming","Alexander Fleming observed penicillin's antibacterial effect in 1928."
"history-hard-7","History","Hard","Which empire used roads called the Royal Road?","","Ottoman","Mughal","Persian","Roman","Persian","The Achaemenid Persian Empire maintained the Royal Road."
"history-hard-8","History","Hard","Who wrote the 95 Theses?","","Socrates","Martin Luther","Galileo","Voltaire","Martin Luther","Martin Luther's 1517 document helped launch the Reformation."
"history-hard-9","History","Hard","Which wall fell in 1989?","","Hadrian's Wall","Great Wall","Berlin Wall","Wailing Wall","Berlin Wall","The opening of the Berlin Wall symbolized the Cold War's end."
"history-medium-1","History","Medium","Who was the first president of the United States?","","Thomas Jefferson","George Washington","John Adams","Abraham Lincoln","George Washington","George Washington served from 1789 to 1797."
"history-medium-10","History","Medium","Who was known as the Maid of Orléans?","","Joan of Arc","Boudica","Catherine the Great","Cleopatra","Joan of Arc","Joan of Arc helped inspire French forces during the Hundred Years' War."
"history-medium-11","History","Medium","Ancient Egyptian writing is called what?","","Hieroglyphics","Runes","Cuneiform","Latin","Hieroglyphics","Egyptian scribes used hieroglyphic symbols for monumental texts."
"history-medium-12","History","Medium","Which explorer's expedition first circumnavigated Earth?","","Polo","Columbus","Magellan","Cook","Magellan","Magellan led the expedition, completed by Juan Sebastián Elcano."
"history-medium-13","History","Medium","Who was the first president of the United States?","","Thomas Jefferson","George Washington","John Adams","Abraham Lincoln","George Washington","George Washington served from 1789 to 1797."
"history-medium-14","History","Medium","The ancient city of Rome was founded on which river?","","Seine","Tiber","Danube","Nile","Tiber","Rome grew beside the Tiber River in central Italy."
"history-medium-15","History","Medium","In which year did World War II end?","","1945","1946","1943","1944","1945","The war ended in 1945 after six years of global conflict."
"history-medium-16","History","Medium","Which civilization built Machu Picchu?","","Olmec","Maya","Aztec","Inca","Inca","The Inca built the mountain citadel in the 15th century."
"history-medium-17","History","Medium","The Magna Carta was sealed in which country?","","France","England","Spain","Germany","England","King John sealed it at Runnymede, England, in 1215."
"history-medium-18","History","Medium","Who discovered penicillin?","","Louis Pasteur","Alexander Fleming","Isaac Newton","Marie Curie","Alexander Fleming","Alexander Fleming observed penicillin's antibacterial effect in 1928."
"history-medium-19","History","Medium","Which empire used roads called the Royal Road?","","Ottoman","Mughal","Persian","Roman","Persian","The Achaemenid Persian Empire maintained the Royal Road."
"history-medium-2","History","Medium","The ancient city of Rome was founded on which river?","","Seine","Tiber","Danube","Nile","Tiber","Rome grew beside the Tiber River in central Italy."
"history-medium-20","History","Medium","Who wrote the 95 Theses?","","Socrates","Martin Luther","Galileo","Voltaire","Martin Luther","Martin Luther's 1517 document helped launch the Reformation."
"history-medium-21","History","Medium","Which wall fell in 1989?","","Hadrian's Wall","Great Wall","Berlin Wall","Wailing Wall","Berlin Wall","The opening of the Berlin Wall symbolized the Cold War's end."
"history-medium-22","History","Medium","Who was known as the Maid of Orléans?","","Joan of Arc","Boudica","Catherine the Great","Cleopatra","Joan of Arc","Joan of Arc helped inspire French forces during the Hundred Years' War."
"history-medium-23","History","Medium","Ancient Egyptian writing is called what?","","Hieroglyphics","Runes","Cuneiform","Latin","Hieroglyphics","Egyptian scribes used hieroglyphic symbols for monumental texts."
"history-medium-24","History","Medium","Which explorer's expedition first circumnavigated Earth?","","Polo","Columbus","Magellan","Cook","Magellan","Magellan led the expedition, completed by Juan Sebastián Elcano."
"history-medium-25","History","Medium","Who was the first president of the United States?","","Thomas Jefferson","George Washington","John Adams","Abraham Lincoln","George Washington","George Washington served from 1789 to 1797."
"history-medium-26","History","Medium","The ancient city of Rome was founded on which river?","","Seine","Tiber","Danube","Nile","Tiber","Rome grew beside the Tiber River in central Italy."
"history-medium-27","History","Medium","In which year did World War II end?","","1945","1946","1943","1944","1945","The war ended in 1945 after six years of global conflict."
"history-medium-28","History","Medium","Which civilization built Machu Picchu?","","Olmec","Maya","Aztec","Inca","Inca","The Inca built the mountain citadel in the 15th century."
"history-medium-29","History","Medium","The Magna Carta was sealed in which country?","","France","England","Spain","Germany","England","King John sealed it at Runnymede, England, in 1215."
"history-medium-3","History","Medium","In which year did World War II end?","","1945","1946","1943","1944","1945","The war ended in 1945 after six years of global conflict."
"history-medium-30","History","Medium","Who discovered penicillin?","","Louis Pasteur","Alexander Fleming","Isaac Newton","Marie Curie","Alexander Fleming","Alexander Fleming observed penicillin's antibacterial effect in 1928."
"history-medium-31","History","Medium","Which empire used roads called the Royal Road?","","Ottoman","Mughal","Persian","Roman","Persian","The Achaemenid Persian Empire maintained the Royal Road."
"history-medium-32","History","Medium","Who wrote the 95 Theses?","","Socrates","Martin Luther","Galileo","Voltaire","Martin Luther","Martin Luther's 1517 document helped launch the Reformation."
"history-medium-33","History","Medium","Which wall fell in 1989?","","Hadrian's Wall","Great Wall","Berlin Wall","Wailing Wall","Berlin Wall","The opening of the Berlin Wall symbolized the Cold War's end."
"history-medium-34","History","Medium","Who was known as the Maid of Orléans?","","Joan of Arc","Boudica","Catherine the Great","Cleopatra","Joan of Arc","Joan of Arc helped inspire French forces during the Hundred Years' War."
"history-medium-35","History","Medium","Ancient Egyptian writing is called what?","","Hieroglyphics","Runes","Cuneiform","Latin","Hieroglyphics","Egyptian scribes used hieroglyphic symbols for monumental texts."
"history-medium-36","History","Medium","Which explorer's expedition first circumnavigated Earth?","","Polo","Columbus","Magellan","Cook","Magellan","Magellan led the expedition, completed by Juan Sebastián Elcano."
"history-medium-37","History","Medium","Who was the first president of the United States?","","Thomas Jefferson","George Washington","John Adams","Abraham Lincoln","George Washington","George Washington served from 1789 to 1797."
"history-medium-38","History","Medium","The ancient city of Rome was founded on which river?","","Seine","Tiber","Danube","Nile","Tiber","Rome grew beside the Tiber River in central Italy."
"history-medium-39","History","Medium","In which year did World War II end?","","1945","1946","1943","1944","1945","The war ended in 1945 after six years of global conflict."
"history-medium-4","History","Medium","Which civilization built Machu Picchu?","","Olmec","Maya","Aztec","Inca","Inca","The Inca built the mountain citadel in the 15th century."
"history-medium-40","History","Medium","Which civilization built Machu Picchu?","","Olmec","Maya","Aztec","Inca","Inca","The Inca built the mountain citadel in the 15th century."
"history-medium-41","History","Medium","The Magna Carta was sealed in which country?","","France","England","Spain","Germany","England","King John sealed it at Runnymede, England, in 1215."
"history-medium-42","History","Medium","Who discovered penicillin?","","Louis Pasteur","Alexander Fleming","Isaac Newton","Marie Curie","Alexander Fleming","Alexander Fleming observed penicillin's antibacterial effect in 1928."
"history-medium-43","History","Medium","Which empire used roads called the Royal Road?","","Ottoman","Mughal","Persian","Roman","Persian","The Achaemenid Persian Empire maintained the Royal Road."
"history-medium-44","History","Medium","Who wrote the 95 Theses?","","Socrates","Martin Luther","Galileo","Voltaire","Martin Luther","Martin Luther's 1517 document helped launch the Reformation."
"history-medium-45","History","Medium","Which wall fell in 1989?","","Hadrian's Wall","Great Wall","Berlin Wall","Wailing Wall","Berlin Wall","The opening of the Berlin Wall symbolized the Cold War's end."
"history-medium-46","History","Medium","Who was known as the Maid of Orléans?","","Joan of Arc","Boudica","Catherine the Great","Cleopatra","Joan of Arc","Joan of Arc helped inspire French forces during the Hundred Years' War."
"history-medium-47","History","Medium","Ancient Egyptian writing is called what?","","Hieroglyphics","Runes","Cuneiform","Latin","Hieroglyphics","Egyptian scribes used hieroglyphic symbols for monumental texts."
"history-medium-48","History","Medium","Which explorer's expedition first circumnavigated Earth?","","Polo","Columbus","Magellan","Cook","Magellan","Magellan led the expedition, completed by Juan Sebastián Elcano."
"history-medium-49","History","Medium","Who was the first president of the United States?","","Thomas Jefferson","George Washington","John Adams","Abraham Lincoln","George Washington","George Washington served from 1789 to 1797."
"history-medium-5","History","Medium","The Magna Carta was sealed in which country?","","France","England","Spain","Germany","England","King John sealed it at Runnymede, England, in 1215."
"history-medium-50","History","Medium","The ancient city of Rome was founded on which river?","","Seine","Tiber","Danube","Nile","Tiber","Rome grew beside the Tiber River in central Italy."
"history-medium-6","History","Medium","Who discovered penicillin?","","Louis Pasteur","Alexander Fleming","Isaac Newton","Marie Curie","Alexander Fleming","Alexander Fleming observed penicillin's antibacterial effect in 1928."
"history-medium-7","History","Medium","Which empire used roads called the Royal Road?","","Ottoman","Mughal","Persian","Roman","Persian","The Achaemenid Persian Empire maintained the Royal Road."
"history-medium-8","History","Medium","Who wrote the 95 Theses?","","Socrates","Martin Luther","Galileo","Voltaire","Martin Luther","Martin Luther's 1517 document helped launch the Reformation."
"history-medium-9","History","Medium","Which wall fell in 1989?","","Hadrian's Wall","Great Wall","Berlin Wall","Wailing Wall","Berlin Wall","The opening of the Berlin Wall symbolized the Cold War's end."
"movies-easy-1","Movies","Easy","Who directed Jaws?","","George Lucas","Steven Spielberg","James Cameron","Martin Scorsese","Steven Spielberg","Steven Spielberg directed the 1975 thriller."
"movies-easy-10","Movies","Easy","What kind of fish is Nemo?","","Blue tang","Angelfish","Goldfish","Clownfish","Clownfish","Nemo and his father Marlin are clownfish."
"movies-easy-11","Movies","Easy","Which film won the first Academy Award for Best Picture?","","The Jazz Singer","Sunrise","Metropolis","Wings","Wings","Wings received the award at the first ceremony."
"movies-easy-12","Movies","Easy","Who composed the iconic Star Wars score?","","Howard Shore","Hans Zimmer","John Williams","Ennio Morricone","John Williams","John Williams composed the saga's celebrated orchestral themes."
"movies-easy-13","Movies","Easy","Who directed Jaws?","","George Lucas","Steven Spielberg","James Cameron","Martin Scorsese","Steven Spielberg","Steven Spielberg directed the 1975 thriller."
"movies-easy-14","Movies","Easy","Which film features the kingdom of Arendelle?","","Frozen","Brave","Tangled","Moana","Frozen","Arendelle is the home of sisters Anna and Elsa in Frozen."
"movies-easy-15","Movies","Easy","What color pill does Neo take in The Matrix?","","Red","White","Blue","Green","Red","Neo chooses the red pill and learns the truth."
"movies-easy-16","Movies","Easy","Which movie series features a DeLorean time machine?","","Indiana Jones","Star Wars","Back to the Future","Terminator","Back to the Future","Doc Brown turns a DeLorean into a time machine."
"movies-easy-17","Movies","Easy","Who is Simba's father in The Lion King?","","Scar","Rafiki","Mufasa","Timon","Mufasa","Mufasa is the king of the Pride Lands and Simba's father."
"movies-easy-18","Movies","Easy","Which actor played the title role in Rocky?","","Arnold Schwarzenegger","Bruce Willis","Tom Cruise","Sylvester Stallone","Sylvester Stallone","Sylvester Stallone wrote and starred in Rocky."
"movies-easy-19","Movies","Easy","What is the name of the cowboy in Toy Story?","","Rex","Slinky","Buzz","Woody","Woody","Sheriff Woody is Andy's favorite toy."
"movies-easy-2","Movies","Easy","Which film features the kingdom of Arendelle?","","Frozen","Brave","Tangled","Moana","Frozen","Arendelle is the home of sisters Anna and Elsa in Frozen."
"movies-easy-20","Movies","Easy","Which movie includes the line about needing a bigger boat?","","Cast Away","Titanic","Jaws","Finding Nemo","Jaws","The famous reaction comes after the shark appears in Jaws."
"movies-easy-21","Movies","Easy","Which fictional metal powers Black Panther's suit?","","Adamantium","Kryptonite","Vibranium","Unobtainium","Vibranium","Wakanda's technology is built around vibranium."
"movies-easy-22","Movies","Easy","What kind of fish is Nemo?","","Blue tang","Angelfish","Goldfish","Clownfish","Clownfish","Nemo and his father Marlin are clownfish."
"movies-easy-23","Movies","Easy","Which film won the first Academy Award for Best Picture?","","The Jazz Singer","Sunrise","Metropolis","Wings","Wings","Wings received the award at the first ceremony."
"movies-easy-24","Movies","Easy","Who composed the iconic Star Wars score?","","Howard Shore","Hans Zimmer","John Williams","Ennio Morricone","John Williams","John Williams composed the saga's celebrated orchestral themes."
"movies-easy-25","Movies","Easy","Who directed Jaws?","","George Lucas","Steven Spielberg","James Cameron","Martin Scorsese","Steven Spielberg","Steven Spielberg directed the 1975 thriller."
"movies-easy-26","Movies","Easy","Which film features the kingdom of Arendelle?","","Frozen","Brave","Tangled","Moana","Frozen","Arendelle is the home of sisters Anna and Elsa in Frozen."
"movies-easy-27","Movies","Easy","What color pill does Neo take in The Matrix?","","Red","White","Blue","Green","Red","Neo chooses the red pill and learns the truth."
"movies-easy-28","Movies","Easy","Which movie series features a DeLorean time machine?","","Indiana Jones","Star Wars","Back to the Future","Terminator","Back to the Future","Doc Brown turns a DeLorean into a time machine."
"movies-easy-29","Movies","Easy","Who is Simba's father in The Lion King?","","Scar","Rafiki","Mufasa","Timon","Mufasa","Mufasa is the king of the Pride Lands and Simba's father."
"movies-easy-3","Movies","Easy","What color pill does Neo take in The Matrix?","","Red","White","Blue","Green","Red","Neo chooses the red pill and learns the truth."
"movies-easy-30","Movies","Easy","Which actor played the title role in Rocky?","","Arnold Schwarzenegger","Bruce Willis","Tom Cruise","Sylvester Stallone","Sylvester Stallone","Sylvester Stallone wrote and starred in Rocky."
"movies-easy-31","Movies","Easy","What is the name of the cowboy in Toy Story?","","Rex","Slinky","Buzz","Woody","Woody","Sheriff Woody is Andy's favorite toy."
"movies-easy-32","Movies","Easy","Which movie includes the line about needing a bigger boat?","","Cast Away","Titanic","Jaws","Finding Nemo","Jaws","The famous reaction comes after the shark appears in Jaws."
"movies-easy-33","Movies","Easy","Which fictional metal powers Black Panther's suit?","","Adamantium","Kryptonite","Vibranium","Unobtainium","Vibranium","Wakanda's technology is built around vibranium."
"movies-easy-34","Movies","Easy","What kind of fish is Nemo?","","Blue tang","Angelfish","Goldfish","Clownfish","Clownfish","Nemo and his father Marlin are clownfish."
"movies-easy-35","Movies","Easy","Which film won the first Academy Award for Best Picture?","","The Jazz Singer","Sunrise","Metropolis","Wings","Wings","Wings received the award at the first ceremony."
"movies-easy-36","Movies","Easy","Who composed the iconic Star Wars score?","","Howard Shore","Hans Zimmer","John Williams","Ennio Morricone","John Williams","John Williams composed the saga's celebrated orchestral themes."
"movies-easy-37","Movies","Easy","Who directed Jaws?","","George Lucas","Steven Spielberg","James Cameron","Martin Scorsese","Steven Spielberg","Steven Spielberg directed the 1975 thriller."
"movies-easy-38","Movies","Easy","Which film features the kingdom of Arendelle?","","Frozen","Brave","Tangled","Moana","Frozen","Arendelle is the home of sisters Anna and Elsa in Frozen."
"movies-easy-39","Movies","Easy","What color pill does Neo take in The Matrix?","","Red","White","Blue","Green","Red","Neo chooses the red pill and learns the truth."
"movies-easy-4","Movies","Easy","Which movie series features a DeLorean time machine?","","Indiana Jones","Star Wars","Back to the Future","Terminator","Back to the Future","Doc Brown turns a DeLorean into a time machine."
"movies-easy-40","Movies","Easy","Which movie series features a DeLorean time machine?","","Indiana Jones","Star Wars","Back to the Future","Terminator","Back to the Future","Doc Brown turns a DeLorean into a time machine."
"movies-easy-41","Movies","Easy","Who is Simba's father in The Lion King?","","Scar","Rafiki","Mufasa","Timon","Mufasa","Mufasa is the king of the Pride Lands and Simba's father."
"movies-easy-42","Movies","Easy","Which actor played the title role in Rocky?","","Arnold Schwarzenegger","Bruce Willis","Tom Cruise","Sylvester Stallone","Sylvester Stallone","Sylvester Stallone wrote and starred in Rocky."
"movies-easy-43","Movies","Easy","What is the name of the cowboy in Toy Story?","","Rex","Slinky","Buzz","Woody","Woody","Sheriff Woody is Andy's favorite toy."
"movies-easy-44","Movies","Easy","Which movie includes the line about needing a bigger boat?","","Cast Away","Titanic","Jaws","Finding Nemo","Jaws","The famous reaction comes after the shark appears in Jaws."
"movies-easy-45","Movies","Easy","Which fictional metal powers Black Panther's suit?","","Adamantium","Kryptonite","Vibranium","Unobtainium","Vibranium","Wakanda's technology is built around vibranium."
"movies-easy-46","Movies","Easy","What kind of fish is Nemo?","","Blue tang","Angelfish","Goldfish","Clownfish","Clownfish","Nemo and his father Marlin are clownfish."
"movies-easy-47","Movies","Easy","Which film won the first Academy Award for Best Picture?","","The Jazz Singer","Sunrise","Metropolis","Wings","Wings","Wings received the award at the first ceremony."
"movies-easy-48","Movies","Easy","Who composed the iconic Star Wars score?","","Howard Shore","Hans Zimmer","John Williams","Ennio Morricone","John Williams","John Williams composed the saga's celebrated orchestral themes."
"movies-easy-49","Movies","Easy","Who directed Jaws?","","George Lucas","Steven Spielberg","James Cameron","Martin Scorsese","Steven Spielberg","Steven Spielberg directed the 1975 thriller."
"movies-easy-5","Movies","Easy","Who is Simba's father in The Lion King?","","Scar","Rafiki","Mufasa","Timon","Mufasa","Mufasa is the king of the Pride Lands and Simba's father."
"movies-easy-50","Movies","Easy","Which film features the kingdom of Arendelle?","","Frozen","Brave","Tangled","Moana","Frozen","Arendelle is the home of sisters Anna and Elsa in Frozen."
"movies-easy-6","Movies","Easy","Which actor played the title role in Rocky?","","Arnold Schwarzenegger","Bruce Willis","Tom Cruise","Sylvester Stallone","Sylvester Stallone","Sylvester Stallone wrote and starred in Rocky."
"movies-easy-7","Movies","Easy","What is the name of the cowboy in Toy Story?","","Rex","Slinky","Buzz","Woody","Woody","Sheriff Woody is Andy's favorite toy."
"movies-easy-8","Movies","Easy","Which movie includes the line about needing a bigger boat?","","Cast Away","Titanic","Jaws","Finding Nemo","Jaws","The famous reaction comes after the shark appears in Jaws."
"movies-easy-9","Movies","Easy","Which fictional metal powers Black Panther's suit?","","Adamantium","Kryptonite","Vibranium","Unobtainium","Vibranium","Wakanda's technology is built around vibranium."
"movies-hard-1","Movies","Hard","Who directed Jaws?","","George Lucas","Steven Spielberg","James Cameron","Martin Scorsese","Steven Spielberg","Steven Spielberg directed the 1975 thriller."
"movies-hard-10","Movies","Hard","What kind of fish is Nemo?","","Blue tang","Angelfish","Goldfish","Clownfish","Clownfish","Nemo and his father Marlin are clownfish."
"movies-hard-11","Movies","Hard","Which film won the first Academy Award for Best Picture?","","The Jazz Singer","Sunrise","Metropolis","Wings","Wings","Wings received the award at the first ceremony."
"movies-hard-12","Movies","Hard","Who composed the iconic Star Wars score?","","Howard Shore","Hans Zimmer","John Williams","Ennio Morricone","John Williams","John Williams composed the saga's celebrated orchestral themes."
"movies-hard-13","Movies","Hard","Who directed Jaws?","","George Lucas","Steven Spielberg","James Cameron","Martin Scorsese","Steven Spielberg","Steven Spielberg directed the 1975 thriller."
"movies-hard-14","Movies","Hard","Which film features the kingdom of Arendelle?","","Frozen","Brave","Tangled","Moana","Frozen","Arendelle is the home of sisters Anna and Elsa in Frozen."
"movies-hard-15","Movies","Hard","What color pill does Neo take in The Matrix?","","Red","White","Blue","Green","Red","Neo chooses the red pill and learns the truth."
"movies-hard-16","Movies","Hard","Which movie series features a DeLorean time machine?","","Indiana Jones","Star Wars","Back to the Future","Terminator","Back to the Future","Doc Brown turns a DeLorean into a time machine."
"movies-hard-17","Movies","Hard","Who is Simba's father in The Lion King?","","Scar","Rafiki","Mufasa","Timon","Mufasa","Mufasa is the king of the Pride Lands and Simba's father."
"movies-hard-18","Movies","Hard","Which actor played the title role in Rocky?","","Arnold Schwarzenegger","Bruce Willis","Tom Cruise","Sylvester Stallone","Sylvester Stallone","Sylvester Stallone wrote and starred in Rocky."
"movies-hard-19","Movies","Hard","What is the name of the cowboy in Toy Story?","","Rex","Slinky","Buzz","Woody","Woody","Sheriff Woody is Andy's favorite toy."
"movies-hard-2","Movies","Hard","Which film features the kingdom of Arendelle?","","Frozen","Brave","Tangled","Moana","Frozen","Arendelle is the home of sisters Anna and Elsa in Frozen."
"movies-hard-20","Movies","Hard","Which movie includes the line about needing a bigger boat?","","Cast Away","Titanic","Jaws","Finding Nemo","Jaws","The famous reaction comes after the shark appears in Jaws."
"movies-hard-21","Movies","Hard","Which fictional metal powers Black Panther's suit?","","Adamantium","Kryptonite","Vibranium","Unobtainium","Vibranium","Wakanda's technology is built around vibranium."
"movies-hard-22","Movies","Hard","What kind of fish is Nemo?","","Blue tang","Angelfish","Goldfish","Clownfish","Clownfish","Nemo and his father Marlin are clownfish."
"movies-hard-23","Movies","Hard","Which film won the first Academy Award for Best Picture?","","The Jazz Singer","Sunrise","Metropolis","Wings","Wings","Wings received the award at the first ceremony."
"movies-hard-24","Movies","Hard","Who composed the iconic Star Wars score?","","Howard Shore","Hans Zimmer","John Williams","Ennio Morricone","John Williams","John Williams composed the saga's celebrated orchestral themes."
"movies-hard-25","Movies","Hard","Who directed Jaws?","","George Lucas","Steven Spielberg","James Cameron","Martin Scorsese","Steven Spielberg","Steven Spielberg directed the 1975 thriller."
"movies-hard-26","Movies","Hard","Which film features the kingdom of Arendelle?","","Frozen","Brave","Tangled","Moana","Frozen","Arendelle is the home of sisters Anna and Elsa in Frozen."
"movies-hard-27","Movies","Hard","What color pill does Neo take in The Matrix?","","Red","White","Blue","Green","Red","Neo chooses the red pill and learns the truth."
"movies-hard-28","Movies","Hard","Which movie series features a DeLorean time machine?","","Indiana Jones","Star Wars","Back to the Future","Terminator","Back to the Future","Doc Brown turns a DeLorean into a time machine."
"movies-hard-29","Movies","Hard","Who is Simba's father in The Lion King?","","Scar","Rafiki","Mufasa","Timon","Mufasa","Mufasa is the king of the Pride Lands and Simba's father."
"movies-hard-3","Movies","Hard","What color pill does Neo take in The Matrix?","","Red","White","Blue","Green","Red","Neo chooses the red pill and learns the truth."
"movies-hard-30","Movies","Hard","Which actor played the title role in Rocky?","","Arnold Schwarzenegger","Bruce Willis","Tom Cruise","Sylvester Stallone","Sylvester Stallone","Sylvester Stallone wrote and starred in Rocky."
"movies-hard-31","Movies","Hard","What is the name of the cowboy in Toy Story?","","Rex","Slinky","Buzz","Woody","Woody","Sheriff Woody is Andy's favorite toy."
"movies-hard-32","Movies","Hard","Which movie includes the line about needing a bigger boat?","","Cast Away","Titanic","Jaws","Finding Nemo","Jaws","The famous reaction comes after the shark appears in Jaws."
"movies-hard-33","Movies","Hard","Which fictional metal powers Black Panther's suit?","","Adamantium","Kryptonite","Vibranium","Unobtainium","Vibranium","Wakanda's technology is built around vibranium."
"movies-hard-34","Movies","Hard","What kind of fish is Nemo?","","Blue tang","Angelfish","Goldfish","Clownfish","Clownfish","Nemo and his father Marlin are clownfish."
"movies-hard-35","Movies","Hard","Which film won the first Academy Award for Best Picture?","","The Jazz Singer","Sunrise","Metropolis","Wings","Wings","Wings received the award at the first ceremony."
"movies-hard-36","Movies","Hard","Who composed the iconic Star Wars score?","","Howard Shore","Hans Zimmer","John Williams","Ennio Morricone","John Williams","John Williams composed the saga's celebrated orchestral themes."
"movies-hard-37","Movies","Hard","Who directed Jaws?","","George Lucas","Steven Spielberg","James Cameron","Martin Scorsese","Steven Spielberg","Steven Spielberg directed the 1975 thriller."
"movies-hard-38","Movies","Hard","Which film features the kingdom of Arendelle?","","Frozen","Brave","Tangled","Moana","Frozen","Arendelle is the home of sisters Anna and Elsa in Frozen."
"movies-hard-39","Movies","Hard","What color pill does Neo take in The Matrix?","","Red","White","Blue","Green","Red","Neo chooses the red pill and learns the truth."
"movies-hard-4","Movies","Hard","Which movie series features a DeLorean time machine?","","Indiana Jones","Star Wars","Back to the Future","Terminator","Back to the Future","Doc Brown turns a DeLorean into a time machine."
"movies-hard-40","Movies","Hard","Which movie series features a DeLorean time machine?","","Indiana Jones","Star Wars","Back to the Future","Terminator","Back to the Future","Doc Brown turns a DeLorean into a time machine."
"movies-hard-41","Movies","Hard","Who is Simba's father in The Lion King?","","Scar","Rafiki","Mufasa","Timon","Mufasa","Mufasa is the king of the Pride Lands and Simba's father."
"movies-hard-42","Movies","Hard","Which actor played the title role in Rocky?","","Arnold Schwarzenegger","Bruce Willis","Tom Cruise","Sylvester Stallone","Sylvester Stallone","Sylvester Stallone wrote and starred in Rocky."
"movies-hard-43","Movies","Hard","What is the name of the cowboy in Toy Story?","","Rex","Slinky","Buzz","Woody","Woody","Sheriff Woody is Andy's favorite toy."
"movies-hard-44","Movies","Hard","Which movie includes the line about needing a bigger boat?","","Cast Away","Titanic","Jaws","Finding Nemo","Jaws","The famous reaction comes after the shark appears in Jaws."
"movies-hard-45","Movies","Hard","Which fictional metal powers Black Panther's suit?","","Adamantium","Kryptonite","Vibranium","Unobtainium","Vibranium","Wakanda's technology is built around vibranium."
"movies-hard-46","Movies","Hard","What kind of fish is Nemo?","","Blue tang","Angelfish","Goldfish","Clownfish","Clownfish","Nemo and his father Marlin are clownfish."
"movies-hard-47","Movies","Hard","Which film won the first Academy Award for Best Picture?","","The Jazz Singer","Sunrise","Metropolis","Wings","Wings","Wings received the award at the first ceremony."
"movies-hard-48","Movies","Hard","Who composed the iconic Star Wars score?","","Howard Shore","Hans Zimmer","John Williams","Ennio Morricone","John Williams","John Williams composed the saga's celebrated orchestral themes."
"movies-hard-49","Movies","Hard","Who directed Jaws?","","George Lucas","Steven Spielberg","James Cameron","Martin Scorsese","Steven Spielberg","Steven Spielberg directed the 1975 thriller."
"movies-hard-5","Movies","Hard","Who is Simba's father in The Lion King?","","Scar","Rafiki","Mufasa","Timon","Mufasa","Mufasa is the king of the Pride Lands and Simba's father."
"movies-hard-50","Movies","Hard","Which film features the kingdom of Arendelle?","","Frozen","Brave","Tangled","Moana","Frozen","Arendelle is the home of sisters Anna and Elsa in Frozen."
"movies-hard-6","Movies","Hard","Which actor played the title role in Rocky?","","Arnold Schwarzenegger","Bruce Willis","Tom Cruise","Sylvester Stallone","Sylvester Stallone","Sylvester Stallone wrote and starred in Rocky."
"movies-hard-7","Movies","Hard","What is the name of the cowboy in Toy Story?","","Rex","Slinky","Buzz","Woody","Woody","Sheriff Woody is Andy's favorite toy."
"movies-hard-8","Movies","Hard","Which movie includes the line about needing a bigger boat?","","Cast Away","Titanic","Jaws","Finding Nemo","Jaws","The famous reaction comes after the shark appears in Jaws."
"movies-hard-9","Movies","Hard","Which fictional metal powers Black Panther's suit?","","Adamantium","Kryptonite","Vibranium","Unobtainium","Vibranium","Wakanda's technology is built around vibranium."
"movies-medium-1","Movies","Medium","Who directed Jaws?","","George Lucas","Steven Spielberg","James Cameron","Martin Scorsese","Steven Spielberg","Steven Spielberg directed the 1975 thriller."
"movies-medium-10","Movies","Medium","What kind of fish is Nemo?","","Blue tang","Angelfish","Goldfish","Clownfish","Clownfish","Nemo and his father Marlin are clownfish."
"movies-medium-11","Movies","Medium","Which film won the first Academy Award for Best Picture?","","The Jazz Singer","Sunrise","Metropolis","Wings","Wings","Wings received the award at the first ceremony."
"movies-medium-12","Movies","Medium","Who composed the iconic Star Wars score?","","Howard Shore","Hans Zimmer","John Williams","Ennio Morricone","John Williams","John Williams composed the saga's celebrated orchestral themes."
"movies-medium-13","Movies","Medium","Who directed Jaws?","","George Lucas","Steven Spielberg","James Cameron","Martin Scorsese","Steven Spielberg","Steven Spielberg directed the 1975 thriller."
"movies-medium-14","Movies","Medium","Which film features the kingdom of Arendelle?","","Frozen","Brave","Tangled","Moana","Frozen","Arendelle is the home of sisters Anna and Elsa in Frozen."
"movies-medium-15","Movies","Medium","What color pill does Neo take in The Matrix?","","Red","White","Blue","Green","Red","Neo chooses the red pill and learns the truth."
"movies-medium-16","Movies","Medium","Which movie series features a DeLorean time machine?","","Indiana Jones","Star Wars","Back to the Future","Terminator","Back to the Future","Doc Brown turns a DeLorean into a time machine."
"movies-medium-17","Movies","Medium","Who is Simba's father in The Lion King?","","Scar","Rafiki","Mufasa","Timon","Mufasa","Mufasa is the king of the Pride Lands and Simba's father."
"movies-medium-18","Movies","Medium","Which actor played the title role in Rocky?","","Arnold Schwarzenegger","Bruce Willis","Tom Cruise","Sylvester Stallone","Sylvester Stallone","Sylvester Stallone wrote and starred in Rocky."
"movies-medium-19","Movies","Medium","What is the name of the cowboy in Toy Story?","","Rex","Slinky","Buzz","Woody","Woody","Sheriff Woody is Andy's favorite toy."
"movies-medium-2","Movies","Medium","Which film features the kingdom of Arendelle?","","Frozen","Brave","Tangled","Moana","Frozen","Arendelle is the home of sisters Anna and Elsa in Frozen."
"movies-medium-20","Movies","Medium","Which movie includes the line about needing a bigger boat?","","Cast Away","Titanic","Jaws","Finding Nemo","Jaws","The famous reaction comes after the shark appears in Jaws."
"movies-medium-21","Movies","Medium","Which fictional metal powers Black Panther's suit?","","Adamantium","Kryptonite","Vibranium","Unobtainium","Vibranium","Wakanda's technology is built around vibranium."
"movies-medium-22","Movies","Medium","What kind of fish is Nemo?","","Blue tang","Angelfish","Goldfish","Clownfish","Clownfish","Nemo and his father Marlin are clownfish."
"movies-medium-23","Movies","Medium","Which film won the first Academy Award for Best Picture?","","The Jazz Singer","Sunrise","Metropolis","Wings","Wings","Wings received the award at the first ceremony."
"movies-medium-24","Movies","Medium","Who composed the iconic Star Wars score?","","Howard Shore","Hans Zimmer","John Williams","Ennio Morricone","John Williams","John Williams composed the saga's celebrated orchestral themes."
"movies-medium-25","Movies","Medium","Who directed Jaws?","","George Lucas","Steven Spielberg","James Cameron","Martin Scorsese","Steven Spielberg","Steven Spielberg directed the 1975 thriller."
"movies-medium-26","Movies","Medium","Which film features the kingdom of Arendelle?","","Frozen","Brave","Tangled","Moana","Frozen","Arendelle is the home of sisters Anna and Elsa in Frozen."
"movies-medium-27","Movies","Medium","What color pill does Neo take in The Matrix?","","Red","White","Blue","Green","Red","Neo chooses the red pill and learns the truth."
"movies-medium-28","Movies","Medium","Which movie series features a DeLorean time machine?","","Indiana Jones","Star Wars","Back to the Future","Terminator","Back to the Future","Doc Brown turns a DeLorean into a time machine."
"movies-medium-29","Movies","Medium","Who is Simba's father in The Lion King?","","Scar","Rafiki","Mufasa","Timon","Mufasa","Mufasa is the king of the Pride Lands and Simba's father."
"movies-medium-3","Movies","Medium","What color pill does Neo take in The Matrix?","","Red","White","Blue","Green","Red","Neo chooses the red pill and learns the truth."
"movies-medium-30","Movies","Medium","Which actor played the title role in Rocky?","","Arnold Schwarzenegger","Bruce Willis","Tom Cruise","Sylvester Stallone","Sylvester Stallone","Sylvester Stallone wrote and starred in Rocky."
"movies-medium-31","Movies","Medium","What is the name of the cowboy in Toy Story?","","Rex","Slinky","Buzz","Woody","Woody","Sheriff Woody is Andy's favorite toy."
"movies-medium-32","Movies","Medium","Which movie includes the line about needing a bigger boat?","","Cast Away","Titanic","Jaws","Finding Nemo","Jaws","The famous reaction comes after the shark appears in Jaws."
"movies-medium-33","Movies","Medium","Which fictional metal powers Black Panther's suit?","","Adamantium","Kryptonite","Vibranium","Unobtainium","Vibranium","Wakanda's technology is built around vibranium."
"movies-medium-34","Movies","Medium","What kind of fish is Nemo?","","Blue tang","Angelfish","Goldfish","Clownfish","Clownfish","Nemo and his father Marlin are clownfish."
"movies-medium-35","Movies","Medium","Which film won the first Academy Award for Best Picture?","","The Jazz Singer","Sunrise","Metropolis","Wings","Wings","Wings received the award at the first ceremony."
"movies-medium-36","Movies","Medium","Who composed the iconic Star Wars score?","","Howard Shore","Hans Zimmer","John Williams","Ennio Morricone","John Williams","John Williams composed the saga's celebrated orchestral themes."
"movies-medium-37","Movies","Medium","Who directed Jaws?","","George Lucas","Steven Spielberg","James Cameron","Martin Scorsese","Steven Spielberg","Steven Spielberg directed the 1975 thriller."
"movies-medium-38","Movies","Medium","Which film features the kingdom of Arendelle?","","Frozen","Brave","Tangled","Moana","Frozen","Arendelle is the home of sisters Anna and Elsa in Frozen."
"movies-medium-39","Movies","Medium","What color pill does Neo take in The Matrix?","","Red","White","Blue","Green","Red","Neo chooses the red pill and learns the truth."
"movies-medium-4","Movies","Medium","Which movie series features a DeLorean time machine?","","Indiana Jones","Star Wars","Back to the Future","Terminator","Back to the Future","Doc Brown turns a DeLorean into a time machine."
"movies-medium-40","Movies","Medium","Which movie series features a DeLorean time machine?","","Indiana Jones","Star Wars","Back to the Future","Terminator","Back to the Future","Doc Brown turns a DeLorean into a time machine."
"movies-medium-41","Movies","Medium","Who is Simba's father in The Lion King?","","Scar","Rafiki","Mufasa","Timon","Mufasa","Mufasa is the king of the Pride Lands and Simba's father."
"movies-medium-42","Movies","Medium","Which actor played the title role in Rocky?","","Arnold Schwarzenegger","Bruce Willis","Tom Cruise","Sylvester Stallone","Sylvester Stallone","Sylvester Stallone wrote and starred in Rocky."
"movies-medium-43","Movies","Medium","What is the name of the cowboy in Toy Story?","","Rex","Slinky","Buzz","Woody","Woody","Sheriff Woody is Andy's favorite toy."
"movies-medium-44","Movies","Medium","Which movie includes the line about needing a bigger boat?","","Cast Away","Titanic","Jaws","Finding Nemo","Jaws","The famous reaction comes after the shark appears in Jaws."
"movies-medium-45","Movies","Medium","Which fictional metal powers Black Panther's suit?","","Adamantium","Kryptonite","Vibranium","Unobtainium","Vibranium","Wakanda's technology is built around vibranium."
"movies-medium-46","Movies","Medium","What kind of fish is Nemo?","","Blue tang","Angelfish","Goldfish","Clownfish","Clownfish","Nemo and his father Marlin are clownfish."
"movies-medium-47","Movies","Medium","Which film won the first Academy Award for Best Picture?","","The Jazz Singer","Sunrise","Metropolis","Wings","Wings","Wings received the award at the first ceremony."
"movies-medium-48","Movies","Medium","Who composed the iconic Star Wars score?","","Howard Shore","Hans Zimmer","John Williams","Ennio Morricone","John Williams","John Williams composed the saga's celebrated orchestral themes."
"movies-medium-49","Movies","Medium","Who directed Jaws?","","George Lucas","Steven Spielberg","James Cameron","Martin Scorsese","Steven Spielberg","Steven Spielberg directed the 1975 thriller."
"movies-medium-5","Movies","Medium","Who is Simba's father in The Lion King?","","Scar","Rafiki","Mufasa","Timon","Mufasa","Mufasa is the king of the Pride Lands and Simba's father."
"movies-medium-50","Movies","Medium","Which film features the kingdom of Arendelle?","","Frozen","Brave","Tangled","Moana","Frozen","Arendelle is the home of sisters Anna and Elsa in Frozen."
"movies-medium-6","Movies","Medium","Which actor played the title role in Rocky?","","Arnold Schwarzenegger","Bruce Willis","Tom Cruise","Sylvester Stallone","Sylvester Stallone","Sylvester Stallone wrote and starred in Rocky."
"movies-medium-7","Movies","Medium","What is the name of the cowboy in Toy Story?","","Rex","Slinky","Buzz","Woody","Woody","Sheriff Woody is Andy's favorite toy."
"movies-medium-8","Movies","Medium","Which movie includes the line about needing a bigger boat?","","Cast Away","Titanic","Jaws","Finding Nemo","Jaws","The famous reaction comes after the shark appears in Jaws."
"movies-medium-9","Movies","Medium","Which fictional metal powers Black Panther's suit?","","Adamantium","Kryptonite","Vibranium","Unobtainium","Vibranium","Wakanda's technology is built around vibranium."
"music-easy-1","Music","Easy","How many keys does a standard modern piano have?","","66","76","88","96","88","A standard piano keyboard has 88 keys."
"music-easy-10","Music","Easy","Reggae music originated in which country?","","Brazil","Jamaica","Nigeria","Cuba","Jamaica","Reggae developed in Jamaica during the late 1960s."
"music-easy-11","Music","Easy","Which artist released the album '21'?","","Taylor Swift","Rihanna","Adele","Beyoncé","Adele","Adele released her second studio album, 21, in 2011."
"music-easy-12","Music","Easy","What does a conductor lead?","","A recording booth","A gallery","An orchestra","A theater set","An orchestra","A conductor directs an orchestra or other musical ensemble."
"music-easy-13","Music","Easy","How many keys does a standard modern piano have?","","66","76","88","96","88","A standard piano keyboard has 88 keys."
"music-easy-14","Music","Easy","Which instrument usually has six strings?","","Guitar","Trumpet","Cello","Flute","Guitar","A standard guitar has six strings."
"music-easy-15","Music","Easy","Who is known as the King of Pop?","","Michael Jackson","Stevie Wonder","Prince","Elvis Presley","Michael Jackson","Michael Jackson became widely known as the King of Pop."
"music-easy-16","Music","Easy","Which band recorded 'Hey Jude'?","","The Beach Boys","The Beatles","Queen","ABBA","The Beatles","The Beatles released Hey Jude as a single in 1968."
"music-easy-17","Music","Easy","What is the highest common female singing voice?","","Alto","Tenor","Soprano","Baritone","Soprano","Soprano is the highest standard female vocal range."
"music-easy-18","Music","Easy","Which symbol raises a note by a semitone?","","Sharp","Rest","Clef","Flat","Sharp","A sharp raises a written note by one semitone."
"music-easy-19","Music","Easy","Which composer wrote the Fifth Symphony's famous opening motif?","","Beethoven","Chopin","Mozart","Bach","Beethoven","Ludwig van Beethoven composed Symphony No. 5."
"music-easy-2","Music","Easy","Which instrument usually has six strings?","","Guitar","Trumpet","Cello","Flute","Guitar","A standard guitar has six strings."
"music-easy-20","Music","Easy","Which instrument belongs to the woodwind family?","","Timpani","Clarinet","Violin","Trombone","Clarinet","The clarinet is a single-reed woodwind instrument."
"music-easy-21","Music","Easy","How many lines are on a standard musical staff?","","4","5","6","7","5","A standard staff consists of five horizontal lines."
"music-easy-22","Music","Easy","Reggae music originated in which country?","","Brazil","Jamaica","Nigeria","Cuba","Jamaica","Reggae developed in Jamaica during the late 1960s."
"music-easy-23","Music","Easy","Which artist released the album '21'?","","Taylor Swift","Rihanna","Adele","Beyoncé","Adele","Adele released her second studio album, 21, in 2011."
"music-easy-24","Music","Easy","What does a conductor lead?","","A recording booth","A gallery","An orchestra","A theater set","An orchestra","A conductor directs an orchestra or other musical ensemble."
"music-easy-25","Music","Easy","How many keys does a standard modern piano have?","","66","76","88","96","88","A standard piano keyboard has 88 keys."
"music-easy-26","Music","Easy","Which instrument usually has six strings?","","Guitar","Trumpet","Cello","Flute","Guitar","A standard guitar has six strings."
"music-easy-27","Music","Easy","Who is known as the King of Pop?","","Michael Jackson","Stevie Wonder","Prince","Elvis Presley","Michael Jackson","Michael Jackson became widely known as the King of Pop."
"music-easy-28","Music","Easy","Which band recorded 'Hey Jude'?","","The Beach Boys","The Beatles","Queen","ABBA","The Beatles","The Beatles released Hey Jude as a single in 1968."
"music-easy-29","Music","Easy","What is the highest common female singing voice?","","Alto","Tenor","Soprano","Baritone","Soprano","Soprano is the highest standard female vocal range."
"music-easy-3","Music","Easy","Who is known as the King of Pop?","","Michael Jackson","Stevie Wonder","Prince","Elvis Presley","Michael Jackson","Michael Jackson became widely known as the King of Pop."
"music-easy-30","Music","Easy","Which symbol raises a note by a semitone?","","Sharp","Rest","Clef","Flat","Sharp","A sharp raises a written note by one semitone."
"music-easy-31","Music","Easy","Which composer wrote the Fifth Symphony's famous opening motif?","","Beethoven","Chopin","Mozart","Bach","Beethoven","Ludwig van Beethoven composed Symphony No. 5."
"music-easy-32","Music","Easy","Which instrument belongs to the woodwind family?","","Timpani","Clarinet","Violin","Trombone","Clarinet","The clarinet is a single-reed woodwind instrument."
"music-easy-33","Music","Easy","How many lines are on a standard musical staff?","","4","5","6","7","5","A standard staff consists of five horizontal lines."
"music-easy-34","Music","Easy","Reggae music originated in which country?","","Brazil","Jamaica","Nigeria","Cuba","Jamaica","Reggae developed in Jamaica during the late 1960s."
"music-easy-35","Music","Easy","Which artist released the album '21'?","","Taylor Swift","Rihanna","Adele","Beyoncé","Adele","Adele released her second studio album, 21, in 2011."
"music-easy-36","Music","Easy","What does a conductor lead?","","A recording booth","A gallery","An orchestra","A theater set","An orchestra","A conductor directs an orchestra or other musical ensemble."
"music-easy-37","Music","Easy","How many keys does a standard modern piano have?","","66","76","88","96","88","A standard piano keyboard has 88 keys."
"music-easy-38","Music","Easy","Which instrument usually has six strings?","","Guitar","Trumpet","Cello","Flute","Guitar","A standard guitar has six strings."
"music-easy-39","Music","Easy","Who is known as the King of Pop?","","Michael Jackson","Stevie Wonder","Prince","Elvis Presley","Michael Jackson","Michael Jackson became widely known as the King of Pop."
"music-easy-4","Music","Easy","Which band recorded 'Hey Jude'?","","The Beach Boys","The Beatles","Queen","ABBA","The Beatles","The Beatles released Hey Jude as a single in 1968."
"music-easy-40","Music","Easy","Which band recorded 'Hey Jude'?","","The Beach Boys","The Beatles","Queen","ABBA","The Beatles","The Beatles released Hey Jude as a single in 1968."
"music-easy-41","Music","Easy","What is the highest common female singing voice?","","Alto","Tenor","Soprano","Baritone","Soprano","Soprano is the highest standard female vocal range."
"music-easy-42","Music","Easy","Which symbol raises a note by a semitone?","","Sharp","Rest","Clef","Flat","Sharp","A sharp raises a written note by one semitone."
"music-easy-43","Music","Easy","Which composer wrote the Fifth Symphony's famous opening motif?","","Beethoven","Chopin","Mozart","Bach","Beethoven","Ludwig van Beethoven composed Symphony No. 5."
"music-easy-44","Music","Easy","Which instrument belongs to the woodwind family?","","Timpani","Clarinet","Violin","Trombone","Clarinet","The clarinet is a single-reed woodwind instrument."
"music-easy-45","Music","Easy","How many lines are on a standard musical staff?","","4","5","6","7","5","A standard staff consists of five horizontal lines."
"music-easy-46","Music","Easy","Reggae music originated in which country?","","Brazil","Jamaica","Nigeria","Cuba","Jamaica","Reggae developed in Jamaica during the late 1960s."
"music-easy-47","Music","Easy","Which artist released the album '21'?","","Taylor Swift","Rihanna","Adele","Beyoncé","Adele","Adele released her second studio album, 21, in 2011."
"music-easy-48","Music","Easy","What does a conductor lead?","","A recording booth","A gallery","An orchestra","A theater set","An orchestra","A conductor directs an orchestra or other musical ensemble."
"music-easy-49","Music","Easy","How many keys does a standard modern piano have?","","66","76","88","96","88","A standard piano keyboard has 88 keys."
"music-easy-5","Music","Easy","What is the highest common female singing voice?","","Alto","Tenor","Soprano","Baritone","Soprano","Soprano is the highest standard female vocal range."
"music-easy-50","Music","Easy","Which instrument usually has six strings?","","Guitar","Trumpet","Cello","Flute","Guitar","A standard guitar has six strings."
"music-easy-6","Music","Easy","Which symbol raises a note by a semitone?","","Sharp","Rest","Clef","Flat","Sharp","A sharp raises a written note by one semitone."
"music-easy-7","Music","Easy","Which composer wrote the Fifth Symphony's famous opening motif?","","Beethoven","Chopin","Mozart","Bach","Beethoven","Ludwig van Beethoven composed Symphony No. 5."
"music-easy-8","Music","Easy","Which instrument belongs to the woodwind family?","","Timpani","Clarinet","Violin","Trombone","Clarinet","The clarinet is a single-reed woodwind instrument."
"music-easy-9","Music","Easy","How many lines are on a standard musical staff?","","4","5","6","7","5","A standard staff consists of five horizontal lines."
"music-hard-1","Music","Hard","How many keys does a standard modern piano have?","","66","76","88","96","88","A standard piano keyboard has 88 keys."
"music-hard-10","Music","Hard","Reggae music originated in which country?","","Brazil","Jamaica","Nigeria","Cuba","Jamaica","Reggae developed in Jamaica during the late 1960s."
"music-hard-11","Music","Hard","Which artist released the album '21'?","","Taylor Swift","Rihanna","Adele","Beyoncé","Adele","Adele released her second studio album, 21, in 2011."
"music-hard-12","Music","Hard","What does a conductor lead?","","A recording booth","A gallery","An orchestra","A theater set","An orchestra","A conductor directs an orchestra or other musical ensemble."
"music-hard-13","Music","Hard","How many keys does a standard modern piano have?","","66","76","88","96","88","A standard piano keyboard has 88 keys."
"music-hard-14","Music","Hard","Which instrument usually has six strings?","","Guitar","Trumpet","Cello","Flute","Guitar","A standard guitar has six strings."
"music-hard-15","Music","Hard","Who is known as the King of Pop?","","Michael Jackson","Stevie Wonder","Prince","Elvis Presley","Michael Jackson","Michael Jackson became widely known as the King of Pop."
"music-hard-16","Music","Hard","Which band recorded 'Hey Jude'?","","The Beach Boys","The Beatles","Queen","ABBA","The Beatles","The Beatles released Hey Jude as a single in 1968."
"music-hard-17","Music","Hard","What is the highest common female singing voice?","","Alto","Tenor","Soprano","Baritone","Soprano","Soprano is the highest standard female vocal range."
"music-hard-18","Music","Hard","Which symbol raises a note by a semitone?","","Sharp","Rest","Clef","Flat","Sharp","A sharp raises a written note by one semitone."
"music-hard-19","Music","Hard","Which composer wrote the Fifth Symphony's famous opening motif?","","Beethoven","Chopin","Mozart","Bach","Beethoven","Ludwig van Beethoven composed Symphony No. 5."
"music-hard-2","Music","Hard","Which instrument usually has six strings?","","Guitar","Trumpet","Cello","Flute","Guitar","A standard guitar has six strings."
"music-hard-20","Music","Hard","Which instrument belongs to the woodwind family?","","Timpani","Clarinet","Violin","Trombone","Clarinet","The clarinet is a single-reed woodwind instrument."
"music-hard-21","Music","Hard","How many lines are on a standard musical staff?","","4","5","6","7","5","A standard staff consists of five horizontal lines."
"music-hard-22","Music","Hard","Reggae music originated in which country?","","Brazil","Jamaica","Nigeria","Cuba","Jamaica","Reggae developed in Jamaica during the late 1960s."
"music-hard-23","Music","Hard","Which artist released the album '21'?","","Taylor Swift","Rihanna","Adele","Beyoncé","Adele","Adele released her second studio album, 21, in 2011."
"music-hard-24","Music","Hard","What does a conductor lead?","","A recording booth","A gallery","An orchestra","A theater set","An orchestra","A conductor directs an orchestra or other musical ensemble."
"music-hard-25","Music","Hard","How many keys does a standard modern piano have?","","66","76","88","96","88","A standard piano keyboard has 88 keys."
"music-hard-26","Music","Hard","Which instrument usually has six strings?","","Guitar","Trumpet","Cello","Flute","Guitar","A standard guitar has six strings."
"music-hard-27","Music","Hard","Who is known as the King of Pop?","","Michael Jackson","Stevie Wonder","Prince","Elvis Presley","Michael Jackson","Michael Jackson became widely known as the King of Pop."
"music-hard-28","Music","Hard","Which band recorded 'Hey Jude'?","","The Beach Boys","The Beatles","Queen","ABBA","The Beatles","The Beatles released Hey Jude as a single in 1968."
"music-hard-29","Music","Hard","What is the highest common female singing voice?","","Alto","Tenor","Soprano","Baritone","Soprano","Soprano is the highest standard female vocal range."
"music-hard-3","Music","Hard","Who is known as the King of Pop?","","Michael Jackson","Stevie Wonder","Prince","Elvis Presley","Michael Jackson","Michael Jackson became widely known as the King of Pop."
"music-hard-30","Music","Hard","Which symbol raises a note by a semitone?","","Sharp","Rest","Clef","Flat","Sharp","A sharp raises a written note by one semitone."
"music-hard-31","Music","Hard","Which composer wrote the Fifth Symphony's famous opening motif?","","Beethoven","Chopin","Mozart","Bach","Beethoven","Ludwig van Beethoven composed Symphony No. 5."
"music-hard-32","Music","Hard","Which instrument belongs to the woodwind family?","","Timpani","Clarinet","Violin","Trombone","Clarinet","The clarinet is a single-reed woodwind instrument."
"music-hard-33","Music","Hard","How many lines are on a standard musical staff?","","4","5","6","7","5","A standard staff consists of five horizontal lines."
"music-hard-34","Music","Hard","Reggae music originated in which country?","","Brazil","Jamaica","Nigeria","Cuba","Jamaica","Reggae developed in Jamaica during the late 1960s."
"music-hard-35","Music","Hard","Which artist released the album '21'?","","Taylor Swift","Rihanna","Adele","Beyoncé","Adele","Adele released her second studio album, 21, in 2011."
"music-hard-36","Music","Hard","What does a conductor lead?","","A recording booth","A gallery","An orchestra","A theater set","An orchestra","A conductor directs an orchestra or other musical ensemble."
"music-hard-37","Music","Hard","How many keys does a standard modern piano have?","","66","76","88","96","88","A standard piano keyboard has 88 keys."
"music-hard-38","Music","Hard","Which instrument usually has six strings?","","Guitar","Trumpet","Cello","Flute","Guitar","A standard guitar has six strings."
"music-hard-39","Music","Hard","Who is known as the King of Pop?","","Michael Jackson","Stevie Wonder","Prince","Elvis Presley","Michael Jackson","Michael Jackson became widely known as the King of Pop."
"music-hard-4","Music","Hard","Which band recorded 'Hey Jude'?","","The Beach Boys","The Beatles","Queen","ABBA","The Beatles","The Beatles released Hey Jude as a single in 1968."
"music-hard-40","Music","Hard","Which band recorded 'Hey Jude'?","","The Beach Boys","The Beatles","Queen","ABBA","The Beatles","The Beatles released Hey Jude as a single in 1968."
"music-hard-41","Music","Hard","What is the highest common female singing voice?","","Alto","Tenor","Soprano","Baritone","Soprano","Soprano is the highest standard female vocal range."
"music-hard-42","Music","Hard","Which symbol raises a note by a semitone?","","Sharp","Rest","Clef","Flat","Sharp","A sharp raises a written note by one semitone."
"music-hard-43","Music","Hard","Which composer wrote the Fifth Symphony's famous opening motif?","","Beethoven","Chopin","Mozart","Bach","Beethoven","Ludwig van Beethoven composed Symphony No. 5."
"music-hard-44","Music","Hard","Which instrument belongs to the woodwind family?","","Timpani","Clarinet","Violin","Trombone","Clarinet","The clarinet is a single-reed woodwind instrument."
"music-hard-45","Music","Hard","How many lines are on a standard musical staff?","","4","5","6","7","5","A standard staff consists of five horizontal lines."
"music-hard-46","Music","Hard","Reggae music originated in which country?","","Brazil","Jamaica","Nigeria","Cuba","Jamaica","Reggae developed in Jamaica during the late 1960s."
"music-hard-47","Music","Hard","Which artist released the album '21'?","","Taylor Swift","Rihanna","Adele","Beyoncé","Adele","Adele released her second studio album, 21, in 2011."
"music-hard-48","Music","Hard","What does a conductor lead?","","A recording booth","A gallery","An orchestra","A theater set","An orchestra","A conductor directs an orchestra or other musical ensemble."
"music-hard-49","Music","Hard","How many keys does a standard modern piano have?","","66","76","88","96","88","A standard piano keyboard has 88 keys."
"music-hard-5","Music","Hard","What is the highest common female singing voice?","","Alto","Tenor","Soprano","Baritone","Soprano","Soprano is the highest standard female vocal range."
"music-hard-50","Music","Hard","Which instrument usually has six strings?","","Guitar","Trumpet","Cello","Flute","Guitar","A standard guitar has six strings."
"music-hard-6","Music","Hard","Which symbol raises a note by a semitone?","","Sharp","Rest","Clef","Flat","Sharp","A sharp raises a written note by one semitone."
"music-hard-7","Music","Hard","Which composer wrote the Fifth Symphony's famous opening motif?","","Beethoven","Chopin","Mozart","Bach","Beethoven","Ludwig van Beethoven composed Symphony No. 5."
"music-hard-8","Music","Hard","Which instrument belongs to the woodwind family?","","Timpani","Clarinet","Violin","Trombone","Clarinet","The clarinet is a single-reed woodwind instrument."
"music-hard-9","Music","Hard","How many lines are on a standard musical staff?","","4","5","6","7","5","A standard staff consists of five horizontal lines."
"music-medium-1","Music","Medium","How many keys does a standard modern piano have?","","66","76","88","96","88","A standard piano keyboard has 88 keys."
"music-medium-10","Music","Medium","Reggae music originated in which country?","","Brazil","Jamaica","Nigeria","Cuba","Jamaica","Reggae developed in Jamaica during the late 1960s."
"music-medium-11","Music","Medium","Which artist released the album '21'?","","Taylor Swift","Rihanna","Adele","Beyoncé","Adele","Adele released her second studio album, 21, in 2011."
"music-medium-12","Music","Medium","What does a conductor lead?","","A recording booth","A gallery","An orchestra","A theater set","An orchestra","A conductor directs an orchestra or other musical ensemble."
"music-medium-13","Music","Medium","How many keys does a standard modern piano have?","","66","76","88","96","88","A standard piano keyboard has 88 keys."
"music-medium-14","Music","Medium","Which instrument usually has six strings?","","Guitar","Trumpet","Cello","Flute","Guitar","A standard guitar has six strings."
"music-medium-15","Music","Medium","Who is known as the King of Pop?","","Michael Jackson","Stevie Wonder","Prince","Elvis Presley","Michael Jackson","Michael Jackson became widely known as the King of Pop."
"music-medium-16","Music","Medium","Which band recorded 'Hey Jude'?","","The Beach Boys","The Beatles","Queen","ABBA","The Beatles","The Beatles released Hey Jude as a single in 1968."
"music-medium-17","Music","Medium","What is the highest common female singing voice?","","Alto","Tenor","Soprano","Baritone","Soprano","Soprano is the highest standard female vocal range."
"music-medium-18","Music","Medium","Which symbol raises a note by a semitone?","","Sharp","Rest","Clef","Flat","Sharp","A sharp raises a written note by one semitone."
"music-medium-19","Music","Medium","Which composer wrote the Fifth Symphony's famous opening motif?","","Beethoven","Chopin","Mozart","Bach","Beethoven","Ludwig van Beethoven composed Symphony No. 5."
"music-medium-2","Music","Medium","Which instrument usually has six strings?","","Guitar","Trumpet","Cello","Flute","Guitar","A standard guitar has six strings."
"music-medium-20","Music","Medium","Which instrument belongs to the woodwind family?","","Timpani","Clarinet","Violin","Trombone","Clarinet","The clarinet is a single-reed woodwind instrument."
"music-medium-21","Music","Medium","How many lines are on a standard musical staff?","","4","5","6","7","5","A standard staff consists of five horizontal lines."
"music-medium-22","Music","Medium","Reggae music originated in which country?","","Brazil","Jamaica","Nigeria","Cuba","Jamaica","Reggae developed in Jamaica during the late 1960s."
"music-medium-23","Music","Medium","Which artist released the album '21'?","","Taylor Swift","Rihanna","Adele","Beyoncé","Adele","Adele released her second studio album, 21, in 2011."
"music-medium-24","Music","Medium","What does a conductor lead?","","A recording booth","A gallery","An orchestra","A theater set","An orchestra","A conductor directs an orchestra or other musical ensemble."
"music-medium-25","Music","Medium","How many keys does a standard modern piano have?","","66","76","88","96","88","A standard piano keyboard has 88 keys."
"music-medium-26","Music","Medium","Which instrument usually has six strings?","","Guitar","Trumpet","Cello","Flute","Guitar","A standard guitar has six strings."
"music-medium-27","Music","Medium","Who is known as the King of Pop?","","Michael Jackson","Stevie Wonder","Prince","Elvis Presley","Michael Jackson","Michael Jackson became widely known as the King of Pop."
"music-medium-28","Music","Medium","Which band recorded 'Hey Jude'?","","The Beach Boys","The Beatles","Queen","ABBA","The Beatles","The Beatles released Hey Jude as a single in 1968."
"music-medium-29","Music","Medium","What is the highest common female singing voice?","","Alto","Tenor","Soprano","Baritone","Soprano","Soprano is the highest standard female vocal range."
"music-medium-3","Music","Medium","Who is known as the King of Pop?","","Michael Jackson","Stevie Wonder","Prince","Elvis Presley","Michael Jackson","Michael Jackson became widely known as the King of Pop."
"music-medium-30","Music","Medium","Which symbol raises a note by a semitone?","","Sharp","Rest","Clef","Flat","Sharp","A sharp raises a written note by one semitone."
"music-medium-31","Music","Medium","Which composer wrote the Fifth Symphony's famous opening motif?","","Beethoven","Chopin","Mozart","Bach","Beethoven","Ludwig van Beethoven composed Symphony No. 5."
"music-medium-32","Music","Medium","Which instrument belongs to the woodwind family?","","Timpani","Clarinet","Violin","Trombone","Clarinet","The clarinet is a single-reed woodwind instrument."
"music-medium-33","Music","Medium","How many lines are on a standard musical staff?","","4","5","6","7","5","A standard staff consists of five horizontal lines."
"music-medium-34","Music","Medium","Reggae music originated in which country?","","Brazil","Jamaica","Nigeria","Cuba","Jamaica","Reggae developed in Jamaica during the late 1960s."
"music-medium-35","Music","Medium","Which artist released the album '21'?","","Taylor Swift","Rihanna","Adele","Beyoncé","Adele","Adele released her second studio album, 21, in 2011."
"music-medium-36","Music","Medium","What does a conductor lead?","","A recording booth","A gallery","An orchestra","A theater set","An orchestra","A conductor directs an orchestra or other musical ensemble."
"music-medium-37","Music","Medium","How many keys does a standard modern piano have?","","66","76","88","96","88","A standard piano keyboard has 88 keys."
"music-medium-38","Music","Medium","Which instrument usually has six strings?","","Guitar","Trumpet","Cello","Flute","Guitar","A standard guitar has six strings."
"music-medium-39","Music","Medium","Who is known as the King of Pop?","","Michael Jackson","Stevie Wonder","Prince","Elvis Presley","Michael Jackson","Michael Jackson became widely known as the King of Pop."
"music-medium-4","Music","Medium","Which band recorded 'Hey Jude'?","","The Beach Boys","The Beatles","Queen","ABBA","The Beatles","The Beatles released Hey Jude as a single in 1968."
"music-medium-40","Music","Medium","Which band recorded 'Hey Jude'?","","The Beach Boys","The Beatles","Queen","ABBA","The Beatles","The Beatles released Hey Jude as a single in 1968."
"music-medium-41","Music","Medium","What is the highest common female singing voice?","","Alto","Tenor","Soprano","Baritone","Soprano","Soprano is the highest standard female vocal range."
"music-medium-42","Music","Medium","Which symbol raises a note by a semitone?","","Sharp","Rest","Clef","Flat","Sharp","A sharp raises a written note by one semitone."
"music-medium-43","Music","Medium","Which composer wrote the Fifth Symphony's famous opening motif?","","Beethoven","Chopin","Mozart","Bach","Beethoven","Ludwig van Beethoven composed Symphony No. 5."
"music-medium-44","Music","Medium","Which instrument belongs to the woodwind family?","","Timpani","Clarinet","Violin","Trombone","Clarinet","The clarinet is a single-reed woodwind instrument."
"music-medium-45","Music","Medium","How many lines are on a standard musical staff?","","4","5","6","7","5","A standard staff consists of five horizontal lines."
"music-medium-46","Music","Medium","Reggae music originated in which country?","","Brazil","Jamaica","Nigeria","Cuba","Jamaica","Reggae developed in Jamaica during the late 1960s."
"music-medium-47","Music","Medium","Which artist released the album '21'?","","Taylor Swift","Rihanna","Adele","Beyoncé","Adele","Adele released her second studio album, 21, in 2011."
"music-medium-48","Music","Medium","What does a conductor lead?","","A recording booth","A gallery","An orchestra","A theater set","An orchestra","A conductor directs an orchestra or other musical ensemble."
"music-medium-49","Music","Medium","How many keys does a standard modern piano have?","","66","76","88","96","88","A standard piano keyboard has 88 keys."
"music-medium-5","Music","Medium","What is the highest common female singing voice?","","Alto","Tenor","Soprano","Baritone","Soprano","Soprano is the highest standard female vocal range."
"music-medium-50","Music","Medium","Which instrument usually has six strings?","","Guitar","Trumpet","Cello","Flute","Guitar","A standard guitar has six strings."
"music-medium-6","Music","Medium","Which symbol raises a note by a semitone?","","Sharp","Rest","Clef","Flat","Sharp","A sharp raises a written note by one semitone."
"music-medium-7","Music","Medium","Which composer wrote the Fifth Symphony's famous opening motif?","","Beethoven","Chopin","Mozart","Bach","Beethoven","Ludwig van Beethoven composed Symphony No. 5."
"music-medium-8","Music","Medium","Which instrument belongs to the woodwind family?","","Timpani","Clarinet","Violin","Trombone","Clarinet","The clarinet is a single-reed woodwind instrument."
"music-medium-9","Music","Medium","How many lines are on a standard musical staff?","","4","5","6","7","5","A standard staff consists of five horizontal lines."
"science-easy-1","Science","Easy","What planet is known as the Red Planet?","","Venus","Mars","Jupiter","Mercury","Mars","Iron minerals in Martian soil give Mars its reddish color."
"science-easy-10","Science","Easy","What is Earth's natural satellite?","","The Moon","Europa","Phobos","Titan","The Moon","The Moon is Earth's only natural satellite."
"science-easy-11","Science","Easy","What is the hardest natural material?","","Diamond","Granite","Quartz","Iron","Diamond","Diamond ranks 10 on the Mohs hardness scale."
"science-easy-12","Science","Easy","Which particle has a negative charge?","","Photon","Proton","Neutron","Electron","Electron","Electrons carry negative electric charge."
"science-easy-13","Science","Easy","What planet is known as the Red Planet?","","Venus","Mars","Jupiter","Mercury","Mars","Iron minerals in Martian soil give Mars its reddish color."
"science-easy-14","Science","Easy","What is the chemical symbol for gold?","","Gd","Au","Go","Ag","Au","Au comes from the Latin word aurum."
"science-easy-15","Science","Easy","How many bones are in a typical adult human body?","","226","256","186","206","206","Most adults have 206 bones."
"science-easy-16","Science","Easy","What gas do plants absorb during photosynthesis?","","Carbon dioxide","Oxygen","Nitrogen","Hydrogen","Carbon dioxide","Plants use carbon dioxide and release oxygen."
"science-easy-17","Science","Easy","What is the largest planet in our solar system?","","Saturn","Earth","Jupiter","Neptune","Jupiter","Jupiter is more massive than all other planets combined."
"science-easy-18","Science","Easy","At sea level, water boils at what Celsius temperature?","","100°","110°","212°","90°","100°","At standard pressure, water boils at 100°C."
"science-easy-19","Science","Easy","What force keeps planets in orbit?","","Gravity","Electricity","Magnetism","Friction","Gravity","Gravity attracts planets toward the Sun while they move forward."
"science-easy-2","Science","Easy","What is the chemical symbol for gold?","","Gd","Au","Go","Ag","Au","Au comes from the Latin word aurum."
"science-easy-20","Science","Easy","What is the center of an atom called?","","Core beam","Nucleus","Orbit","Cell","Nucleus","The nucleus contains protons and neutrons."
"science-easy-21","Science","Easy","Which organ pumps blood through the body?","","Liver","Lung","Heart","Kidney","Heart","The heart drives blood through the circulatory system."
"science-easy-22","Science","Easy","What is Earth's natural satellite?","","The Moon","Europa","Phobos","Titan","The Moon","The Moon is Earth's only natural satellite."
"science-easy-23","Science","Easy","What is the hardest natural material?","","Diamond","Granite","Quartz","Iron","Diamond","Diamond ranks 10 on the Mohs hardness scale."
"science-easy-24","Science","Easy","Which particle has a negative charge?","","Photon","Proton","Neutron","Electron","Electron","Electrons carry negative electric charge."
"science-easy-25","Science","Easy","What planet is known as the Red Planet?","","Venus","Mars","Jupiter","Mercury","Mars","Iron minerals in Martian soil give Mars its reddish color."
"science-easy-26","Science","Easy","What is the chemical symbol for gold?","","Gd","Au","Go","Ag","Au","Au comes from the Latin word aurum."
"science-easy-27","Science","Easy","How many bones are in a typical adult human body?","","226","256","186","206","206","Most adults have 206 bones."
"science-easy-28","Science","Easy","What gas do plants absorb during photosynthesis?","","Carbon dioxide","Oxygen","Nitrogen","Hydrogen","Carbon dioxide","Plants use carbon dioxide and release oxygen."
"science-easy-29","Science","Easy","What is the largest planet in our solar system?","","Saturn","Earth","Jupiter","Neptune","Jupiter","Jupiter is more massive than all other planets combined."
"science-easy-3","Science","Easy","How many bones are in a typical adult human body?","","226","256","186","206","206","Most adults have 206 bones."
"science-easy-30","Science","Easy","At sea level, water boils at what Celsius temperature?","","100°","110°","212°","90°","100°","At standard pressure, water boils at 100°C."
"science-easy-31","Science","Easy","What force keeps planets in orbit?","","Gravity","Electricity","Magnetism","Friction","Gravity","Gravity attracts planets toward the Sun while they move forward."
"science-easy-32","Science","Easy","What is the center of an atom called?","","Core beam","Nucleus","Orbit","Cell","Nucleus","The nucleus contains protons and neutrons."
"science-easy-33","Science","Easy","Which organ pumps blood through the body?","","Liver","Lung","Heart","Kidney","Heart","The heart drives blood through the circulatory system."
"science-easy-34","Science","Easy","What is Earth's natural satellite?","","The Moon","Europa","Phobos","Titan","The Moon","The Moon is Earth's only natural satellite."
"science-easy-35","Science","Easy","What is the hardest natural material?","","Diamond","Granite","Quartz","Iron","Diamond","Diamond ranks 10 on the Mohs hardness scale."
"science-easy-36","Science","Easy","Which particle has a negative charge?","","Photon","Proton","Neutron","Electron","Electron","Electrons carry negative electric charge."
"science-easy-37","Science","Easy","What planet is known as the Red Planet?","","Venus","Mars","Jupiter","Mercury","Mars","Iron minerals in Martian soil give Mars its reddish color."
"science-easy-38","Science","Easy","What is the chemical symbol for gold?","","Gd","Au","Go","Ag","Au","Au comes from the Latin word aurum."
"science-easy-39","Science","Easy","How many bones are in a typical adult human body?","","226","256","186","206","206","Most adults have 206 bones."
"science-easy-4","Science","Easy","What gas do plants absorb during photosynthesis?","","Carbon dioxide","Oxygen","Nitrogen","Hydrogen","Carbon dioxide","Plants use carbon dioxide and release oxygen."
"science-easy-40","Science","Easy","What gas do plants absorb during photosynthesis?","","Carbon dioxide","Oxygen","Nitrogen","Hydrogen","Carbon dioxide","Plants use carbon dioxide and release oxygen."
"science-easy-41","Science","Easy","What is the largest planet in our solar system?","","Saturn","Earth","Jupiter","Neptune","Jupiter","Jupiter is more massive than all other planets combined."
"science-easy-42","Science","Easy","At sea level, water boils at what Celsius temperature?","","100°","110°","212°","90°","100°","At standard pressure, water boils at 100°C."
"science-easy-43","Science","Easy","What force keeps planets in orbit?","","Gravity","Electricity","Magnetism","Friction","Gravity","Gravity attracts planets toward the Sun while they move forward."
"science-easy-44","Science","Easy","What is the center of an atom called?","","Core beam","Nucleus","Orbit","Cell","Nucleus","The nucleus contains protons and neutrons."
"science-easy-45","Science","Easy","Which organ pumps blood through the body?","","Liver","Lung","Heart","Kidney","Heart","The heart drives blood through the circulatory system."
"science-easy-46","Science","Easy","What is Earth's natural satellite?","","The Moon","Europa","Phobos","Titan","The Moon","The Moon is Earth's only natural satellite."
"science-easy-47","Science","Easy","What is the hardest natural material?","","Diamond","Granite","Quartz","Iron","Diamond","Diamond ranks 10 on the Mohs hardness scale."
"science-easy-48","Science","Easy","Which particle has a negative charge?","","Photon","Proton","Neutron","Electron","Electron","Electrons carry negative electric charge."
"science-easy-49","Science","Easy","What planet is known as the Red Planet?","","Venus","Mars","Jupiter","Mercury","Mars","Iron minerals in Martian soil give Mars its reddish color."
"science-easy-5","Science","Easy","What is the largest planet in our solar system?","","Saturn","Earth","Jupiter","Neptune","Jupiter","Jupiter is more massive than all other planets combined."
"science-easy-50","Science","Easy","What is the chemical symbol for gold?","","Gd","Au","Go","Ag","Au","Au comes from the Latin word aurum."
"science-easy-6","Science","Easy","At sea level, water boils at what Celsius temperature?","","100°","110°","212°","90°","100°","At standard pressure, water boils at 100°C."
"science-easy-7","Science","Easy","What force keeps planets in orbit?","","Gravity","Electricity","Magnetism","Friction","Gravity","Gravity attracts planets toward the Sun while they move forward."
"science-easy-8","Science","Easy","What is the center of an atom called?","","Core beam","Nucleus","Orbit","Cell","Nucleus","The nucleus contains protons and neutrons."
"science-easy-9","Science","Easy","Which organ pumps blood through the body?","","Liver","Lung","Heart","Kidney","Heart","The heart drives blood through the circulatory system."
"science-hard-1","Science","Hard","What planet is known as the Red Planet?","","Venus","Mars","Jupiter","Mercury","Mars","Iron minerals in Martian soil give Mars its reddish color."
"science-hard-10","Science","Hard","What is Earth's natural satellite?","","The Moon","Europa","Phobos","Titan","The Moon","The Moon is Earth's only natural satellite."
"science-hard-11","Science","Hard","What is the hardest natural material?","","Diamond","Granite","Quartz","Iron","Diamond","Diamond ranks 10 on the Mohs hardness scale."
"science-hard-12","Science","Hard","Which particle has a negative charge?","","Photon","Proton","Neutron","Electron","Electron","Electrons carry negative electric charge."
"science-hard-13","Science","Hard","What planet is known as the Red Planet?","","Venus","Mars","Jupiter","Mercury","Mars","Iron minerals in Martian soil give Mars its reddish color."
"science-hard-14","Science","Hard","What is the chemical symbol for gold?","","Gd","Au","Go","Ag","Au","Au comes from the Latin word aurum."
"science-hard-15","Science","Hard","How many bones are in a typical adult human body?","","226","256","186","206","206","Most adults have 206 bones."
"science-hard-16","Science","Hard","What gas do plants absorb during photosynthesis?","","Carbon dioxide","Oxygen","Nitrogen","Hydrogen","Carbon dioxide","Plants use carbon dioxide and release oxygen."
"science-hard-17","Science","Hard","What is the largest planet in our solar system?","","Saturn","Earth","Jupiter","Neptune","Jupiter","Jupiter is more massive than all other planets combined."
"science-hard-18","Science","Hard","At sea level, water boils at what Celsius temperature?","","100°","110°","212°","90°","100°","At standard pressure, water boils at 100°C."
"science-hard-19","Science","Hard","What force keeps planets in orbit?","","Gravity","Electricity","Magnetism","Friction","Gravity","Gravity attracts planets toward the Sun while they move forward."
"science-hard-2","Science","Hard","What is the chemical symbol for gold?","","Gd","Au","Go","Ag","Au","Au comes from the Latin word aurum."
"science-hard-20","Science","Hard","What is the center of an atom called?","","Core beam","Nucleus","Orbit","Cell","Nucleus","The nucleus contains protons and neutrons."
"science-hard-21","Science","Hard","Which organ pumps blood through the body?","","Liver","Lung","Heart","Kidney","Heart","The heart drives blood through the circulatory system."
"science-hard-22","Science","Hard","What is Earth's natural satellite?","","The Moon","Europa","Phobos","Titan","The Moon","The Moon is Earth's only natural satellite."
"science-hard-23","Science","Hard","What is the hardest natural material?","","Diamond","Granite","Quartz","Iron","Diamond","Diamond ranks 10 on the Mohs hardness scale."
"science-hard-24","Science","Hard","Which particle has a negative charge?","","Photon","Proton","Neutron","Electron","Electron","Electrons carry negative electric charge."
"science-hard-25","Science","Hard","What planet is known as the Red Planet?","","Venus","Mars","Jupiter","Mercury","Mars","Iron minerals in Martian soil give Mars its reddish color."
"science-hard-26","Science","Hard","What is the chemical symbol for gold?","","Gd","Au","Go","Ag","Au","Au comes from the Latin word aurum."
"science-hard-27","Science","Hard","How many bones are in a typical adult human body?","","226","256","186","206","206","Most adults have 206 bones."
"science-hard-28","Science","Hard","What gas do plants absorb during photosynthesis?","","Carbon dioxide","Oxygen","Nitrogen","Hydrogen","Carbon dioxide","Plants use carbon dioxide and release oxygen."
"science-hard-29","Science","Hard","What is the largest planet in our solar system?","","Saturn","Earth","Jupiter","Neptune","Jupiter","Jupiter is more massive than all other planets combined."
"science-hard-3","Science","Hard","How many bones are in a typical adult human body?","","226","256","186","206","206","Most adults have 206 bones."
"science-hard-30","Science","Hard","At sea level, water boils at what Celsius temperature?","","100°","110°","212°","90°","100°","At standard pressure, water boils at 100°C."
"science-hard-31","Science","Hard","What force keeps planets in orbit?","","Gravity","Electricity","Magnetism","Friction","Gravity","Gravity attracts planets toward the Sun while they move forward."
"science-hard-32","Science","Hard","What is the center of an atom called?","","Core beam","Nucleus","Orbit","Cell","Nucleus","The nucleus contains protons and neutrons."
"science-hard-33","Science","Hard","Which organ pumps blood through the body?","","Liver","Lung","Heart","Kidney","Heart","The heart drives blood through the circulatory system."
"science-hard-34","Science","Hard","What is Earth's natural satellite?","","The Moon","Europa","Phobos","Titan","The Moon","The Moon is Earth's only natural satellite."
"science-hard-35","Science","Hard","What is the hardest natural material?","","Diamond","Granite","Quartz","Iron","Diamond","Diamond ranks 10 on the Mohs hardness scale."
"science-hard-36","Science","Hard","Which particle has a negative charge?","","Photon","Proton","Neutron","Electron","Electron","Electrons carry negative electric charge."
"science-hard-37","Science","Hard","What planet is known as the Red Planet?","","Venus","Mars","Jupiter","Mercury","Mars","Iron minerals in Martian soil give Mars its reddish color."
"science-hard-38","Science","Hard","What is the chemical symbol for gold?","","Gd","Au","Go","Ag","Au","Au comes from the Latin word aurum."
"science-hard-39","Science","Hard","How many bones are in a typical adult human body?","","226","256","186","206","206","Most adults have 206 bones."
"science-hard-4","Science","Hard","What gas do plants absorb during photosynthesis?","","Carbon dioxide","Oxygen","Nitrogen","Hydrogen","Carbon dioxide","Plants use carbon dioxide and release oxygen."
"science-hard-40","Science","Hard","What gas do plants absorb during photosynthesis?","","Carbon dioxide","Oxygen","Nitrogen","Hydrogen","Carbon dioxide","Plants use carbon dioxide and release oxygen."
"science-hard-41","Science","Hard","What is the largest planet in our solar system?","","Saturn","Earth","Jupiter","Neptune","Jupiter","Jupiter is more massive than all other planets combined."
"science-hard-42","Science","Hard","At sea level, water boils at what Celsius temperature?","","100°","110°","212°","90°","100°","At standard pressure, water boils at 100°C."
"science-hard-43","Science","Hard","What force keeps planets in orbit?","","Gravity","Electricity","Magnetism","Friction","Gravity","Gravity attracts planets toward the Sun while they move forward."
"science-hard-44","Science","Hard","What is the center of an atom called?","","Core beam","Nucleus","Orbit","Cell","Nucleus","The nucleus contains protons and neutrons."
"science-hard-45","Science","Hard","Which organ pumps blood through the body?","","Liver","Lung","Heart","Kidney","Heart","The heart drives blood through the circulatory system."
"science-hard-46","Science","Hard","What is Earth's natural satellite?","","The Moon","Europa","Phobos","Titan","The Moon","The Moon is Earth's only natural satellite."
"science-hard-47","Science","Hard","What is the hardest natural material?","","Diamond","Granite","Quartz","Iron","Diamond","Diamond ranks 10 on the Mohs hardness scale."
"science-hard-48","Science","Hard","Which particle has a negative charge?","","Photon","Proton","Neutron","Electron","Electron","Electrons carry negative electric charge."
"science-hard-49","Science","Hard","What planet is known as the Red Planet?","","Venus","Mars","Jupiter","Mercury","Mars","Iron minerals in Martian soil give Mars its reddish color."
"science-hard-5","Science","Hard","What is the largest planet in our solar system?","","Saturn","Earth","Jupiter","Neptune","Jupiter","Jupiter is more massive than all other planets combined."
"science-hard-50","Science","Hard","What is the chemical symbol for gold?","","Gd","Au","Go","Ag","Au","Au comes from the Latin word aurum."
"science-hard-6","Science","Hard","At sea level, water boils at what Celsius temperature?","","100°","110°","212°","90°","100°","At standard pressure, water boils at 100°C."
"science-hard-7","Science","Hard","What force keeps planets in orbit?","","Gravity","Electricity","Magnetism","Friction","Gravity","Gravity attracts planets toward the Sun while they move forward."
"science-hard-8","Science","Hard","What is the center of an atom called?","","Core beam","Nucleus","Orbit","Cell","Nucleus","The nucleus contains protons and neutrons."
"science-hard-9","Science","Hard","Which organ pumps blood through the body?","","Liver","Lung","Heart","Kidney","Heart","The heart drives blood through the circulatory system."
"science-medium-1","Science","Medium","What planet is known as the Red Planet?","","Venus","Mars","Jupiter","Mercury","Mars","Iron minerals in Martian soil give Mars its reddish color."
"science-medium-10","Science","Medium","What is Earth's natural satellite?","","The Moon","Europa","Phobos","Titan","The Moon","The Moon is Earth's only natural satellite."
"science-medium-11","Science","Medium","What is the hardest natural material?","","Diamond","Granite","Quartz","Iron","Diamond","Diamond ranks 10 on the Mohs hardness scale."
"science-medium-12","Science","Medium","Which particle has a negative charge?","","Photon","Proton","Neutron","Electron","Electron","Electrons carry negative electric charge."
"science-medium-13","Science","Medium","What planet is known as the Red Planet?","","Venus","Mars","Jupiter","Mercury","Mars","Iron minerals in Martian soil give Mars its reddish color."
"science-medium-14","Science","Medium","What is the chemical symbol for gold?","","Gd","Au","Go","Ag","Au","Au comes from the Latin word aurum."
"science-medium-15","Science","Medium","How many bones are in a typical adult human body?","","226","256","186","206","206","Most adults have 206 bones."
"science-medium-16","Science","Medium","What gas do plants absorb during photosynthesis?","","Carbon dioxide","Oxygen","Nitrogen","Hydrogen","Carbon dioxide","Plants use carbon dioxide and release oxygen."
"science-medium-17","Science","Medium","What is the largest planet in our solar system?","","Saturn","Earth","Jupiter","Neptune","Jupiter","Jupiter is more massive than all other planets combined."
"science-medium-18","Science","Medium","At sea level, water boils at what Celsius temperature?","","100°","110°","212°","90°","100°","At standard pressure, water boils at 100°C."
"science-medium-19","Science","Medium","What force keeps planets in orbit?","","Gravity","Electricity","Magnetism","Friction","Gravity","Gravity attracts planets toward the Sun while they move forward."
"science-medium-2","Science","Medium","What is the chemical symbol for gold?","","Gd","Au","Go","Ag","Au","Au comes from the Latin word aurum."
"science-medium-20","Science","Medium","What is the center of an atom called?","","Core beam","Nucleus","Orbit","Cell","Nucleus","The nucleus contains protons and neutrons."
"science-medium-21","Science","Medium","Which organ pumps blood through the body?","","Liver","Lung","Heart","Kidney","Heart","The heart drives blood through the circulatory system."
"science-medium-22","Science","Medium","What is Earth's natural satellite?","","The Moon","Europa","Phobos","Titan","The Moon","The Moon is Earth's only natural satellite."
"science-medium-23","Science","Medium","What is the hardest natural material?","","Diamond","Granite","Quartz","Iron","Diamond","Diamond ranks 10 on the Mohs hardness scale."
"science-medium-24","Science","Medium","Which particle has a negative charge?","","Photon","Proton","Neutron","Electron","Electron","Electrons carry negative electric charge."
"science-medium-25","Science","Medium","What planet is known as the Red Planet?","","Venus","Mars","Jupiter","Mercury","Mars","Iron minerals in Martian soil give Mars its reddish color."
"science-medium-26","Science","Medium","What is the chemical symbol for gold?","","Gd","Au","Go","Ag","Au","Au comes from the Latin word aurum."
"science-medium-27","Science","Medium","How many bones are in a typical adult human body?","","226","256","186","206","206","Most adults have 206 bones."
"science-medium-28","Science","Medium","What gas do plants absorb during photosynthesis?","","Carbon dioxide","Oxygen","Nitrogen","Hydrogen","Carbon dioxide","Plants use carbon dioxide and release oxygen."
"science-medium-29","Science","Medium","What is the largest planet in our solar system?","","Saturn","Earth","Jupiter","Neptune","Jupiter","Jupiter is more massive than all other planets combined."
"science-medium-3","Science","Medium","How many bones are in a typical adult human body?","","226","256","186","206","206","Most adults have 206 bones."
"science-medium-30","Science","Medium","At sea level, water boils at what Celsius temperature?","","100°","110°","212°","90°","100°","At standard pressure, water boils at 100°C."
"science-medium-31","Science","Medium","What force keeps planets in orbit?","","Gravity","Electricity","Magnetism","Friction","Gravity","Gravity attracts planets toward the Sun while they move forward."
"science-medium-32","Science","Medium","What is the center of an atom called?","","Core beam","Nucleus","Orbit","Cell","Nucleus","The nucleus contains protons and neutrons."
"science-medium-33","Science","Medium","Which organ pumps blood through the body?","","Liver","Lung","Heart","Kidney","Heart","The heart drives blood through the circulatory system."
"science-medium-34","Science","Medium","What is Earth's natural satellite?","","The Moon","Europa","Phobos","Titan","The Moon","The Moon is Earth's only natural satellite."
"science-medium-35","Science","Medium","What is the hardest natural material?","","Diamond","Granite","Quartz","Iron","Diamond","Diamond ranks 10 on the Mohs hardness scale."
"science-medium-36","Science","Medium","Which particle has a negative charge?","","Photon","Proton","Neutron","Electron","Electron","Electrons carry negative electric charge."
"science-medium-37","Science","Medium","What planet is known as the Red Planet?","","Venus","Mars","Jupiter","Mercury","Mars","Iron minerals in Martian soil give Mars its reddish color."
"science-medium-38","Science","Medium","What is the chemical symbol for gold?","","Gd","Au","Go","Ag","Au","Au comes from the Latin word aurum."
"science-medium-39","Science","Medium","How many bones are in a typical adult human body?","","226","256","186","206","206","Most adults have 206 bones."
"science-medium-4","Science","Medium","What gas do plants absorb during photosynthesis?","","Carbon dioxide","Oxygen","Nitrogen","Hydrogen","Carbon dioxide","Plants use carbon dioxide and release oxygen."
"science-medium-40","Science","Medium","What gas do plants absorb during photosynthesis?","","Carbon dioxide","Oxygen","Nitrogen","Hydrogen","Carbon dioxide","Plants use carbon dioxide and release oxygen."
"science-medium-41","Science","Medium","What is the largest planet in our solar system?","","Saturn","Earth","Jupiter","Neptune","Jupiter","Jupiter is more massive than all other planets combined."
"science-medium-42","Science","Medium","At sea level, water boils at what Celsius temperature?","","100°","110°","212°","90°","100°","At standard pressure, water boils at 100°C."
"science-medium-43","Science","Medium","What force keeps planets in orbit?","","Gravity","Electricity","Magnetism","Friction","Gravity","Gravity attracts planets toward the Sun while they move forward."
"science-medium-44","Science","Medium","What is the center of an atom called?","","Core beam","Nucleus","Orbit","Cell","Nucleus","The nucleus contains protons and neutrons."
"science-medium-45","Science","Medium","Which organ pumps blood through the body?","","Liver","Lung","Heart","Kidney","Heart","The heart drives blood through the circulatory system."
"science-medium-46","Science","Medium","What is Earth's natural satellite?","","The Moon","Europa","Phobos","Titan","The Moon","The Moon is Earth's only natural satellite."
"science-medium-47","Science","Medium","What is the hardest natural material?","","Diamond","Granite","Quartz","Iron","Diamond","Diamond ranks 10 on the Mohs hardness scale."
"science-medium-48","Science","Medium","Which particle has a negative charge?","","Photon","Proton","Neutron","Electron","Electron","Electrons carry negative electric charge."
"science-medium-49","Science","Medium","What planet is known as the Red Planet?","","Venus","Mars","Jupiter","Mercury","Mars","Iron minerals in Martian soil give Mars its reddish color."
"science-medium-5","Science","Medium","What is the largest planet in our solar system?","","Saturn","Earth","Jupiter","Neptune","Jupiter","Jupiter is more massive than all other planets combined."
"science-medium-50","Science","Medium","What is the chemical symbol for gold?","","Gd","Au","Go","Ag","Au","Au comes from the Latin word aurum."
"science-medium-6","Science","Medium","At sea level, water boils at what Celsius temperature?","","100°","110°","212°","90°","100°","At standard pressure, water boils at 100°C."
"science-medium-7","Science","Medium","What force keeps planets in orbit?","","Gravity","Electricity","Magnetism","Friction","Gravity","Gravity attracts planets toward the Sun while they move forward."
"science-medium-8","Science","Medium","What is the center of an atom called?","","Core beam","Nucleus","Orbit","Cell","Nucleus","The nucleus contains protons and neutrons."
"science-medium-9","Science","Medium","Which organ pumps blood through the body?","","Liver","Lung","Heart","Kidney","Heart","The heart drives blood through the circulatory system."
"soccer-easy-1","Soccer","Easy","How many players does each team start on the field?","","9","10","11","12","11","A side starts with eleven players, including its goalkeeper."
"soccer-easy-10","Soccer","Easy","Where is a penalty kick taken from?","","Six-yard box","Penalty mark","Corner arc","Center circle","Penalty mark","Penalty kicks are taken from the marked spot in the penalty area."
"soccer-easy-11","Soccer","Easy","Which body governs world soccer?","","IOC","NFL","UEFA","FIFA","FIFA","FIFA is the international governing body."
"soccer-easy-12","Soccer","Easy","What body part may an outfield player not deliberately use?","","Hand","Head","Chest","Foot","Hand","Deliberate handball by an outfield player is an offense."
"soccer-easy-13","Soccer","Easy","How many players does each team start on the field?","","9","10","11","12","11","A side starts with eleven players, including its goalkeeper."
"soccer-easy-14","Soccer","Easy","What color card sends a player off?","","Green","Yellow","Red","Blue","Red","A red card means the player must leave the match."
"soccer-easy-15","Soccer","Easy","How long is a standard match before added time?","","90 minutes","100 minutes","60 minutes","80 minutes","90 minutes","Two 45-minute halves make 90 minutes."
"soccer-easy-16","Soccer","Easy","Who may handle the ball inside their own penalty area?","","Striker","Captain","Goalkeeper","Any defender","Goalkeeper","The goalkeeper may use their hands within their own penalty area."
"soccer-easy-17","Soccer","Easy","What restarts play after the ball crosses the touchline?","","Throw-in","Drop ball","Goal kick","Penalty","Throw-in","The opponents of the last player to touch it take a throw-in."
"soccer-easy-18","Soccer","Easy","How often is the men's FIFA World Cup normally held?","","Every 3 years","Every 4 years","Every 5 years","Every 2 years","Every 4 years","The tournament normally takes place every four years."
"soccer-easy-19","Soccer","Easy","What is three goals by one player called?","","Clean sheet","Treble","Triple play","Hat-trick","Hat-trick","Three goals in one match are known as a hat-trick."
"soccer-easy-2","Soccer","Easy","What color card sends a player off?","","Green","Yellow","Red","Blue","Red","A red card means the player must leave the match."
"soccer-easy-20","Soccer","Easy","Which country won the first men's World Cup in 1930?","","Uruguay","Brazil","Italy","Argentina","Uruguay","Host nation Uruguay won the inaugural tournament."
"soccer-easy-21","Soccer","Easy","What is a game with no goals conceded called?","","Clean sheet","Nil draw","Shut play","Blank kick","Clean sheet","A goalkeeper or team that concedes no goals keeps a clean sheet."
"soccer-easy-22","Soccer","Easy","Where is a penalty kick taken from?","","Six-yard box","Penalty mark","Corner arc","Center circle","Penalty mark","Penalty kicks are taken from the marked spot in the penalty area."
"soccer-easy-23","Soccer","Easy","Which body governs world soccer?","","IOC","NFL","UEFA","FIFA","FIFA","FIFA is the international governing body."
"soccer-easy-24","Soccer","Easy","What body part may an outfield player not deliberately use?","","Hand","Head","Chest","Foot","Hand","Deliberate handball by an outfield player is an offense."
"soccer-easy-25","Soccer","Easy","How many players does each team start on the field?","","9","10","11","12","11","A side starts with eleven players, including its goalkeeper."
"soccer-easy-26","Soccer","Easy","What color card sends a player off?","","Green","Yellow","Red","Blue","Red","A red card means the player must leave the match."
"soccer-easy-27","Soccer","Easy","How long is a standard match before added time?","","90 minutes","100 minutes","60 minutes","80 minutes","90 minutes","Two 45-minute halves make 90 minutes."
"soccer-easy-28","Soccer","Easy","Who may handle the ball inside their own penalty area?","","Striker","Captain","Goalkeeper","Any defender","Goalkeeper","The goalkeeper may use their hands within their own penalty area."
"soccer-easy-29","Soccer","Easy","What restarts play after the ball crosses the touchline?","","Throw-in","Drop ball","Goal kick","Penalty","Throw-in","The opponents of the last player to touch it take a throw-in."
"soccer-easy-3","Soccer","Easy","How long is a standard match before added time?","","90 minutes","100 minutes","60 minutes","80 minutes","90 minutes","Two 45-minute halves make 90 minutes."
"soccer-easy-30","Soccer","Easy","How often is the men's FIFA World Cup normally held?","","Every 3 years","Every 4 years","Every 5 years","Every 2 years","Every 4 years","The tournament normally takes place every four years."
"soccer-easy-31","Soccer","Easy","What is three goals by one player called?","","Clean sheet","Treble","Triple play","Hat-trick","Hat-trick","Three goals in one match are known as a hat-trick."
"soccer-easy-32","Soccer","Easy","Which country won the first men's World Cup in 1930?","","Uruguay","Brazil","Italy","Argentina","Uruguay","Host nation Uruguay won the inaugural tournament."
"soccer-easy-33","Soccer","Easy","What is a game with no goals conceded called?","","Clean sheet","Nil draw","Shut play","Blank kick","Clean sheet","A goalkeeper or team that concedes no goals keeps a clean sheet."
"soccer-easy-34","Soccer","Easy","Where is a penalty kick taken from?","","Six-yard box","Penalty mark","Corner arc","Center circle","Penalty mark","Penalty kicks are taken from the marked spot in the penalty area."
"soccer-easy-35","Soccer","Easy","Which body governs world soccer?","","IOC","NFL","UEFA","FIFA","FIFA","FIFA is the international governing body."
"soccer-easy-36","Soccer","Easy","What body part may an outfield player not deliberately use?","","Hand","Head","Chest","Foot","Hand","Deliberate handball by an outfield player is an offense."
"soccer-easy-37","Soccer","Easy","How many players does each team start on the field?","","9","10","11","12","11","A side starts with eleven players, including its goalkeeper."
"soccer-easy-38","Soccer","Easy","What color card sends a player off?","","Green","Yellow","Red","Blue","Red","A red card means the player must leave the match."
"soccer-easy-39","Soccer","Easy","How long is a standard match before added time?","","90 minutes","100 minutes","60 minutes","80 minutes","90 minutes","Two 45-minute halves make 90 minutes."
"soccer-easy-4","Soccer","Easy","Who may handle the ball inside their own penalty area?","","Striker","Captain","Goalkeeper","Any defender","Goalkeeper","The goalkeeper may use their hands within their own penalty area."
"soccer-easy-40","Soccer","Easy","Who may handle the ball inside their own penalty area?","","Striker","Captain","Goalkeeper","Any defender","Goalkeeper","The goalkeeper may use their hands within their own penalty area."
"soccer-easy-41","Soccer","Easy","What restarts play after the ball crosses the touchline?","","Throw-in","Drop ball","Goal kick","Penalty","Throw-in","The opponents of the last player to touch it take a throw-in."
"soccer-easy-42","Soccer","Easy","How often is the men's FIFA World Cup normally held?","","Every 3 years","Every 4 years","Every 5 years","Every 2 years","Every 4 years","The tournament normally takes place every four years."
"soccer-easy-43","Soccer","Easy","What is three goals by one player called?","","Clean sheet","Treble","Triple play","Hat-trick","Hat-trick","Three goals in one match are known as a hat-trick."
"soccer-easy-44","Soccer","Easy","Which country won the first men's World Cup in 1930?","","Uruguay","Brazil","Italy","Argentina","Uruguay","Host nation Uruguay won the inaugural tournament."
"soccer-easy-45","Soccer","Easy","What is a game with no goals conceded called?","","Clean sheet","Nil draw","Shut play","Blank kick","Clean sheet","A goalkeeper or team that concedes no goals keeps a clean sheet."
"soccer-easy-46","Soccer","Easy","Where is a penalty kick taken from?","","Six-yard box","Penalty mark","Corner arc","Center circle","Penalty mark","Penalty kicks are taken from the marked spot in the penalty area."
"soccer-easy-47","Soccer","Easy","Which body governs world soccer?","","IOC","NFL","UEFA","FIFA","FIFA","FIFA is the international governing body."
"soccer-easy-48","Soccer","Easy","What body part may an outfield player not deliberately use?","","Hand","Head","Chest","Foot","Hand","Deliberate handball by an outfield player is an offense."
"soccer-easy-49","Soccer","Easy","How many players does each team start on the field?","","9","10","11","12","11","A side starts with eleven players, including its goalkeeper."
"soccer-easy-5","Soccer","Easy","What restarts play after the ball crosses the touchline?","","Throw-in","Drop ball","Goal kick","Penalty","Throw-in","The opponents of the last player to touch it take a throw-in."
"soccer-easy-50","Soccer","Easy","What color card sends a player off?","","Green","Yellow","Red","Blue","Red","A red card means the player must leave the match."
"soccer-easy-6","Soccer","Easy","How often is the men's FIFA World Cup normally held?","","Every 3 years","Every 4 years","Every 5 years","Every 2 years","Every 4 years","The tournament normally takes place every four years."
"soccer-easy-7","Soccer","Easy","What is three goals by one player called?","","Clean sheet","Treble","Triple play","Hat-trick","Hat-trick","Three goals in one match are known as a hat-trick."
"soccer-easy-8","Soccer","Easy","Which country won the first men's World Cup in 1930?","","Uruguay","Brazil","Italy","Argentina","Uruguay","Host nation Uruguay won the inaugural tournament."
"soccer-easy-9","Soccer","Easy","What is a game with no goals conceded called?","","Clean sheet","Nil draw","Shut play","Blank kick","Clean sheet","A goalkeeper or team that concedes no goals keeps a clean sheet."
"soccer-hard-1","Soccer","Hard","How many players does each team start on the field?","","9","10","11","12","11","A side starts with eleven players, including its goalkeeper."
"soccer-hard-10","Soccer","Hard","Where is a penalty kick taken from?","","Six-yard box","Penalty mark","Corner arc","Center circle","Penalty mark","Penalty kicks are taken from the marked spot in the penalty area."
"soccer-hard-11","Soccer","Hard","Which body governs world soccer?","","IOC","NFL","UEFA","FIFA","FIFA","FIFA is the international governing body."
"soccer-hard-12","Soccer","Hard","What body part may an outfield player not deliberately use?","","Hand","Head","Chest","Foot","Hand","Deliberate handball by an outfield player is an offense."
"soccer-hard-13","Soccer","Hard","How many players does each team start on the field?","","9","10","11","12","11","A side starts with eleven players, including its goalkeeper."
"soccer-hard-14","Soccer","Hard","What color card sends a player off?","","Green","Yellow","Red","Blue","Red","A red card means the player must leave the match."
"soccer-hard-15","Soccer","Hard","How long is a standard match before added time?","","90 minutes","100 minutes","60 minutes","80 minutes","90 minutes","Two 45-minute halves make 90 minutes."
"soccer-hard-16","Soccer","Hard","Who may handle the ball inside their own penalty area?","","Striker","Captain","Goalkeeper","Any defender","Goalkeeper","The goalkeeper may use their hands within their own penalty area."
"soccer-hard-17","Soccer","Hard","What restarts play after the ball crosses the touchline?","","Throw-in","Drop ball","Goal kick","Penalty","Throw-in","The opponents of the last player to touch it take a throw-in."
"soccer-hard-18","Soccer","Hard","How often is the men's FIFA World Cup normally held?","","Every 3 years","Every 4 years","Every 5 years","Every 2 years","Every 4 years","The tournament normally takes place every four years."
"soccer-hard-19","Soccer","Hard","What is three goals by one player called?","","Clean sheet","Treble","Triple play","Hat-trick","Hat-trick","Three goals in one match are known as a hat-trick."
"soccer-hard-2","Soccer","Hard","What color card sends a player off?","","Green","Yellow","Red","Blue","Red","A red card means the player must leave the match."
"soccer-hard-20","Soccer","Hard","Which country won the first men's World Cup in 1930?","","Uruguay","Brazil","Italy","Argentina","Uruguay","Host nation Uruguay won the inaugural tournament."
"soccer-hard-21","Soccer","Hard","What is a game with no goals conceded called?","","Clean sheet","Nil draw","Shut play","Blank kick","Clean sheet","A goalkeeper or team that concedes no goals keeps a clean sheet."
"soccer-hard-22","Soccer","Hard","Where is a penalty kick taken from?","","Six-yard box","Penalty mark","Corner arc","Center circle","Penalty mark","Penalty kicks are taken from the marked spot in the penalty area."
"soccer-hard-23","Soccer","Hard","Which body governs world soccer?","","IOC","NFL","UEFA","FIFA","FIFA","FIFA is the international governing body."
"soccer-hard-24","Soccer","Hard","What body part may an outfield player not deliberately use?","","Hand","Head","Chest","Foot","Hand","Deliberate handball by an outfield player is an offense."
"soccer-hard-25","Soccer","Hard","How many players does each team start on the field?","","9","10","11","12","11","A side starts with eleven players, including its goalkeeper."
"soccer-hard-26","Soccer","Hard","What color card sends a player off?","","Green","Yellow","Red","Blue","Red","A red card means the player must leave the match."
"soccer-hard-27","Soccer","Hard","How long is a standard match before added time?","","90 minutes","100 minutes","60 minutes","80 minutes","90 minutes","Two 45-minute halves make 90 minutes."
"soccer-hard-28","Soccer","Hard","Who may handle the ball inside their own penalty area?","","Striker","Captain","Goalkeeper","Any defender","Goalkeeper","The goalkeeper may use their hands within their own penalty area."
"soccer-hard-29","Soccer","Hard","What restarts play after the ball crosses the touchline?","","Throw-in","Drop ball","Goal kick","Penalty","Throw-in","The opponents of the last player to touch it take a throw-in."
"soccer-hard-3","Soccer","Hard","How long is a standard match before added time?","","90 minutes","100 minutes","60 minutes","80 minutes","90 minutes","Two 45-minute halves make 90 minutes."
"soccer-hard-30","Soccer","Hard","How often is the men's FIFA World Cup normally held?","","Every 3 years","Every 4 years","Every 5 years","Every 2 years","Every 4 years","The tournament normally takes place every four years."
"soccer-hard-31","Soccer","Hard","What is three goals by one player called?","","Clean sheet","Treble","Triple play","Hat-trick","Hat-trick","Three goals in one match are known as a hat-trick."
"soccer-hard-32","Soccer","Hard","Which country won the first men's World Cup in 1930?","","Uruguay","Brazil","Italy","Argentina","Uruguay","Host nation Uruguay won the inaugural tournament."
"soccer-hard-33","Soccer","Hard","What is a game with no goals conceded called?","","Clean sheet","Nil draw","Shut play","Blank kick","Clean sheet","A goalkeeper or team that concedes no goals keeps a clean sheet."
"soccer-hard-34","Soccer","Hard","Where is a penalty kick taken from?","","Six-yard box","Penalty mark","Corner arc","Center circle","Penalty mark","Penalty kicks are taken from the marked spot in the penalty area."
"soccer-hard-35","Soccer","Hard","Which body governs world soccer?","","IOC","NFL","UEFA","FIFA","FIFA","FIFA is the international governing body."
"soccer-hard-36","Soccer","Hard","What body part may an outfield player not deliberately use?","","Hand","Head","Chest","Foot","Hand","Deliberate handball by an outfield player is an offense."
"soccer-hard-37","Soccer","Hard","How many players does each team start on the field?","","9","10","11","12","11","A side starts with eleven players, including its goalkeeper."
"soccer-hard-38","Soccer","Hard","What color card sends a player off?","","Green","Yellow","Red","Blue","Red","A red card means the player must leave the match."
"soccer-hard-39","Soccer","Hard","How long is a standard match before added time?","","90 minutes","100 minutes","60 minutes","80 minutes","90 minutes","Two 45-minute halves make 90 minutes."
"soccer-hard-4","Soccer","Hard","Who may handle the ball inside their own penalty area?","","Striker","Captain","Goalkeeper","Any defender","Goalkeeper","The goalkeeper may use their hands within their own penalty area."
"soccer-hard-40","Soccer","Hard","Who may handle the ball inside their own penalty area?","","Striker","Captain","Goalkeeper","Any defender","Goalkeeper","The goalkeeper may use their hands within their own penalty area."
"soccer-hard-41","Soccer","Hard","What restarts play after the ball crosses the touchline?","","Throw-in","Drop ball","Goal kick","Penalty","Throw-in","The opponents of the last player to touch it take a throw-in."
"soccer-hard-42","Soccer","Hard","How often is the men's FIFA World Cup normally held?","","Every 3 years","Every 4 years","Every 5 years","Every 2 years","Every 4 years","The tournament normally takes place every four years."
"soccer-hard-43","Soccer","Hard","What is three goals by one player called?","","Clean sheet","Treble","Triple play","Hat-trick","Hat-trick","Three goals in one match are known as a hat-trick."
"soccer-hard-44","Soccer","Hard","Which country won the first men's World Cup in 1930?","","Uruguay","Brazil","Italy","Argentina","Uruguay","Host nation Uruguay won the inaugural tournament."
"soccer-hard-45","Soccer","Hard","What is a game with no goals conceded called?","","Clean sheet","Nil draw","Shut play","Blank kick","Clean sheet","A goalkeeper or team that concedes no goals keeps a clean sheet."
"soccer-hard-46","Soccer","Hard","Where is a penalty kick taken from?","","Six-yard box","Penalty mark","Corner arc","Center circle","Penalty mark","Penalty kicks are taken from the marked spot in the penalty area."
"soccer-hard-47","Soccer","Hard","Which body governs world soccer?","","IOC","NFL","UEFA","FIFA","FIFA","FIFA is the international governing body."
"soccer-hard-48","Soccer","Hard","What body part may an outfield player not deliberately use?","","Hand","Head","Chest","Foot","Hand","Deliberate handball by an outfield player is an offense."
"soccer-hard-49","Soccer","Hard","How many players does each team start on the field?","","9","10","11","12","11","A side starts with eleven players, including its goalkeeper."
"soccer-hard-5","Soccer","Hard","What restarts play after the ball crosses the touchline?","","Throw-in","Drop ball","Goal kick","Penalty","Throw-in","The opponents of the last player to touch it take a throw-in."
"soccer-hard-50","Soccer","Hard","What color card sends a player off?","","Green","Yellow","Red","Blue","Red","A red card means the player must leave the match."
"soccer-hard-6","Soccer","Hard","How often is the men's FIFA World Cup normally held?","","Every 3 years","Every 4 years","Every 5 years","Every 2 years","Every 4 years","The tournament normally takes place every four years."
"soccer-hard-7","Soccer","Hard","What is three goals by one player called?","","Clean sheet","Treble","Triple play","Hat-trick","Hat-trick","Three goals in one match are known as a hat-trick."
"soccer-hard-8","Soccer","Hard","Which country won the first men's World Cup in 1930?","","Uruguay","Brazil","Italy","Argentina","Uruguay","Host nation Uruguay won the inaugural tournament."
"soccer-hard-9","Soccer","Hard","What is a game with no goals conceded called?","","Clean sheet","Nil draw","Shut play","Blank kick","Clean sheet","A goalkeeper or team that concedes no goals keeps a clean sheet."
"soccer-medium-1","Soccer","Medium","How many players does each team start on the field?","","9","10","11","12","11","A side starts with eleven players, including its goalkeeper."
"soccer-medium-10","Soccer","Medium","Where is a penalty kick taken from?","","Six-yard box","Penalty mark","Corner arc","Center circle","Penalty mark","Penalty kicks are taken from the marked spot in the penalty area."
"soccer-medium-11","Soccer","Medium","Which body governs world soccer?","","IOC","NFL","UEFA","FIFA","FIFA","FIFA is the international governing body."
"soccer-medium-12","Soccer","Medium","What body part may an outfield player not deliberately use?","","Hand","Head","Chest","Foot","Hand","Deliberate handball by an outfield player is an offense."
"soccer-medium-13","Soccer","Medium","How many players does each team start on the field?","","9","10","11","12","11","A side starts with eleven players, including its goalkeeper."
"soccer-medium-14","Soccer","Medium","What color card sends a player off?","","Green","Yellow","Red","Blue","Red","A red card means the player must leave the match."
"soccer-medium-15","Soccer","Medium","How long is a standard match before added time?","","90 minutes","100 minutes","60 minutes","80 minutes","90 minutes","Two 45-minute halves make 90 minutes."
"soccer-medium-16","Soccer","Medium","Who may handle the ball inside their own penalty area?","","Striker","Captain","Goalkeeper","Any defender","Goalkeeper","The goalkeeper may use their hands within their own penalty area."
"soccer-medium-17","Soccer","Medium","What restarts play after the ball crosses the touchline?","","Throw-in","Drop ball","Goal kick","Penalty","Throw-in","The opponents of the last player to touch it take a throw-in."
"soccer-medium-18","Soccer","Medium","How often is the men's FIFA World Cup normally held?","","Every 3 years","Every 4 years","Every 5 years","Every 2 years","Every 4 years","The tournament normally takes place every four years."
"soccer-medium-19","Soccer","Medium","What is three goals by one player called?","","Clean sheet","Treble","Triple play","Hat-trick","Hat-trick","Three goals in one match are known as a hat-trick."
"soccer-medium-2","Soccer","Medium","What color card sends a player off?","","Green","Yellow","Red","Blue","Red","A red card means the player must leave the match."
"soccer-medium-20","Soccer","Medium","Which country won the first men's World Cup in 1930?","","Uruguay","Brazil","Italy","Argentina","Uruguay","Host nation Uruguay won the inaugural tournament."
"soccer-medium-21","Soccer","Medium","What is a game with no goals conceded called?","","Clean sheet","Nil draw","Shut play","Blank kick","Clean sheet","A goalkeeper or team that concedes no goals keeps a clean sheet."
"soccer-medium-22","Soccer","Medium","Where is a penalty kick taken from?","","Six-yard box","Penalty mark","Corner arc","Center circle","Penalty mark","Penalty kicks are taken from the marked spot in the penalty area."
"soccer-medium-23","Soccer","Medium","Which body governs world soccer?","","IOC","NFL","UEFA","FIFA","FIFA","FIFA is the international governing body."
"soccer-medium-24","Soccer","Medium","What body part may an outfield player not deliberately use?","","Hand","Head","Chest","Foot","Hand","Deliberate handball by an outfield player is an offense."
"soccer-medium-25","Soccer","Medium","How many players does each team start on the field?","","9","10","11","12","11","A side starts with eleven players, including its goalkeeper."
"soccer-medium-26","Soccer","Medium","What color card sends a player off?","","Green","Yellow","Red","Blue","Red","A red card means the player must leave the match."
"soccer-medium-27","Soccer","Medium","How long is a standard match before added time?","","90 minutes","100 minutes","60 minutes","80 minutes","90 minutes","Two 45-minute halves make 90 minutes."
"soccer-medium-28","Soccer","Medium","Who may handle the ball inside their own penalty area?","","Striker","Captain","Goalkeeper","Any defender","Goalkeeper","The goalkeeper may use their hands within their own penalty area."
"soccer-medium-29","Soccer","Medium","What restarts play after the ball crosses the touchline?","","Throw-in","Drop ball","Goal kick","Penalty","Throw-in","The opponents of the last player to touch it take a throw-in."
"soccer-medium-3","Soccer","Medium","How long is a standard match before added time?","","90 minutes","100 minutes","60 minutes","80 minutes","90 minutes","Two 45-minute halves make 90 minutes."
"soccer-medium-30","Soccer","Medium","How often is the men's FIFA World Cup normally held?","","Every 3 years","Every 4 years","Every 5 years","Every 2 years","Every 4 years","The tournament normally takes place every four years."
"soccer-medium-31","Soccer","Medium","What is three goals by one player called?","","Clean sheet","Treble","Triple play","Hat-trick","Hat-trick","Three goals in one match are known as a hat-trick."
"soccer-medium-32","Soccer","Medium","Which country won the first men's World Cup in 1930?","","Uruguay","Brazil","Italy","Argentina","Uruguay","Host nation Uruguay won the inaugural tournament."
"soccer-medium-33","Soccer","Medium","What is a game with no goals conceded called?","","Clean sheet","Nil draw","Shut play","Blank kick","Clean sheet","A goalkeeper or team that concedes no goals keeps a clean sheet."
"soccer-medium-34","Soccer","Medium","Where is a penalty kick taken from?","","Six-yard box","Penalty mark","Corner arc","Center circle","Penalty mark","Penalty kicks are taken from the marked spot in the penalty area."
"soccer-medium-35","Soccer","Medium","Which body governs world soccer?","","IOC","NFL","UEFA","FIFA","FIFA","FIFA is the international governing body."
"soccer-medium-36","Soccer","Medium","What body part may an outfield player not deliberately use?","","Hand","Head","Chest","Foot","Hand","Deliberate handball by an outfield player is an offense."
"soccer-medium-37","Soccer","Medium","How many players does each team start on the field?","","9","10","11","12","11","A side starts with eleven players, including its goalkeeper."
"soccer-medium-38","Soccer","Medium","What color card sends a player off?","","Green","Yellow","Red","Blue","Red","A red card means the player must leave the match."
"soccer-medium-39","Soccer","Medium","How long is a standard match before added time?","","90 minutes","100 minutes","60 minutes","80 minutes","90 minutes","Two 45-minute halves make 90 minutes."
"soccer-medium-4","Soccer","Medium","Who may handle the ball inside their own penalty area?","","Striker","Captain","Goalkeeper","Any defender","Goalkeeper","The goalkeeper may use their hands within their own penalty area."
"soccer-medium-40","Soccer","Medium","Who may handle the ball inside their own penalty area?","","Striker","Captain","Goalkeeper","Any defender","Goalkeeper","The goalkeeper may use their hands within their own penalty area."
"soccer-medium-41","Soccer","Medium","What restarts play after the ball crosses the touchline?","","Throw-in","Drop ball","Goal kick","Penalty","Throw-in","The opponents of the last player to touch it take a throw-in."
"soccer-medium-42","Soccer","Medium","How often is the men's FIFA World Cup normally held?","","Every 3 years","Every 4 years","Every 5 years","Every 2 years","Every 4 years","The tournament normally takes place every four years."
"soccer-medium-43","Soccer","Medium","What is three goals by one player called?","","Clean sheet","Treble","Triple play","Hat-trick","Hat-trick","Three goals in one match are known as a hat-trick."
"soccer-medium-44","Soccer","Medium","Which country won the first men's World Cup in 1930?","","Uruguay","Brazil","Italy","Argentina","Uruguay","Host nation Uruguay won the inaugural tournament."
"soccer-medium-45","Soccer","Medium","What is a game with no goals conceded called?","","Clean sheet","Nil draw","Shut play","Blank kick","Clean sheet","A goalkeeper or team that concedes no goals keeps a clean sheet."
"soccer-medium-46","Soccer","Medium","Where is a penalty kick taken from?","","Six-yard box","Penalty mark","Corner arc","Center circle","Penalty mark","Penalty kicks are taken from the marked spot in the penalty area."
"soccer-medium-47","Soccer","Medium","Which body governs world soccer?","","IOC","NFL","UEFA","FIFA","FIFA","FIFA is the international governing body."
"soccer-medium-48","Soccer","Medium","What body part may an outfield player not deliberately use?","","Hand","Head","Chest","Foot","Hand","Deliberate handball by an outfield player is an offense."
"soccer-medium-49","Soccer","Medium","How many players does each team start on the field?","","9","10","11","12","11","A side starts with eleven players, including its goalkeeper."
"soccer-medium-5","Soccer","Medium","What restarts play after the ball crosses the touchline?","","Throw-in","Drop ball","Goal kick","Penalty","Throw-in","The opponents of the last player to touch it take a throw-in."
"soccer-medium-50","Soccer","Medium","What color card sends a player off?","","Green","Yellow","Red","Blue","Red","A red card means the player must leave the match."
"soccer-medium-6","Soccer","Medium","How often is the men's FIFA World Cup normally held?","","Every 3 years","Every 4 years","Every 5 years","Every 2 years","Every 4 years","The tournament normally takes place every four years."
"soccer-medium-7","Soccer","Medium","What is three goals by one player called?","","Clean sheet","Treble","Triple play","Hat-trick","Hat-trick","Three goals in one match are known as a hat-trick."
"soccer-medium-8","Soccer","Medium","Which country won the first men's World Cup in 1930?","","Uruguay","Brazil","Italy","Argentina","Uruguay","Host nation Uruguay won the inaugural tournament."
"soccer-medium-9","Soccer","Medium","What is a game with no goals conceded called?","","Clean sheet","Nil draw","Shut play","Blank kick","Clean sheet","A goalkeeper or team that concedes no goals keeps a clean sheet."
"flags-easy-1","World Flags","Easy","Which country does this flag represent?","flag-ca","South Georgia and the South Sandwich Islands","Iceland","Canada","Brunei Darussalam","Canada","This is the national flag of Canada."
"flags-easy-10","World Flags","Easy","Which country does this flag represent?","flag-cm","Ethiopia","Hungary","Cameroon","Armenia","Cameroon","This is the national flag of Cameroon."
"flags-easy-11","World Flags","Easy","Which country does this flag represent?","flag-cn","Anguilla","China","Haiti","Ecuador","China","This is the national flag of China."
"flags-easy-12","World Flags","Easy","Which country does this flag represent?","flag-co","Colombia","Aruba","Egypt","Hong Kong","Colombia","This is the national flag of Colombia."
"flags-easy-13","World Flags","Easy","Which country does this flag represent?","flag-cr","Austria","Costa Rica","Heard Island and McDonald Islands","Estonia","Costa Rica","This is the national flag of Costa Rica."
"flags-easy-14","World Flags","Easy","Which country does this flag represent?","flag-cu","Western Sahara","Honduras","Cuba","Australia","Cuba","This is the national flag of Cuba."
"flags-easy-15","World Flags","Easy","Which country does this flag represent?","flag-cv","Argentina","Cabo Verde","Oman","Germany","Cabo Verde","This is the national flag of Cabo Verde."
"flags-easy-16","World Flags","Easy","Which country does this flag represent?","flag-cw","Curaçao","American Samoa","Dominica","Niue","Curaçao","This is the national flag of Curaçao."
"flags-easy-17","World Flags","Easy","Which country does this flag represent?","flag-cx","Nauru","Dominican Republic","Antarctica","Christmas Island","Christmas Island","This is the national flag of Christmas Island."
"flags-easy-18","World Flags","Easy","Which country does this flag represent?","flag-cy","Denmark","Nepal","Cyprus","Azerbaijan","Cyprus","This is the national flag of Cyprus."
"flags-easy-19","World Flags","Easy","Which country does this flag represent?","flag-cz","Åland Islands","Czechia","New Zealand","Djibouti","Czechia","This is the national flag of Czechia."
"flags-easy-2","World Flags","Easy","Which country does this flag represent?","flag-cc","Cocos (Keeling) Islands","Bermuda","France","Iraq","Cocos (Keeling) Islands","This is the national flag of Cocos (Keeling) Islands."
"flags-easy-20","World Flags","Easy","Which country does this flag represent?","flag-bs","Nigeria","Algeria","Greenland","Bahamas","Bahamas","This is the national flag of Bahamas."
"flags-easy-21","World Flags","Easy","Which country does this flag represent?","flag-br","Cayman Islands","Norfolk Island","Brazil","Gambia","Brazil","This is the national flag of Brazil."
"flags-easy-22","World Flags","Easy","Which country does this flag represent?","flag-bq","Guinea","Bonaire, Sint Eustatius and Saba","Niger","Kazakhstan","Bonaire, Sint Eustatius and Saba","This is the national flag of Bonaire, Sint Eustatius and Saba."
"flags-easy-23","World Flags","Easy","Which country does this flag represent?","flag-bw","New Caledonia","Korea, Democratic People's Republic of","Ghana","Botswana","Botswana","This is the national flag of Botswana."
"flags-easy-24","World Flags","Easy","Which country does this flag represent?","flag-bv","Korea, Republic of","Namibia","Bouvet Island","Gibraltar","Bouvet Island","This is the national flag of Bouvet Island."
"flags-easy-25","World Flags","Easy","Which country does this flag represent?","flag-bt","Bhutan","Grenada","Kuwait","Norway","Bhutan","This is the national flag of Bhutan."
"flags-easy-26","World Flags","Easy","Which country does this flag represent?","flag-bz","Cambodia","Netherlands","Belize","Georgia","Belize","This is the national flag of Belize."
"flags-easy-27","World Flags","Easy","Which country does this flag represent?","flag-by","French Guiana","Belarus","Nicaragua","Kiribati","Belarus","This is the national flag of Belarus."
"flags-easy-28","World Flags","Easy","Which country does this flag represent?","flag-bb","Comoros","North Macedonia","Barbados","Guernsey","Barbados","This is the national flag of Barbados."
"flags-easy-29","World Flags","Easy","Which country does this flag represent?","flag-ba","Gabon","Bosnia and Herzegovina","Marshall Islands","Saint Kitts and Nevis","Bosnia and Herzegovina","This is the national flag of Bosnia and Herzegovina."
"flags-easy-3","World Flags","Easy","Which country does this flag represent?","flag-cd","India","Faroe Islands","Saint Barthélemy","Congo, The Democratic Republic of the","Congo, The Democratic Republic of the","This is the national flag of Congo, The Democratic Republic of the."
"flags-easy-30","World Flags","Easy","Which country does this flag represent?","flag-bg","Mongolia","Kenya","United Kingdom","Bulgaria","Bulgaria","This is the national flag of Bulgaria."
"flags-easy-31","World Flags","Easy","Which country does this flag represent?","flag-bf","Kyrgyzstan","Macao","Burkina Faso","Guyana","Burkina Faso","This is the national flag of Burkina Faso."
"flags-easy-32","World Flags","Easy","Which country does this flag represent?","flag-be","Guatemala","Belgium","Mali","Jordan","Belgium","This is the national flag of Belgium."
"flags-easy-33","World Flags","Easy","Which country does this flag represent?","flag-bd","Bangladesh","Guam","Jamaica","Myanmar","Bangladesh","This is the national flag of Bangladesh."
"flags-easy-34","World Flags","Easy","Which country does this flag represent?","flag-bj","Jersey","Monaco","Benin","Guinea-Bissau","Benin","This is the national flag of Benin."
"flags-easy-35","World Flags","Easy","Which country does this flag represent?","flag-bi","Guadeloupe","Burundi","Morocco","Japan","Burundi","This is the national flag of Burundi."
"flags-easy-36","World Flags","Easy","Which country does this flag represent?","flag-bh","Bahrain","Equatorial Guinea","Italy","Saint Martin (French part)","Bahrain","This is the national flag of Bahrain."
"flags-easy-37","World Flags","Easy","Which country does this flag represent?","flag-bo","Madagascar","Iran, Islamic Republic of","Greece","Bolivia, Plurinational State of","Bolivia, Plurinational State of","This is the national flag of Bolivia, Plurinational State of."
"flags-easy-38","World Flags","Easy","Which country does this flag represent?","flag-bn","Iceland","Moldova, Republic of","Brunei Darussalam","South Georgia and the South Sandwich Islands","Brunei Darussalam","This is the national flag of Brunei Darussalam."
"flags-easy-39","World Flags","Easy","Which country does this flag represent?","flag-bm","France","Bermuda","Montenegro","Iraq","Bermuda","This is the national flag of Bermuda."
"flags-easy-4","World Flags","Easy","Which country does this flag represent?","flag-cf","Afghanistan","Central African Republic","British Indian Ocean Territory","Micronesia, Federated States of","Central African Republic","This is the national flag of Central African Republic."
"flags-easy-40","World Flags","Easy","Which country does this flag represent?","flag-bl","Saint Barthélemy","Faroe Islands","India","Mozambique","Saint Barthélemy","This is the national flag of Saint Barthélemy."
"flags-easy-41","World Flags","Easy","Which country does this flag represent?","flag-af","Mexico","British Indian Ocean Territory","Micronesia, Federated States of","Afghanistan","Afghanistan","This is the national flag of Afghanistan."
"flags-easy-42","World Flags","Easy","Which country does this flag represent?","flag-ag","Israel","Malaysia","Antigua and Barbuda","Falkland Islands (Malvinas)","Antigua and Barbuda","This is the national flag of Antigua and Barbuda."
"flags-easy-43","World Flags","Easy","Which country does this flag represent?","flag-ad","Fiji","Andorra","Mauritania","Isle of Man","Andorra","This is the national flag of Andorra."
"flags-easy-44","World Flags","Easy","Which country does this flag represent?","flag-ae","United Arab Emirates","Finland","Indonesia","Montserrat","United Arab Emirates","This is the national flag of United Arab Emirates."
"flags-easy-45","World Flags","Easy","Which country does this flag represent?","flag-ao","Ireland","Northern Mariana Islands","Angola","Eritrea","Angola","This is the national flag of Angola."
"flags-easy-46","World Flags","Easy","Which country does this flag represent?","flag-al","Spain","Albania","Martinique","Croatia","Albania","This is the national flag of Albania."
"flags-easy-47","World Flags","Easy","Which country does this flag represent?","flag-am","Armenia","Ethiopia","Hungary","Maldives","Armenia","This is the national flag of Armenia."
"flags-easy-48","World Flags","Easy","Which country does this flag represent?","flag-ai","Anguilla","Ecuador","Haiti","Malawi","Anguilla","This is the national flag of Anguilla."
"flags-easy-49","World Flags","Easy","Which country does this flag represent?","flag-aw","Hong Kong","Malta","Aruba","Egypt","Aruba","This is the national flag of Aruba."
"flags-easy-5","World Flags","Easy","Which country does this flag represent?","flag-cg","Congo","Antigua and Barbuda","Falkland Islands (Malvinas)","Israel","Congo","This is the national flag of Congo."
"flags-easy-50","World Flags","Easy","Which country does this flag represent?","flag-at","Estonia","Austria","Mauritius","Heard Island and McDonald Islands","Austria","This is the national flag of Austria."
"flags-easy-6","World Flags","Easy","Which country does this flag represent?","flag-ch","Isle of Man","Fiji","Andorra","Switzerland","Switzerland","This is the national flag of Switzerland."
"flags-easy-7","World Flags","Easy","Which country does this flag represent?","flag-ci","Finland","Indonesia","Côte d'Ivoire","United Arab Emirates","Côte d'Ivoire","This is the national flag of Côte d'Ivoire."
"flags-easy-8","World Flags","Easy","Which country does this flag represent?","flag-ck","Cook Islands","Angola","Eritrea","Ireland","Cook Islands","This is the national flag of Cook Islands."
"flags-easy-9","World Flags","Easy","Which country does this flag represent?","flag-cl","Croatia","Spain","Albania","Chile","Chile","This is the national flag of Chile."
"flags-hard-1","World Flags","Hard","Which country does this flag represent?","flag-ki","Sao Tome and Principe","Portugal","Kiribati","Nicaragua","Kiribati","This is the national flag of Kiribati."
"flags-hard-10","World Flags","Hard","Which country does this flag represent?","flag-it","Saint Martin (French part)","Italy","Holy See (Vatican City State)","Sweden","Italy","This is the national flag of Italy."
"flags-hard-11","World Flags","Hard","Which country does this flag represent?","flag-ir","Vanuatu","Singapore","Madagascar","Iran, Islamic Republic of","Iran, Islamic Republic of","This is the national flag of Iran, Islamic Republic of."
"flags-hard-12","World Flags","Hard","Which country does this flag represent?","flag-is","Saint Helena, Ascension and Tristan da Cunha","Ukraine","Iceland","Moldova, Republic of","Iceland","This is the national flag of Iceland."
"flags-hard-13","World Flags","Hard","Which country does this flag represent?","flag-iq","Iraq","Montenegro","Slovenia","Uganda","Iraq","This is the national flag of Iraq."
"flags-hard-14","World Flags","Hard","Which country does this flag represent?","flag-in","United States Minor Outlying Islands","Svalbard and Jan Mayen","Mozambique","India","India","This is the national flag of India."
"flags-hard-15","World Flags","Hard","Which country does this flag represent?","flag-io","Slovakia","United States","British Indian Ocean Territory","Mexico","British Indian Ocean Territory","This is the national flag of British Indian Ocean Territory."
"flags-hard-16","World Flags","Hard","Which country does this flag represent?","flag-il","Malaysia","Israel","Uzbekistan","Sierra Leone","Israel","This is the national flag of Israel."
"flags-hard-17","World Flags","Hard","Which country does this flag represent?","flag-im","Isle of Man","Mauritania","San Marino","Uruguay","Isle of Man","This is the national flag of Isle of Man."
"flags-hard-18","World Flags","Hard","Which country does this flag represent?","flag-id","Montserrat","Indonesia","Trinidad and Tobago","Senegal","Indonesia","This is the national flag of Indonesia."
"flags-hard-19","World Flags","Hard","Which country does this flag represent?","flag-ie","Ireland","Northern Mariana Islands","Somalia","Taiwan, Province of China","Ireland","This is the national flag of Ireland."
"flags-hard-2","World Flags","Hard","Which country does this flag represent?","flag-km","El Salvador","Palau","Comoros","North Macedonia","Comoros","This is the national flag of Comoros."
"flags-hard-20","World Flags","Hard","Which country does this flag represent?","flag-hr","Croatia","Martinique","Réunion","Tuvalu","Croatia","This is the national flag of Croatia."
"flags-hard-21","World Flags","Hard","Which country does this flag represent?","flag-hu","Türkiye","Romania","Maldives","Hungary","Hungary","This is the national flag of Hungary."
"flags-hard-22","World Flags","Hard","Which country does this flag represent?","flag-ht","Serbia","Tanzania, United Republic of","Haiti","Malawi","Haiti","This is the national flag of Haiti."
"flags-hard-23","World Flags","Hard","Which country does this flag represent?","flag-hk","Malta","Hong Kong","Chad","Rwanda","Hong Kong","This is the national flag of Hong Kong."
"flags-hard-24","World Flags","Hard","Which country does this flag represent?","flag-hm","Togo","Russian Federation","Mauritius","Heard Island and McDonald Islands","Heard Island and McDonald Islands","This is the national flag of Heard Island and McDonald Islands."
"flags-hard-25","World Flags","Hard","Which country does this flag represent?","flag-hn","Honduras","Libya","Qatar","French Southern Territories","Honduras","This is the national flag of Honduras."
"flags-hard-26","World Flags","Hard","Which country does this flag represent?","flag-om","Philippines","Turks and Caicos Islands","Oman","Luxembourg","Oman","This is the national flag of Oman."
"flags-hard-27","World Flags","Hard","Which country does this flag represent?","flag-nu","Lithuania","Niue","Turkmenistan","Pakistan","Niue","This is the national flag of Niue."
"flags-hard-28","World Flags","Hard","Which country does this flag represent?","flag-nr","Saint Pierre and Miquelon","Timor-Leste","Nauru","Latvia","Nauru","This is the national flag of Nauru."
"flags-hard-29","World Flags","Hard","Which country does this flag represent?","flag-np","Nepal","Lesotho","Poland","Tonga","Nepal","This is the national flag of Nepal."
"flags-hard-3","World Flags","Hard","Which country does this flag represent?","flag-kn","Marshall Islands","Saint Kitts and Nevis","Samoa","Sint Maarten (Dutch part)","Saint Kitts and Nevis","This is the national flag of Saint Kitts and Nevis."
"flags-hard-30","World Flags","Hard","Which country does this flag represent?","flag-nz","Pitcairn","Tunisia","New Zealand","Liberia","New Zealand","This is the national flag of New Zealand."
"flags-hard-31","World Flags","Hard","Which country does this flag represent?","flag-ng","Thailand","Panama","Liechtenstein","Nigeria","Nigeria","This is the national flag of Nigeria."
"flags-hard-32","World Flags","Hard","Which country does this flag represent?","flag-nf","Peru","Tokelau","Norfolk Island","Sri Lanka","Norfolk Island","This is the national flag of Norfolk Island."
"flags-hard-33","World Flags","Hard","Which country does this flag represent?","flag-ne","Lao People's Democratic Republic","Niger","Tajikistan","Papua New Guinea","Niger","This is the national flag of Niger."
"flags-hard-34","World Flags","Hard","Which country does this flag represent?","flag-nc","Zimbabwe","French Polynesia","Saint Lucia","New Caledonia","New Caledonia","This is the national flag of New Caledonia."
"flags-hard-35","World Flags","Hard","Which country does this flag represent?","flag-na","Lebanon","Namibia","Zambia","Paraguay","Namibia","This is the national flag of Namibia."
"flags-hard-36","World Flags","Hard","Which country does this flag represent?","flag-no","South Africa","Palestine, State of","Suriname","Norway","Norway","This is the national flag of Norway."
"flags-hard-37","World Flags","Hard","Which country does this flag represent?","flag-nl","Netherlands","South Sudan","Puerto Rico","Yemen","Netherlands","This is the national flag of Netherlands."
"flags-hard-38","World Flags","Hard","Which country does this flag represent?","flag-ni","Sao Tome and Principe","Nicaragua","Mayotte","Portugal","Nicaragua","This is the national flag of Nicaragua."
"flags-hard-39","World Flags","Hard","Which country does this flag represent?","flag-mk","Palau","Canada","North Macedonia","El Salvador","North Macedonia","This is the national flag of North Macedonia."
"flags-hard-4","World Flags","Hard","Which country does this flag represent?","flag-ke","Syrian Arab Republic","Wallis and Futuna","Kenya","Mongolia","Kenya","This is the national flag of Kenya."
"flags-hard-40","World Flags","Hard","Which country does this flag represent?","flag-mh","Sint Maarten (Dutch part)","Marshall Islands","Cocos (Keeling) Islands","Samoa","Marshall Islands","This is the national flag of Marshall Islands."
"flags-hard-41","World Flags","Hard","Which country does this flag represent?","flag-mn","Congo, The Democratic Republic of the","Wallis and Futuna","Syrian Arab Republic","Mongolia","Mongolia","This is the national flag of Mongolia."
"flags-hard-42","World Flags","Hard","Which country does this flag represent?","flag-mo","Viet Nam","Central African Republic","Macao","Eswatini","Macao","This is the national flag of Macao."
"flags-hard-43","World Flags","Hard","Which country does this flag represent?","flag-ml","Saudi Arabia","Mali","Congo","Virgin Islands, U.S.","Mali","This is the national flag of Mali."
"flags-hard-44","World Flags","Hard","Which country does this flag represent?","flag-mm","Myanmar","Solomon Islands","Virgin Islands, British","Switzerland","Myanmar","This is the national flag of Myanmar."
"flags-hard-45","World Flags","Hard","Which country does this flag represent?","flag-mc","Venezuela, Bolivarian Republic of","Côte d'Ivoire","Monaco","Seychelles","Monaco","This is the national flag of Monaco."
"flags-hard-46","World Flags","Hard","Which country does this flag represent?","flag-ma","Morocco","Sudan","Saint Vincent and the Grenadines","Cook Islands","Morocco","This is the national flag of Morocco."
"flags-hard-47","World Flags","Hard","Which country does this flag represent?","flag-mf","Chile","Holy See (Vatican City State)","Sweden","Saint Martin (French part)","Saint Martin (French part)","This is the national flag of Saint Martin (French part)."
"flags-hard-48","World Flags","Hard","Which country does this flag represent?","flag-mg","Vanuatu","Cameroon","Madagascar","Singapore","Madagascar","This is the national flag of Madagascar."
"flags-hard-49","World Flags","Hard","Which country does this flag represent?","flag-md","Saint Helena, Ascension and Tristan da Cunha","Moldova, Republic of","China","Ukraine","Moldova, Republic of","This is the national flag of Moldova, Republic of."
"flags-hard-5","World Flags","Hard","Which country does this flag represent?","flag-kg","Kyrgyzstan","Macao","Eswatini","Viet Nam","Kyrgyzstan","This is the national flag of Kyrgyzstan."
"flags-hard-50","World Flags","Hard","Which country does this flag represent?","flag-me","Montenegro","Slovenia","Uganda","Colombia","Montenegro","This is the national flag of Montenegro."
"flags-hard-6","World Flags","Hard","Which country does this flag represent?","flag-jo","Virgin Islands, U.S.","Saudi Arabia","Mali","Jordan","Jordan","This is the national flag of Jordan."
"flags-hard-7","World Flags","Hard","Which country does this flag represent?","flag-jm","Myanmar","Jamaica","Virgin Islands, British","Solomon Islands","Jamaica","This is the national flag of Jamaica."
"flags-hard-8","World Flags","Hard","Which country does this flag represent?","flag-je","Monaco","Jersey","Venezuela, Bolivarian Republic of","Seychelles","Jersey","This is the national flag of Jersey."
"flags-hard-9","World Flags","Hard","Which country does this flag represent?","flag-jp","Japan","Morocco","Sudan","Saint Vincent and the Grenadines","Japan","This is the national flag of Japan."
"flags-medium-1","World Flags","Medium","Which country does this flag represent?","flag-au","Australia","Western Sahara","Honduras","Libya","Australia","This is the national flag of Australia."
"flags-medium-10","World Flags","Medium","Which country does this flag represent?","flag-gh","Saint Lucia","New Caledonia","Korea, Democratic People's Republic of","Ghana","Ghana","This is the national flag of Ghana."
"flags-medium-11","World Flags","Medium","Which country does this flag represent?","flag-gi","Namibia","Lebanon","Gibraltar","Korea, Republic of","Gibraltar","This is the national flag of Gibraltar."
"flags-medium-12","World Flags","Medium","Which country does this flag represent?","flag-gd","Suriname","Norway","Kuwait","Grenada","Grenada","This is the national flag of Grenada."
"flags-medium-13","World Flags","Medium","Which country does this flag represent?","flag-ge","Netherlands","South Sudan","Georgia","Cambodia","Georgia","This is the national flag of Georgia."
"flags-medium-14","World Flags","Medium","Which country does this flag represent?","flag-gf","Kiribati","French Guiana","Sao Tome and Principe","Nicaragua","French Guiana","This is the national flag of French Guiana."
"flags-medium-15","World Flags","Medium","Which country does this flag represent?","flag-gg","Guernsey","Comoros","North Macedonia","El Salvador","Guernsey","This is the national flag of Guernsey."
"flags-medium-16","World Flags","Medium","Which country does this flag represent?","flag-ga","Marshall Islands","Sint Maarten (Dutch part)","Gabon","Saint Kitts and Nevis","Gabon","This is the national flag of Gabon."
"flags-medium-17","World Flags","Medium","Which country does this flag represent?","flag-gb","Kenya","United Kingdom","Syrian Arab Republic","Mongolia","United Kingdom","This is the national flag of United Kingdom."
"flags-medium-18","World Flags","Medium","Which country does this flag represent?","flag-gy","Macao","Eswatini","Guyana","Kyrgyzstan","Guyana","This is the national flag of Guyana."
"flags-medium-19","World Flags","Medium","Which country does this flag represent?","flag-gt","Saudi Arabia","Mali","Jordan","Guatemala","Guatemala","This is the national flag of Guatemala."
"flags-medium-2","World Flags","Medium","Which country does this flag represent?","flag-ar","Luxembourg","Oman","Germany","Argentina","Argentina","This is the national flag of Argentina."
"flags-medium-20","World Flags","Medium","Which country does this flag represent?","flag-gu","Myanmar","Solomon Islands","Guam","Jamaica","Guam","This is the national flag of Guam."
"flags-medium-21","World Flags","Medium","Which country does this flag represent?","flag-gw","Guinea-Bissau","Jersey","Monaco","Seychelles","Guinea-Bissau","This is the national flag of Guinea-Bissau."
"flags-medium-22","World Flags","Medium","Which country does this flag represent?","flag-gp","Sudan","Morocco","Japan","Guadeloupe","Guadeloupe","This is the national flag of Guadeloupe."
"flags-medium-23","World Flags","Medium","Which country does this flag represent?","flag-gq","Saint Martin (French part)","Sweden","Equatorial Guinea","Italy","Equatorial Guinea","This is the national flag of Equatorial Guinea."
"flags-medium-24","World Flags","Medium","Which country does this flag represent?","flag-gr","Iran, Islamic Republic of","Greece","Singapore","Madagascar","Greece","This is the national flag of Greece."
"flags-medium-25","World Flags","Medium","Which country does this flag represent?","flag-gs","South Georgia and the South Sandwich Islands","Iceland","Moldova, Republic of","Saint Helena, Ascension and Tristan da Cunha","South Georgia and the South Sandwich Islands","This is the national flag of South Georgia and the South Sandwich Islands."
"flags-medium-26","World Flags","Medium","Which country does this flag represent?","flag-fr","Montenegro","Slovenia","France","Iraq","France","This is the national flag of France."
"flags-medium-27","World Flags","Medium","Which country does this flag represent?","flag-fo","Svalbard and Jan Mayen","Mozambique","India","Faroe Islands","Faroe Islands","This is the national flag of Faroe Islands."
"flags-medium-28","World Flags","Medium","Which country does this flag represent?","flag-fm","British Indian Ocean Territory","Micronesia, Federated States of","Slovakia","Mexico","Micronesia, Federated States of","This is the national flag of Micronesia, Federated States of."
"flags-medium-29","World Flags","Medium","Which country does this flag represent?","flag-fk","Sierra Leone","Malaysia","Israel","Falkland Islands (Malvinas)","Falkland Islands (Malvinas)","This is the national flag of Falkland Islands (Malvinas)."
"flags-medium-3","World Flags","Medium","Which country does this flag represent?","flag-as","Niue","Lithuania","American Samoa","Dominica","American Samoa","This is the national flag of American Samoa."
"flags-medium-30","World Flags","Medium","Which country does this flag represent?","flag-fj","Mauritania","San Marino","Fiji","Isle of Man","Fiji","This is the national flag of Fiji."
"flags-medium-31","World Flags","Medium","Which country does this flag represent?","flag-fi","Indonesia","Finland","Senegal","Montserrat","Finland","This is the national flag of Finland."
"flags-medium-32","World Flags","Medium","Which country does this flag represent?","flag-er","Somalia","Northern Mariana Islands","Ireland","Eritrea","Eritrea","This is the national flag of Eritrea."
"flags-medium-33","World Flags","Medium","Which country does this flag represent?","flag-es","Martinique","Réunion","Spain","Croatia","Spain","This is the national flag of Spain."
"flags-medium-34","World Flags","Medium","Which country does this flag represent?","flag-et","Hungary","Ethiopia","Romania","Maldives","Ethiopia","This is the national flag of Ethiopia."
"flags-medium-35","World Flags","Medium","Which country does this flag represent?","flag-ec","Malawi","Serbia","Ecuador","Haiti","Ecuador","This is the national flag of Ecuador."
"flags-medium-36","World Flags","Medium","Which country does this flag represent?","flag-eg","Malta","Rwanda","Egypt","Hong Kong","Egypt","This is the national flag of Egypt."
"flags-medium-37","World Flags","Medium","Which country does this flag represent?","flag-ee","Estonia","Heard Island and McDonald Islands","Mauritius","Russian Federation","Estonia","This is the national flag of Estonia."
"flags-medium-38","World Flags","Medium","Which country does this flag represent?","flag-eh","Honduras","Western Sahara","Qatar","Libya","Western Sahara","This is the national flag of Western Sahara."
"flags-medium-39","World Flags","Medium","Which country does this flag represent?","flag-de","Philippines","Luxembourg","Oman","Germany","Germany","This is the national flag of Germany."
"flags-medium-4","World Flags","Medium","Which country does this flag represent?","flag-aq","Antarctica","Dominican Republic","Nauru","Latvia","Antarctica","This is the national flag of Antarctica."
"flags-medium-40","World Flags","Medium","Which country does this flag represent?","flag-dm","Pakistan","Lithuania","Niue","Dominica","Dominica","This is the national flag of Dominica."
"flags-medium-41","World Flags","Medium","Which country does this flag represent?","flag-do","Nauru","Dominican Republic","Saint Pierre and Miquelon","Latvia","Dominican Republic","This is the national flag of Dominican Republic."
"flags-medium-42","World Flags","Medium","Which country does this flag represent?","flag-dk","Nepal","Denmark","Poland","Lesotho","Denmark","This is the national flag of Denmark."
"flags-medium-43","World Flags","Medium","Which country does this flag represent?","flag-dj","Djibouti","New Zealand","Liberia","Pitcairn","Djibouti","This is the national flag of Djibouti."
"flags-medium-44","World Flags","Medium","Which country does this flag represent?","flag-dz","Algeria","Nigeria","Liechtenstein","Panama","Algeria","This is the national flag of Algeria."
"flags-medium-45","World Flags","Medium","Which country does this flag represent?","flag-ky","Sri Lanka","Peru","Cayman Islands","Norfolk Island","Cayman Islands","This is the national flag of Cayman Islands."
"flags-medium-46","World Flags","Medium","Which country does this flag represent?","flag-kz","Niger","Kazakhstan","Papua New Guinea","Lao People's Democratic Republic","Kazakhstan","This is the national flag of Kazakhstan."
"flags-medium-47","World Flags","Medium","Which country does this flag represent?","flag-kp","French Polynesia","Saint Lucia","New Caledonia","Korea, Democratic People's Republic of","Korea, Democratic People's Republic of","This is the national flag of Korea, Democratic People's Republic of."
"flags-medium-48","World Flags","Medium","Which country does this flag represent?","flag-kr","Namibia","Korea, Republic of","Paraguay","Lebanon","Korea, Republic of","This is the national flag of Korea, Republic of."
"flags-medium-49","World Flags","Medium","Which country does this flag represent?","flag-kw","Kuwait","Norway","Suriname","Palestine, State of","Kuwait","This is the national flag of Kuwait."
"flags-medium-5","World Flags","Medium","Which country does this flag represent?","flag-az","Lesotho","Nepal","Denmark","Azerbaijan","Azerbaijan","This is the national flag of Azerbaijan."
"flags-medium-50","World Flags","Medium","Which country does this flag represent?","flag-kh","Puerto Rico","South Sudan","Netherlands","Cambodia","Cambodia","This is the national flag of Cambodia."
"flags-medium-6","World Flags","Medium","Which country does this flag represent?","flag-ax","Djibouti","Åland Islands","Liberia","New Zealand","Åland Islands","This is the national flag of Åland Islands."
"flags-medium-7","World Flags","Medium","Which country does this flag represent?","flag-gl","Liechtenstein","Nigeria","Algeria","Greenland","Greenland","This is the national flag of Greenland."
"flags-medium-8","World Flags","Medium","Which country does this flag represent?","flag-gm","Norfolk Island","Sri Lanka","Gambia","Cayman Islands","Gambia","This is the national flag of Gambia."
"flags-medium-9","World Flags","Medium","Which country does this flag represent?","flag-gn","Kazakhstan","Guinea","Lao People's Democratic Republic","Niger","Guinea","This is the national flag of Guinea."
